event_id,review_id,date_original,date_parsed,year,month,latitude,longitude,district,source_pdf,source_page,source_excerpt,date_status
GSI-BA9D54E4B021,GSI-REVIEW-000917,,,,,23.333984,92.781878,Aizawl,landslide_report.pdf,540,"Slide number: MZ/SER/84A15/2016/124 | State: Mizoram | District: Aizawl | Location: About 4.2km Northwest of Sailam Bazar, SH-Aizawl- Thenzawl-Lunglei Road | Latitude: 23.333984 | Longitude: 92.781878 | Material: Debris | Movement: Slide | History: 2016",missing_date
GSI-1F4718011E48,GSI-REVIEW-000928,,,,,23.349857,92.780208,Aizawl,landslide_report.pdf,540,"Slide number: MZ/SER/84A15/2016/123 | State: Mizoram | District: Aizawl | Location: About 15.7km North of Thenzawl, SH-Aizawl-Thenzawl- Lunglei Road | Latitude: 23.349857 | Longitude: 92.780208 | Material: Rock | Movement: Slide | History: 2015",missing_date
GSI-4C29247564BE,GSI-REVIEW-000931,,,,,23.351772,92.781701,Aizawl,landslide_report.pdf,540,"Slide number: MZ/SER/84A15/2016/122 | State: Mizoram | District: Aizawl | Location: 16km Milestone, SH-Aizawl- Thenzawl-Lunglei Road | Latitude: 23.351772 | Longitude: 92.781701 | Material: Rock | Movement: Slide | History: 2015",missing_date
GSI-60D808B3D1FF,GSI-REVIEW-000933,,,,,23.353803,92.794306,Aizawl,landslide_report.pdf,540,"Slide number: MZ/SER/84A15/2016/112 | State: Mizoram | District: Aizawl | Location: Sailam, PMGSY Sialsuk-Sailam Road | Latitude: 23.353803 | Longitude: 92.794306 | Material: Debris | Movement: Slide | History: 2016",missing_date
GSI-DCB0465A9029,GSI-REVIEW-000978,,,,,23.393332,92.758148,Aizawl,landslide_report.pdf,541,"Slide number: MZ/AIZ/84A11/2016/111 | State: Mizoram | District: Aizawl | Location: About 500m of Sialsuk Junction towards Thenzawl, SH-Aizawl- Thenzawl-Lunglei Road | Latitude: 23.393332 | Longitude: 92.758148 | Material: Rock | Movement: Slide | History: 2016",missing_date
GSI-923B53752F0B,GSI-REVIEW-000986,,,,,23.397126,92.757203,Aizawl,landslide_report.pdf,542,"Slide number: MZ/AIZ/84A11/2016/110 | State: Mizoram | District: Aizawl | Location: About 800m of Sialsuk Junction towards Thenzawl, SH-Aizawl- Thenzawl-Lunglei Road | Latitude: 23.397126 | Longitude: 92.757203 | Material: Rock | Movement: Slide | History: 2016",missing_date
GSI-81F0EC93716A,GSI-REVIEW-000992,,,,,23.40178,92.750005,Aizawl,landslide_report.pdf,542,"Slide number: MZ/AIZ/84A11/2016/109 | State: Mizoram | District: Aizawl | Location: At 2km Mile Stone, North of Sialsuk, SH-Aizawl-Thenzawl- Lunglei Road | Latitude: 23.40178 | Longitude: 92.750005 | Material: Rock | Movement: Slide | History: 2016",missing_date
GSI-8CF04A0C1473,GSI-REVIEW-000993,,,,,23.403402,92.750288,Aizawl,landslide_report.pdf,542,"Slide number: MZ/AIZ/84A11/2016/108 | State: Mizoram | District: Aizawl | Location: About 2km North of Sialsuk near Two Sister Highway Hotel, SH-Aizawl-Thenzawl-Lunglei Road | Latitude: 23.403402 | Longitude: 92.750288 | Material: Rock | Movement: Slide | History: 2016",missing_date
GSI-BE3339520D0D,GSI-REVIEW-000998,08-09-2007,,,,23.406389,92.75325,Aizawl,landslide_report.pdf,542,Slide number: MIZO/AIZ/84A10/2007/E-1 | State: Mizoram | District: Aizawl | Slide name: Zembawk slide | Latitude: 23.406389 | Longitude: 92.75325 | Material: Debris | Movement: Slide | History: 08.09.2007 at night,ambiguous_date
GSI-2127A7822D24,GSI-REVIEW-001001,,,,,23.409674,92.750935,Aizawl,landslide_report.pdf,542,"Slide number: MZ/AIZ/84A11/2016/97 | State: Mizoram | District: Aizawl | Location: North of Sialsuk, SH-Sialsuk- Samlukhai-Damdia Road | Latitude: 23.409674 | Longitude: 92.750935 | Material: Rock | Movement: Slide | History: 2016",missing_date
GSI-D751EE19EECF,GSI-REVIEW-001003,,,,,23.411146,92.752193,Aizawl,landslide_report.pdf,542,"Slide number: MZ/AIZ/84A11/2016/98 | State: Mizoram | District: Aizawl | Location: North of Sialsuk, SH-Sialsuk- Samlukhai-Damdia Road | Latitude: 23.411146 | Longitude: 92.752193 | Material: Debris | Movement: Slide | History: 2016",missing_date
GSI-5C9D58B5D63F,GSI-REVIEW-001006,,,,,23.412046,92.750099,Aizawl,landslide_report.pdf,542,"Slide number: MZ/AIZ/84A11/2016/99 | State: Mizoram | District: Aizawl | Location: west of Samlukhai, SH-Sialsuk- Samlukhai-Damdia Road | Latitude: 23.412046 | Longitude: 92.750099 | Material: Rock | Movement: Slide | History: 2016",missing_date
GSI-AB5771C46CC9,GSI-REVIEW-001008,,,,,23.412879,92.75401,Aizawl,landslide_report.pdf,543,"Slide number: MZ/AIZ/84A11/2016/107 | State: Mizoram | District: Aizawl | Location: About 4.5Km North of Sialsuk,SH-Aizawl-Thenzawl- Lunglei Road | Latitude: 23.412879 | Longitude: 92.75401 | Material: Rock | Movement: Slide | History: 2016",missing_date
GSI-8AA2E35062AE,GSI-REVIEW-001009,,,,,23.413501,92.725781,Aizawl,landslide_report.pdf,543,"Slide number: MZ/AIZ/84A11/2016/96 | State: Mizoram | District: Aizawl | Location: About 200m West of Smalukhai, SH-Sialsuk-Samlukhai-Damdia Road | Latitude: 23.413501 | Longitude: 92.725781 | Material: Debris | Movement: Slide | History: 2016",missing_date
GSI-0D8069EB520C,GSI-REVIEW-001011,,,,,23.415165,92.722199,Aizawl,landslide_report.pdf,543,"Slide number: MZ/AIZ/84A11/2016/95 | State: Mizoram | District: Aizawl | Location: About 800m Northwest of Samlukhai, SH-Sialsuk- Samlukhai-Damdia Road | Latitude: 23.415165 | Longitude: 92.722199 | Material: Rock | Movement: Slide | History: 2016",missing_date
GSI-DD98032FC44A,GSI-REVIEW-001012,,,,,23.417482,92.770557,Aizawl,landslide_report.pdf,543,"Slide number: MZ/AIZ/84A11/2016/106 | State: Mizoram | District: Aizawl | Location: South of Chamring, about 7.5km North of Sialsuk, SH- Aizawl-Thenzawl-Lunglei Road | Latitude: 23.417482 | Longitude: 92.770557 | Material: Rock | Movement: Slide | History: 2016",missing_date
GSI-6D5876D96C8F,GSI-REVIEW-001016,,,,,23.421903,92.715601,Aizawl,landslide_report.pdf,543,"Slide number: MZ/AIZ/84A11/2016/94 | State: Mizoram | District: Aizawl | Location: About 2.3 km Northwest of Samlukhai, SH-Sialsuk- Samlukhai-Damdia Road | Latitude: 23.421903 | Longitude: 92.715601 | Material: Rock | Movement: Slide | History: 2016",missing_date
GSI-0BC4587B638D,GSI-REVIEW-001018,,,,,23.423348,92.715571,Aizawl,landslide_report.pdf,543,"Slide number: MZ/AIZ/84A11/2016/93 | State: Mizoram | District: Aizawl | Location: About 2.5 km Northwest of Samlukhai, SH-Sialsuk- Samlukhai-Damdia Road | Latitude: 23.423348 | Longitude: 92.715571 | Material: Debris | Movement: Slide | History: 2016",missing_date
GSI-68686D5543A5,GSI-REVIEW-001022,,,,,23.425424,92.716106,Aizawl,landslide_report.pdf,543,"Slide number: MZ/AIZ/84A11/2016/92 | State: Mizoram | District: Aizawl | Location: About 3 km Northwest of Samlukhai, SH-Sialsuk- Samlukhai-Damdia Road | Latitude: 23.425424 | Longitude: 92.716106 | Material: Debris | Movement: Slide | History: 2016",missing_date
GSI-9CA0B4EBF786,GSI-REVIEW-001026,,,,,23.427681,92.714959,Aizawl,landslide_report.pdf,543,"Slide number: MZ/AIZ/84A11/2016/91 | State: Mizoram | District: Aizawl | Location: About 4 km Northwest of Samlukhai, SH-Sialsuk- Samlukhai-Damdia Road | Latitude: 23.427681 | Longitude: 92.714959 | Material: Debris | Movement: Slide | History: 2016",missing_date
GSI-C62E0462EBAB,GSI-REVIEW-001039,,,,,23.439894,92.702301,Aizawl,landslide_report.pdf,544,"Slide number: MZ/AIZ/84A11/2016/101 | State: Mizoram | District: Aizawl | Location: Southeast of Lungsai village, SH- Sialsuk-Samlukhai-Damdia Road | Latitude: 23.439894 | Longitude: 92.702301 | Material: Debris | Movement: Slide | History: 2016",missing_date
GSI-908286E9B503,GSI-REVIEW-001040,,,,,23.440648,92.703726,Aizawl,landslide_report.pdf,544,"Slide number: MZ/AIZ/84A11/2016/100 | State: Mizoram | District: Aizawl | Location: About 3km Southeast of Lungsai village, SH-Sialsuk-Samlukhai- Damdia Road | Latitude: 23.440648 | Longitude: 92.703726 | Material: Rock | Movement: Slide | History: 2016",missing_date
GSI-A6B8AF0C634B,GSI-REVIEW-001046,,,,,23.442296,92.695903,Aizawl,landslide_report.pdf,544,"Slide number: MZ/AIZ/84A11/2016/102 | State: Mizoram | District: Aizawl | Location: About 15km south of Damdia, SH-Sialsuk-Samlukhai-Damdia Road | Latitude: 23.442296 | Longitude: 92.695903 | Material: Debris | Movement: Slide | History: 2016",missing_date
GSI-80B7699E3C55,GSI-REVIEW-001088,,,,,23.460697,92.747293,Aizawl,landslide_report.pdf,546,"Slide number: MZ/SER/84A11/2017/152 | State: Mizoram | District: Aizawl | Location: About 900m Northwest of Hmuifan, SH-Aizawl-Thenzawl- Lunglei Road | Latitude: 23.460697 | Longitude: 92.747293 | Material: Rock | Movement: Slide | History: 2016",missing_date
GSI-2A5387673BBB,GSI-REVIEW-001102,,,,,23.463981,92.736875,Aizawl,landslide_report.pdf,547,"Slide number: MZ/SER/84A11/2017/147 | State: Mizoram | District: Aizawl | Location: 2km Southwest of Samsuih, SH- Aizawl-Thenzawl-Lunglei Road | Latitude: 23.463981 | Longitude: 92.736875 | Material: Rock | Movement: Slide | History: 2016",missing_date
GSI-095C77704642,GSI-REVIEW-001103,,,,,23.464206,92.737583,Aizawl,landslide_report.pdf,547,"Slide number: MZ/SER/84A11/2017/148 | State: Mizoram | District: Aizawl | Location: 1.5km Southwest of Samsuih, SH-Aizawl-Thenzawl-Lunglei Road | Latitude: 23.464206 | Longitude: 92.737583 | Material: Rock | Movement: Slide | History: NA",missing_date
GSI-19BF18ED9ED9,GSI-REVIEW-001109,,,,,23.467262,92.740634,Aizawl,landslide_report.pdf,547,"Slide number: MZ/SER/84A11/2017/149 | State: Mizoram | District: Aizawl | Location: 1.2km Southeast of Samsuih, SH- Aizawl-Thenzawl-Lunglei Road | Latitude: 23.467262 | Longitude: 92.740634 | Material: Rock | Movement: Fall | History: NA",missing_date
GSI-D12229AE96B6,GSI-REVIEW-001120,,,,,23.470109,92.740615,Aizawl,landslide_report.pdf,547,"Slide number: MZ/SER/84A11/2017/150 | State: Mizoram | District: Aizawl | Location: Near the viewpoint, about 150m Southwest of Samsiuh village, SH-Aizawl-Thenzawl- Lunglei Road | Latitude: 23.470109 | Longitude: 92.740615 | Material: Rock | Movement: Slide | History: NA",missing_date
GSI-83D3DF07FE02,GSI-REVIEW-001122,,,,,23.470198,92.693264,Aizawl,landslide_report.pdf,547,"Slide number: MZ/AIZ/84A11/2016/103 | State: Mizoram | District: Aizawl | Location: Near 11km Mile Stone, SH- Sialsuk-Samlukhai-Damdia Road | Latitude: 23.470198 | Longitude: 92.693264 | Material: Rock | Movement: Slide | History: 2016",missing_date
GSI-B14464538A1F,GSI-REVIEW-001126,,,,,23.470794,92.741413,Aizawl,landslide_report.pdf,548,"Slide number: MZ/SER/84A11/2017/151 | State: Mizoram | District: Aizawl | Location: About 100m west if Sumsuih, SH-Aizawl-Thenzawl-Lunglei Road | Latitude: 23.470794 | Longitude: 92.741413 | Material: Rock | Movement: Slide | History: 2016",missing_date
GSI-57ACB24F3EA6,GSI-REVIEW-001128,,,,,23.470964,92.692902,Aizawl,landslide_report.pdf,548,"Slide number: MZ/AIZ/84A11/2016/104 | State: Mizoram | District: Aizawl | Location: About 10.5km South of Damdia, SH-Sialsuk-Samlukhai-Damdia Road | Latitude: 23.470964 | Longitude: 92.692902 | Material: Rock | Movement: Slide | History: 2016",missing_date
GSI-880D1E87B2E1,GSI-REVIEW-001147,,,,,23.476702,92.705854,Aizawl,landslide_report.pdf,548,"Slide number: MZ/SER/84A11/2017/146 | State: Mizoram | District: Aizawl | Location: About 1.5km Northwest of Thiak, SH-Aizawl-Thenzawl- Lunglei Road | Latitude: 23.476702 | Longitude: 92.705854 | Material: Rock | Movement: Slide | History: NA",missing_date
GSI-C89A39CFEDF1,GSI-REVIEW-001171,,,,,23.491004,92.696873,Aizawl,landslide_report.pdf,549,Slide number: MZ/AIZ/84A11/2016/105 | State: Mizoram | District: Aizawl | Location: About 1km West of Maubuang along Samlukhai- Damdia road | Latitude: 23.491004 | Longitude: 92.696873 | Material: Rock | Movement: Slide | History: 2016,missing_date
GSI-EFEDF1D3C086,GSI-REVIEW-001172,,,,,23.491497,92.705503,Aizawl,landslide_report.pdf,549,"Slide number: MZ/SER/84A11/2017/145 | State: Mizoram | District: Aizawl | Location: About 900m South of Oil India Drilling site, North Lungsai, SH- Aizawl-Thenzawl-Lunglei Road | Latitude: 23.491497 | Longitude: 92.705503 | Material: Rock | Movement: Slide | History: 2016",missing_date
GSI-118EE2005BF2,GSI-REVIEW-001178,,,,,23.498881,92.703251,Aizawl,landslide_report.pdf,549,"Slide number: MZ/SER/84A11/2017/143 | State: Mizoram | District: Aizawl | Location: About 200m South of Tropic of cancer, North Lungsai, SH- Aizawl-Thenzawl-Lunglei Road | Latitude: 23.498881 | Longitude: 92.703251 | Material: Rock | Movement: Slide | History: 2016",missing_date
GSI-F8680F90DD33,GSI-REVIEW-001180,,,,,23.49901,92.702759,Aizawl,landslide_report.pdf,550,"Slide number: MZ/SER/84A11/2017/144 | State: Mizoram | District: Aizawl | Location: About 200m South of Tropic of cancer, North Lungsai, SH- Aizawl-Thenzawl-Lunglei Road | Latitude: 23.49901 | Longitude: 92.702759 | Material: Rock | Movement: Slide | History: 2016",missing_date
GSI-D9FDA01AD703,GSI-REVIEW-001181,,,,,23.499418,92.905021,Aizawl,landslide_report.pdf,550,"Slide number: MZ/AIZ/84A15/2016/55 | State: Mizoram | District: Aizawl | Location: Hualthu Near the Foundation Stone (MPLADS) by CL Raula, PMGSY Chhingchhip-Hualto Road | Latitude: 23.499418 | Longitude: 92.905021 | Material: Debris | Movement: Slide | History: 2017",missing_date
GSI-72424542AB6E,GSI-REVIEW-001187,,,,,23.50994,92.76861,Aizawl,landslide_report.pdf,550,"Slide number: MZ/AIZ/84A10/2014/08 | State: Mizoram | District: Aizawl | Slide name: Variengte | Location: NH 54, Near check post of Assam - Mizoram border | Latitude: 23.50994 | Longitude: 92.76861 | Material: Rock | Movement: Slide | History: NA",missing_date
GSI-C660FBEFA5A4,GSI-REVIEW-001199,,,,,23.535189,92.846042,Aizawl,landslide_report.pdf,550,"Slide number: MZ/AIZ/84A14/2015/61 | State: Mizoram | District: Aizawl | Location: 500m South of Baktwang village, NH 54 | Latitude: 23.535189 | Longitude: 92.846042 | Material: Debris | Movement: Slide | History: NA",missing_date
GSI-505CEC1FE96E,GSI-REVIEW-001219,,,,,23.566631,92.876781,Aizawl,landslide_report.pdf,551,"Slide number: MZ/AIZ/84A14/2015/60 | State: Mizoram | District: Aizawl | Location: Tlungvel, On Turini lui near cultivation area | Latitude: 23.566631 | Longitude: 92.876781 | Material: Debris | Movement: Slide | History: NA",missing_date
GSI-9C573D504FA0,GSI-REVIEW-001251,,,,,23.604611,92.726417,Aizawl,landslide_report.pdf,552,Slide number: MZ/AIZ/84A10/2015/72 | State: Mizoram | District: Aizawl | Location: Near Kumthung junction in Aizawl-lunglei road | Latitude: 23.604611 | Longitude: 92.726417 | Material: Debris | Movement: Slide | History: NA,missing_date
GSI-0776B34F74F7,GSI-REVIEW-001256,,,,,23.607347,92.879114,Aizawl,landslide_report.pdf,552,"Slide number: MZ/AIZ/84A14/2015/78 | State: Mizoram | District: Aizawl | Location: East of Tlungvel, about 3km along the foot tracks | Latitude: 23.607347 | Longitude: 92.879114 | Material: Debris | Movement: Slide | History: NA",missing_date
GSI-9B21A8DE2BC1,GSI-REVIEW-001260,,,,,23.608306,92.850583,Aizawl,landslide_report.pdf,552,Slide number: MZ/AZL/84A10/2016/01 | State: Mizoram | District: Aizawl | Slide name: Tlungvel slide | Location: Tlungvel-Seling main road | Latitude: 23.608306 | Longitude: 92.850583 | Material: Earth | Movement: Slide | History: 2016,missing_date
GSI-730D0DE4D756,GSI-REVIEW-001263,,,,,23.610611,92.977722,Aizawl,landslide_report.pdf,552,Slide number: MZ/AIZ/84A14/2015/103 | State: Mizoram | District: Aizawl | Location: Mualpheng village area on Ruallung-Mualpheng road | Latitude: 23.610611 | Longitude: 92.977722 | Material: Rock | Movement: Slide | History: NA,missing_date
GSI-367BA45C7053,GSI-REVIEW-001275,,,,,23.626194,92.962111,Aizawl,landslide_report.pdf,553,Slide number: MZ/AIZ/84A14/2015/100 | State: Mizoram | District: Aizawl | Location: Towards Lenchim from Mualpheng-Lenchim-Ruallung cross road | Latitude: 23.626194 | Longitude: 92.962111 | Material: Rock | Movement: Slide | History: NA,missing_date
GSI-AF01F8225C82,GSI-REVIEW-001290,,,,,23.639484,93.032189,Aizawl,landslide_report.pdf,554,Slide number: MZ/AIZ/84E02/2017/30 | State: Mizoram | District: Aizawl | Location: 13.5km S OF Dulte | Latitude: 23.639484 | Longitude: 93.032189 | Material: Debris | Movement: Slide | History: NA,missing_date
GSI-8AD0DD824AF7,GSI-REVIEW-001296,,,,,23.6445,92.990194,Aizawl,landslide_report.pdf,554,"Slide number: MZ/AIZ/84A14/2015/109 | State: Mizoram | District: Aizawl | Location: East of Ruallung village, on Ruallung-Mualpheng road | Latitude: 23.6445 | Longitude: 92.990194 | Material: Debris | Movement: Slide | History: NA",missing_date
GSI-85C1DD092DD7,GSI-REVIEW-001304,,,,,23.650925,93.030704,Aizawl,landslide_report.pdf,554,Slide number: MZ/AIZ/84E02/2017/32 | State: Mizoram | District: Aizawl | Location: 15km S of Dulte | Latitude: 23.650925 | Longitude: 93.030704 | Material: Debris | Movement: Slide | History: NA,missing_date
GSI-758F15BBB986,GSI-REVIEW-001305,,,,,23.652972,92.6985,Aizawl,landslide_report.pdf,554,"Slide number: MZ/AIZ/84A10/2015/193 | State: Mizoram | District: Aizawl | Location: 1km Southwest of Samtlang, N. Lungleng - Aizawl Rd | Latitude: 23.652972 | Longitude: 92.6985 | Material: Debris | Movement: Slide | History: NA",missing_date
GSI-97D8ACEF4EB3,GSI-REVIEW-001306,,,,,23.653812,93.029927,Aizawl,landslide_report.pdf,554,Slide number: MZ/AIZ/84E02/2017/37 | State: Mizoram | District: Aizawl | Location: 20.5km E of Keifang | Latitude: 23.653812 | Longitude: 93.029927 | Material: Debris | Movement: Slide | History: NA,missing_date
GSI-6749E96D52DF,GSI-REVIEW-001308,,,,,23.654361,92.932389,Aizawl,landslide_report.pdf,554,Slide number: MZ/AIZ/84A14/2015/113 | State: Mizoram | District: Aizawl | Location: About 17 Km from Seling on SH Seling-Keifang. | Latitude: 23.654361 | Longitude: 92.932389 | Material: Rock | Movement: Slide | History: NA,missing_date
GSI-93F9A29A6253,GSI-REVIEW-001309,,,,,23.654556,92.965056,Aizawl,landslide_report.pdf,554,Slide number: MZ/AIZ/84A14/2015/101 | State: Mizoram | District: Aizawl | Location: South of Keifang village on SH Keifang-Seling road. | Latitude: 23.654556 | Longitude: 92.965056 | Material: Debris | Movement: Slide | History: NA,missing_date
GSI-DB062E1497B9,GSI-REVIEW-001310,,,,,23.65475,92.690083,Aizawl,landslide_report.pdf,554,"Slide number: MZ/AIZ/84A10/2015/190 | State: Mizoram | District: Aizawl | Location: west of Samtlang, N. Lungleng - Aizawl Rd | Latitude: 23.65475 | Longitude: 92.690083 | Material: Rock | Movement: Slide | History: NA",missing_date
GSI-FA5F3EEA49F6,GSI-REVIEW-001311,,,,,23.655417,92.957167,Aizawl,landslide_report.pdf,554,"Slide number: MZ/AIZ/84A14/2015/102 | State: Mizoram | District: Aizawl | Location: NW of Lenchim village, Mualpheng-Lenchim Rd | Latitude: 23.655417 | Longitude: 92.957167 | Material: Debris | Movement: Slide | History: NA",missing_date
GSI-E01D3C3C6E35,GSI-REVIEW-001312,,,,,23.656556,92.964611,Aizawl,landslide_report.pdf,554,Slide number: MZ/AIZ/84A14/2015/104 | State: Mizoram | District: Aizawl | Location: About 3km South of Keifang village on SH Keifang-Seling road. | Latitude: 23.656556 | Longitude: 92.964611 | Material: Rock | Movement: Slide | History: NA,missing_date
GSI-001223EAD59F,GSI-REVIEW-001313,,,,,23.657,93.028012,Aizawl,landslide_report.pdf,554,Slide number: MZ/AIZ/84E02/2017/29 | State: Mizoram | District: Aizawl | Location: 8.6km E of Saitual | Latitude: 23.657 | Longitude: 93.028012 | Material: Rock | Movement: Slide | History: NA,missing_date
GSI-D86439B13898,GSI-REVIEW-001317,,,,,23.657278,92.704583,Aizawl,landslide_report.pdf,554,"Slide number: MZ/AIZ/84A10/2015/192 | State: Mizoram | District: Aizawl | Location: 2.5 km West of Samtlang, N.Lungleng - Aizawl Rd | Latitude: 23.657278 | Longitude: 92.704583 | Material: Debris | Movement: Slide | History: NA",missing_date
GSI-91619EEDAF15,GSI-REVIEW-001318,,,,,23.657444,92.963889,Aizawl,landslide_report.pdf,554,Slide number: MZ/AIZ/84A14/2015/105 | State: Mizoram | District: Aizawl | Location: 2.9 km south of Keifang village on SH Keifang-Seling road | Latitude: 23.657444 | Longitude: 92.963889 | Material: Rock | Movement: Slide | History: NA,missing_date
GSI-9FB0B3CFDE36,GSI-REVIEW-001320,,,,,23.658861,92.963722,Aizawl,landslide_report.pdf,555,Slide number: MZ/AIZ/84A14/2015/107 | State: Mizoram | District: Aizawl | Location: 1.9 km south of Keifang village on SH Keifang-Seling road near water reservoir | Latitude: 23.658861 | Longitude: 92.963722 | Material: Debris | Movement: Slide | History: NA,missing_date
GSI-F043A1401760,GSI-REVIEW-001321,,,,,23.658944,92.964056,Aizawl,landslide_report.pdf,555,Slide number: MZ/AIZ/84A14/2015/106 | State: Mizoram | District: Aizawl | Location: 2 km south of Keifang village on SH Keifang-Seling road near water reservoir | Latitude: 23.658944 | Longitude: 92.964056 | Material: Rock | Movement: Slide | History: NA,missing_date
GSI-973B21905451,GSI-REVIEW-001324,,,,,23.663354,93.023297,Aizawl,landslide_report.pdf,555,Slide number: MZ/AIZ/84E02/2017/31 | State: Mizoram | District: Aizawl | Slide name: Keifang Slide | Location: 20km E of Keifang | Latitude: 23.663354 | Longitude: 93.023297 | Material: Rock | Movement: Slide | History: 2017,missing_date
GSI-C271CB3A0501,GSI-REVIEW-001326,,,,,23.665806,92.969556,Aizawl,landslide_report.pdf,555,"Slide number: MZ/AIZ/84A14/2015/96 | State: Mizoram | District: Aizawl | Location: East of Keifang, SH- Keifang- Champhai road | Latitude: 23.665806 | Longitude: 92.969556 | Material: Rock | Movement: Slide | History: NA",missing_date
GSI-ED6684B1DE06,GSI-REVIEW-001327,,,,,23.665806,92.892639,Aizawl,landslide_report.pdf,555,Slide number: MZ/AIZ/84A14/2015/114 | State: Mizoram | District: Aizawl | Location: 16.5 Km from Seling aon SH Seling-Champhai rd | Latitude: 23.665806 | Longitude: 92.892639 | Material: Rock | Movement: Slide | History: NA,missing_date
GSI-48BE3636C2C1,GSI-REVIEW-001328,,,,,23.666361,92.975972,Aizawl,landslide_report.pdf,555,"Slide number: MZ/AIZ/84A14/2015/95 | State: Mizoram | District: Aizawl | Location: Keifang, SH- Keifang- Champhai road | Latitude: 23.666361 | Longitude: 92.975972 | Material: Debris | Movement: Slide | History: NA",missing_date
GSI-5BBB3BBC80E9,GSI-REVIEW-001330,,,,,23.666722,92.890889,Aizawl,landslide_report.pdf,555,Slide number: MZ/AIZ/84A14/2015/115 | State: Mizoram | District: Aizawl | Location: 16 Km stone (seling) on SH Keifang-Seling. | Latitude: 23.666722 | Longitude: 92.890889 | Material: Debris | Movement: Slide | History: NA,missing_date
GSI-6C848540B4CC,GSI-REVIEW-001331,,,,,23.667306,92.978028,Aizawl,landslide_report.pdf,555,"Slide number: MZ/AIZ/84A14/2015/93 | State: Mizoram | District: Aizawl | Location: Keifang, BRTF Quarry, SH- Keifang- Champhai road | Latitude: 23.667306 | Longitude: 92.978028 | Material: Rock | Movement: Slide | History: NA",missing_date
GSI-DA8F29D869CC,GSI-REVIEW-001332,,,,,23.667361,92.978,Aizawl,landslide_report.pdf,555,"Slide number: MZ/AIZ/84A14/2015/91 | State: Mizoram | District: Aizawl | Location: Keifang, SH- Keifang- Champhai road | Latitude: 23.667361 | Longitude: 92.978 | Material: Rock | Movement: Slide | History: NA",missing_date
GSI-5BEB5770E717,GSI-REVIEW-001333,,,,,23.667361,92.978,Aizawl,landslide_report.pdf,555,"Slide number: MZ/AIZ/84A14/2015/92 | State: Mizoram | District: Aizawl | Location: Keifang, quarry section on SH- Keifang- Champhai road | Latitude: 23.667361 | Longitude: 92.978 | Material: Rock | Movement: Slide | History: NA",missing_date
GSI-BD9A41ED0942,GSI-REVIEW-001334,,,,,23.669056,92.888889,Aizawl,landslide_report.pdf,555,"Slide number: MZ/AIZ/84A14/2015/112 | State: Mizoram | District: Aizawl | Location: About 1.500km South of Turini bridge, on SH Seling-Champhai rd | Latitude: 23.669056 | Longitude: 92.888889 | Material: Rock | Movement: Slide | History: NA",missing_date
GSI-72A6713071FB,GSI-REVIEW-001336,,,,,23.66958,93.02425,Aizawl,landslide_report.pdf,555,Slide number: MZ/AIZ/84E02/2017/38 | State: Mizoram | District: Aizawl | Location: 19.5 km E of keifang (kawlkulh road) | Latitude: 23.66958 | Longitude: 93.02425 | Material: Rock | Movement: Slide | History: NA,missing_date
GSI-38C5D9E6E913,GSI-REVIEW-001338,,,,,23.670389,92.964417,Aizawl,landslide_report.pdf,555,"Slide number: MZ/AIZ/84A14/2015/94 | State: Mizoram | District: Aizawl | Location: Keifang village, Play Ground, Saitual - Phullen Rd | Latitude: 23.670389 | Longitude: 92.964417 | Material: Rock | Movement: Slide | History: NA",missing_date
GSI-402CD2474265,GSI-REVIEW-001339,,,,,23.670556,92.728528,Aizawl,landslide_report.pdf,555,"Slide number: MZ/AIZ/84A10/2015/73 | State: Mizoram | District: Aizawl | Location: About 3km North of Hungohmun, SH-Aizawl - Lunglei road | Latitude: 23.670556 | Longitude: 92.728528 | Material: Rock | Movement: Slide | History: NA",missing_date
GSI-A4BB553376B4,GSI-REVIEW-001340,,,,,23.671,92.888333,Aizawl,landslide_report.pdf,555,"Slide number: MZ/AIZ/84A14/2015/111 | State: Mizoram | District: Aizawl | Location: Seling-Champhai SH about 1.3km South of Turini bridge, on SH Seling-Champhai rd | Latitude: 23.671 | Longitude: 92.888333 | Material: Debris | Movement: Slide | History: NA",missing_date
GSI-32B3742704E5,GSI-REVIEW-001346,,,,,23.675142,93.023551,Aizawl,landslide_report.pdf,556,Slide number: MZ/AIZ/84E02/2017/33 | State: Mizoram | District: Aizawl | Location: 18.5km E of Keifang (kawlkulh road) | Latitude: 23.675142 | Longitude: 93.023551 | Material: Debris | Movement: Slide | History: NA,missing_date
GSI-6B7AEBDD006A,GSI-REVIEW-001350,,,,,23.68054,93.020091,Aizawl,landslide_report.pdf,556,Slide number: MZ/AIZ/84E02/2017/34 | State: Mizoram | District: Aizawl | Location: 16.5 km E of Keifang (Kawlkulh road) | Latitude: 23.68054 | Longitude: 93.020091 | Material: Debris | Movement: Slide | History: NA,missing_date
GSI-5110706FCB01,GSI-REVIEW-001352,,,,,23.680931,92.859617,Aizawl,landslide_report.pdf,556,"Slide number: MZ/AIZ/84A14/2015/89 | State: Mizoram | District: Aizawl | Location: western slope of 1052 peak, S of Thingsultliah Hospital | Latitude: 23.680931 | Longitude: 92.859617 | Material: Debris | Movement: Slide | History: NA",missing_date
GSI-0FE4AD94752A,GSI-REVIEW-001353,,,,,23.681206,93.019927,Aizawl,landslide_report.pdf,556,Slide number: MZ/AIZ/84E02/2017/36 | State: Mizoram | District: Aizawl | Location: 14.5km E of Keifang (Kawlkulh road) | Latitude: 23.681206 | Longitude: 93.019927 | Material: Debris | Movement: Slide | History: NA,missing_date
GSI-C1DBBBDCAD44,GSI-REVIEW-001354,,,,,23.681531,92.718606,Aizawl,landslide_report.pdf,556,"Slide number: MZ/AIZ/84A10/2015/191 | State: Mizoram | District: Aizawl | Location: Hlimen, Hlimen Landslide on SH- Aizawl-Hlimen-Lungleng Rd | Latitude: 23.681531 | Longitude: 92.718606 | Material: Rock | Movement: Slide | History: NA",missing_date
GSI-7C2AA6046D3F,GSI-REVIEW-001357,,,,,23.682158,92.858383,Aizawl,landslide_report.pdf,556,"Slide number: MZ/AIZ/84A14/2015/65 | State: Mizoram | District: Aizawl | Location: About 2km south of thingsulthliah, 1km SW Thingsultliah Hospital | Latitude: 23.682158 | Longitude: 92.858383 | Material: Debris | Movement: Slide | History: NA",missing_date
GSI-A81A3D0849C4,GSI-REVIEW-001366,,,,,23.685795,93.019874,Aizawl,landslide_report.pdf,556,Slide number: MZ/AIZ/84E02/2017/39 | State: Mizoram | District: Aizawl | Location: 14km SE of Keifang | Latitude: 23.685795 | Longitude: 93.019874 | Material: Rock | Movement: Slide | History: NA,missing_date
GSI-A4F9F6BE6012,GSI-REVIEW-001368,,,,,23.687833,92.722444,Aizawl,landslide_report.pdf,556,"Slide number: MZ/AIZ/84A10/2015/232 | State: Mizoram | District: Aizawl | Location: Melthum, SH- Aizawl - Lunglei | Latitude: 23.687833 | Longitude: 92.722444 | Material: Rock | Movement: Slide | History: NA",missing_date
GSI-1494EDB8B8E9,GSI-REVIEW-001379,,,,,23.693667,92.719056,Aizawl,landslide_report.pdf,557,"Slide number: MZ/AIZ/84A10/2015/231 | State: Mizoram | District: Aizawl | Location: Melthum, SH- Aizawl - Lunglei | Latitude: 23.693667 | Longitude: 92.719056 | Material: Rock | Movement: Slide | History: NA",missing_date
GSI-F4B26ACEAA4E,GSI-REVIEW-001383,,,,,23.695444,92.861667,Aizawl,landslide_report.pdf,557,"Slide number: MZ/AIZ/84A14/2015/64 | State: Mizoram | District: Aizawl | Location: North of Thingsultliah along NH 54, NW slope of 982 peak | Latitude: 23.695444 | Longitude: 92.861667 | Material: Debris | Movement: Slide | History: NA",missing_date
GSI-AE6C6BE67388,GSI-REVIEW-001384,,,,,23.695528,92.884167,Aizawl,landslide_report.pdf,557,Slide number: MZ/AIZ/84A14/2015/85 | State: Mizoram | District: Aizawl | Location: About 11 Km SE of Seling on SH Seling-Keifang road | Latitude: 23.695528 | Longitude: 92.884167 | Material: Rock | Movement: Slide | History: NA,missing_date
GSI-7B98653E64B2,GSI-REVIEW-001386,,,,,23.697056,92.877944,Aizawl,landslide_report.pdf,557,Slide number: MZ/AIZ/84A14/2015/87 | State: Mizoram | District: Aizawl | Location: About 9 Km SE of Seling on SH Seling-Champhai road | Latitude: 23.697056 | Longitude: 92.877944 | Material: Debris | Movement: Slide | History: NA,missing_date
GSI-6C076489E0B0,GSI-REVIEW-001388,,,,,23.699472,92.716167,Aizawl,landslide_report.pdf,557,"Slide number: MZ/AIZ/84A10/2015/230 | State: Mizoram | District: Aizawl | Location: Tlangnuam Vengthar, Melthum - Tlangnuam - Kulikawn Rd | Latitude: 23.699472 | Longitude: 92.716167 | Material: Rock | Movement: Slide | History: NA",missing_date
GSI-C669F0C237F2,GSI-REVIEW-001389,,,,,23.6995,92.71617,Aizawl,landslide_report.pdf,557,"Slide number: MZ/AIZ/84A10/2014/04 | State: Mizoram | District: Aizawl | Slide name: CP Road | Location: Tlangnuan, CP Road | Latitude: 23.6995 | Longitude: 92.71617 | Material: Rock cum Debris | Movement: Slide | History: NA",missing_date
GSI-C3A20D414C73,GSI-REVIEW-001390,,,,,23.699611,92.874917,Aizawl,landslide_report.pdf,557,Slide number: MZ/AIZ/84A14/2015/59 | State: Mizoram | District: Aizawl | Location: About 8.5 Km SE of Seling along SH Seling-Champhai road | Latitude: 23.699611 | Longitude: 92.874917 | Material: Debris | Movement: Slide | History: NA,missing_date
GSI-7E43346C7412,GSI-REVIEW-001391,,,,,23.700556,92.715972,Aizawl,landslide_report.pdf,557,"Slide number: MZ/AIZ/84A10/2015/229 | State: Mizoram | District: Aizawl | Location: Tlangnuam Vengthar, Melthum - Tlangnuam - Kulikawn Rd | Latitude: 23.700556 | Longitude: 92.715972 | Material: Rock | Movement: Slide | History: NA",missing_date
GSI-447B50CF30DD,GSI-REVIEW-001392,,,,,23.700889,92.878361,Aizawl,landslide_report.pdf,558,Slide number: MZ/AIZ/84A14/2015/83 | State: Mizoram | District: Aizawl | Location: About 8 km SE of Seling on SH Seling-Champhai road | Latitude: 23.700889 | Longitude: 92.878361 | Material: Debris | Movement: Slide | History: NA,missing_date
GSI-BBF2CF031D81,GSI-REVIEW-001395,,,,,23.70166667,92.71944444,Aizawl,landslide_report.pdf,558,Slide number: MIZ/AZL/84A/10/2021/01 | State: Mizoram | District: Aizawl | Slide name: N/A | Location: N/A | Latitude: 23.70166667 | Longitude: 92.71944444 | Material: Rock | Movement: Slide | History: 13 June.2021 at 20:30 hrs,missing_date
GSI-B5B2A06655B5,GSI-REVIEW-001396,,,,,23.702056,92.993222,Aizawl,landslide_report.pdf,558,Slide number: MZ/AIZ/84A14/2015/110 | State: Mizoram | District: Aizawl | Location: Veibai village along Keifang- Saichal road | Latitude: 23.702056 | Longitude: 92.993222 | Material: Rock | Movement: Slide | History: NA,missing_date
GSI-F751ABE658A3,GSI-REVIEW-001397,,,,,23.70272,92.71631,Aizawl,landslide_report.pdf,558,"Slide number: MZ/AIZ/84A10/2014/03 | State: Mizoram | District: Aizawl | Slide name: Vengthar | Location: Tlangnuan, Vengthar | Latitude: 23.70272 | Longitude: 92.71631 | Material: Rock | Movement: Slide | History: 2007",missing_date
GSI-3173770B2EA1,GSI-REVIEW-001398,,,,,23.704333,92.7145,Aizawl,landslide_report.pdf,558,"Slide number: MZ/AIZ/84A10/2015/228 | State: Mizoram | District: Aizawl | Location: Tlangnuam Vengthar, Melthum - Tlangnuam - Kulikawn Rd | Latitude: 23.704333 | Longitude: 92.7145 | Material: Rock | Movement: Slide | History: NA",missing_date
GSI-6EFC87ACE922,GSI-REVIEW-001399,,,,,23.704861,92.98575,Aizawl,landslide_report.pdf,558,Slide number: MZ/AIZ/84A14/2015/108 | State: Mizoram | District: Aizawl | Location: NE of Keifang village on SH- Keifang-Saichal road. | Latitude: 23.704861 | Longitude: 92.98575 | Material: Rock | Movement: Slide | History: NA,missing_date
GSI-E15143A89A7C,GSI-REVIEW-001400,,,,,23.705117,92.877669,Aizawl,landslide_report.pdf,558,Slide number: MZ/AIZ/84A14/2015/84 | State: Mizoram | District: Aizawl | Location: About 7.5 km SE of Seling on SH Seling-Champhai road | Latitude: 23.705117 | Longitude: 92.877669 | Material: Debris | Movement: Slide | History: NA,missing_date
GSI-CAAE93C9C457,GSI-REVIEW-001401,,,,,23.705262,93.008904,Aizawl,landslide_report.pdf,558,Slide number: MZ/AIZ/84E02/2017/35 | State: Mizoram | District: Aizawl | Location: 15km E of Keifang | Latitude: 23.705262 | Longitude: 93.008904 | Material: Rock | Movement: Slide | History: NA,missing_date
GSI-C36F137B3A5A,GSI-REVIEW-001403,,,,,23.706667,92.714694,Aizawl,landslide_report.pdf,558,"Slide number: MZ/AIZ/84A10/2015/233 | State: Mizoram | District: Aizawl | Location: Kulukawn, Melthum - Tlangnuam - Kulikawn Rd | Latitude: 23.706667 | Longitude: 92.714694 | Material: Rock | Movement: Slide | History: NA",missing_date
GSI-FF92497858C3,GSI-REVIEW-001405,,,,,23.708217,92.761489,Aizawl,landslide_report.pdf,558,"Slide number: MZ/AIZ/84A14/2015/68 | State: Mizoram | District: Aizawl | Location: Berawtlang Tourist Lodge, DGM Check Gate, South of Berawtlang Lodge | Latitude: 23.708217 | Longitude: 92.761489 | Material: Debris | Movement: Slide | History: NA",missing_date
GSI-DF3515449461,GSI-REVIEW-001408,,,,,23.71,92.692528,Aizawl,landslide_report.pdf,558,"Slide number: MZ/AIZ/84A10/2015/194 | State: Mizoram | District: Aizawl | Location: West of Mission Veng, Dumping Site, Tlawng - Aizawl Rd | Latitude: 23.71 | Longitude: 92.692528 | Material: Debris | Movement: Slide | History: NA",missing_date
GSI-39AEB66CABB5,GSI-REVIEW-001409,,,,,23.710194,92.741167,Aizawl,landslide_report.pdf,558,Slide number: MZ/AIZ/84A10/2015/69 | State: Mizoram | District: Aizawl | Location: North of Salem veng on world bank road | Latitude: 23.710194 | Longitude: 92.741167 | Material: Debris | Movement: Slide | History: NA,missing_date
GSI-49F6864977A6,GSI-REVIEW-001412,,,,,23.71125,92.660167,Aizawl,landslide_report.pdf,558,"Slide number: MZ/AIZ/84A10/2015/182 | State: Mizoram | District: Aizawl | Location: South of Tlawng Hydro-Project, Oasis picnic spot, SH- Aizawl - Reiek | Latitude: 23.71125 | Longitude: 92.660167 | Material: Debris | Movement: Slide | History: NA",missing_date
GSI-1FFF679B86AD,GSI-REVIEW-001413,,,,,23.711722,92.858394,Aizawl,landslide_report.pdf,558,Slide number: MZ/AIZ/84A14/2015/63 | State: Mizoram | District: Aizawl | Location: Tlangnuam area alon NH54 | Latitude: 23.711722 | Longitude: 92.858394 | Material: Debris | Movement: Slide | History: NA,missing_date
GSI-FC8A7FD57FD9,GSI-REVIEW-001417,,,,,23.712694,92.66025,Aizawl,landslide_report.pdf,558,"Slide number: MZ/AIZ/84A10/2015/183 | State: Mizoram | District: Aizawl | Location: 1km South of Tlawng Hydro- Project view point of Azauli Falls, SH- Aizawl - Reiek | Latitude: 23.712694 | Longitude: 92.66025 | Material: Debris | Movement: Slide | History: NA",missing_date
GSI-951FC297D9E4,GSI-REVIEW-001418,,,,,23.713131,92.798942,Aizawl,landslide_report.pdf,558,"Slide number: MZ/AIZ/84A14/2015/67 | State: Mizoram | District: Aizawl | Location: Tuirial, 200m upstream from turial bridge | Latitude: 23.713131 | Longitude: 92.798942 | Material: Debris | Movement: Slide | History: NA",missing_date
GSI-9B637C1E525C,GSI-REVIEW-001419,,,,,23.714694,92.728694,Aizawl,landslide_report.pdf,558,"Slide number: MZ/AIZ/84A10/2015/219 | State: Mizoram | District: Aizawl | Location: Mualpui Bethel, Salem Veng - World Bank Rd | Latitude: 23.714694 | Longitude: 92.728694 | Material: Debris | Movement: Slide | History: NA",missing_date
GSI-90E79A81FBCB,GSI-REVIEW-001420,,,,,23.714703,92.873933,Aizawl,landslide_report.pdf,558,Slide number: MZ/AIZ/84A14/2015/79 | State: Mizoram | District: Aizawl | Location: Tlangnuam village area on NH 54. | Latitude: 23.714703 | Longitude: 92.873933 | Material: Rock | Movement: Slide | History: NA,missing_date
GSI-04CEAE2C3C43,GSI-REVIEW-001421,,,,,23.715278,92.697611,Aizawl,landslide_report.pdf,559,"Slide number: MZ/AIZ/84A10/2015/195 | State: Mizoram | District: Aizawl | Location: West of Mission Veng, Tlawng - Aizawl Rd | Latitude: 23.715278 | Longitude: 92.697611 | Material: Debris | Movement: Slide | History: NA",missing_date
GSI-E729836ABB71,GSI-REVIEW-001423,,,,,23.716025,92.854306,Aizawl,landslide_report.pdf,559,Slide number: MZ/AIZ/84A14/2015/80 | State: Mizoram | District: Aizawl | Location: Tlangnuam village area on NH- 54 | Latitude: 23.716025 | Longitude: 92.854306 | Material: Rock | Movement: Slide | History: NA,missing_date
GSI-3B9804593D40,GSI-REVIEW-001424,,,,,23.716111,92.712611,Aizawl,landslide_report.pdf,559,"Slide number: MZ/AIZ/84A10/2015/203 | State: Mizoram | District: Aizawl | Location: Mission Veng, Tlawng - Aizawl Rd | Latitude: 23.716111 | Longitude: 92.712611 | Material: Rock | Movement: Slide | History: NA",missing_date
GSI-AFA040D665AB,GSI-REVIEW-001425,,,,,23.716125,92.866156,Aizawl,landslide_report.pdf,559,Slide number: MZ/AIZ/84A14/2015/81 | State: Mizoram | District: Aizawl | Location: Zero point Lui quarry along Seling- Keifang road | Latitude: 23.716125 | Longitude: 92.866156 | Material: Rock | Movement: Fall | History: NA,missing_date
GSI-3C79670718F5,GSI-REVIEW-001426,,,,,23.716278,92.727694,Aizawl,landslide_report.pdf,559,"Slide number: MZ/AIZ/84A10/2015/218 | State: Mizoram | District: Aizawl | Location: Mualpui Bethel, Salem Veng - World Bank Rd | Latitude: 23.716278 | Longitude: 92.727694 | Material: Debris | Movement: Slide | History: NA",missing_date
GSI-EBBB875D8A4D,GSI-REVIEW-001427,,,,,23.716333,92.688639,Aizawl,landslide_report.pdf,559,"Slide number: MZ/AIZ/84A10/2015/205 | State: Mizoram | District: Aizawl | Location: West of Mission Veng, Tlawng - Aizawl Rd | Latitude: 23.716333 | Longitude: 92.688639 | Material: Debris | Movement: Slide | History: NA",missing_date
GSI-17F75C180B70,GSI-REVIEW-001428,,,,,23.716556,92.699056,Aizawl,landslide_report.pdf,559,"Slide number: MZ/AIZ/84A10/2015/196 | State: Mizoram | District: Aizawl | Location: West of Mission Veng, Tlawng - Aizawl Rd | Latitude: 23.716556 | Longitude: 92.699056 | Material: Debris | Movement: Slide | History: NA",missing_date
GSI-8D28F69BB1CB,GSI-REVIEW-001429,,,,,23.717028,92.692389,Aizawl,landslide_report.pdf,559,"Slide number: MZ/AIZ/84A10/2015/209 | State: Mizoram | District: Aizawl | Location: South of Lawipu, Aizawl - Tlawng Rd | Latitude: 23.717028 | Longitude: 92.692389 | Material: Rock | Movement: Slide | History: NA",missing_date
GSI-DE3D916863E7,GSI-REVIEW-001430,,,,,23.717111,92.713972,Aizawl,landslide_report.pdf,559,"Slide number: MZ/AIZ/84A10/2015/204 | State: Mizoram | District: Aizawl | Location: Mission Veng, Tlawng - Aizawl Rd | Latitude: 23.717111 | Longitude: 92.713972 | Material: Rock | Movement: Slide | History: NA",missing_date
GSI-B06B5156486E,GSI-REVIEW-001431,,,,,23.717222,92.694833,Aizawl,landslide_report.pdf,559,"Slide number: MZ/AIZ/84A10/2015/213 | State: Mizoram | District: Aizawl | Location: Govt Complex, Aizawl, Govt Complex - Mizoram university Rd via Zonuam | Latitude: 23.717222 | Longitude: 92.694833 | Material: Rock | Movement: Slide | History: NA",missing_date
GSI-C0838DF0C233,GSI-REVIEW-001433,,,,,23.719306,92.869058,Aizawl,landslide_report.pdf,559,Slide number: MZ/AIZ/84A14/2015/88 | State: Mizoram | District: Aizawl | Location: 2.7 km SE of seling on SH Seling- Champhai road. | Latitude: 23.719306 | Longitude: 92.869058 | Material: Rock | Movement: Fall | History: NA,missing_date
GSI-4D35E5834F89,GSI-REVIEW-001434,,,,,23.719306,92.869058,Aizawl,landslide_report.pdf,559,Slide number: MZ/AIZ/84A14/2015/62 | State: Mizoram | District: Aizawl | Location: 2km West of Seswang along NH 150 | Latitude: 23.719306 | Longitude: 92.869058 | Material: Debris | Movement: Slide | History: NA,missing_date
GSI-102FEF0BBF03,GSI-REVIEW-001435,,,,,23.719389,92.675083,Aizawl,landslide_report.pdf,559,"Slide number: MZ/AIZ/84A10/2015/202 | State: Mizoram | District: Aizawl | Location: Near Police Post Forest, Tlawng - Aizawl Rd | Latitude: 23.719389 | Longitude: 92.675083 | Material: Debris | Movement: Slide | History: NA",missing_date
GSI-4ED359756913,GSI-REVIEW-001436,,,,,23.719472,92.676444,Aizawl,landslide_report.pdf,559,"Slide number: MZ/AIZ/84A10/2015/200 | State: Mizoram | District: Aizawl | Location: Northwest of Mission, 500m from Police Post Forest, Tlawng - Aizawl Rd | Latitude: 23.719472 | Longitude: 92.676444 | Material: Debris | Movement: Slide | History: NA",missing_date
GSI-B8E9B6392883,GSI-REVIEW-001437,,,,,23.7195,92.675528,Aizawl,landslide_report.pdf,559,"Slide number: MZ/AIZ/84A10/2015/201 | State: Mizoram | District: Aizawl | Location: Near Police Post Forest, Tlawng - Aizawl Rd | Latitude: 23.7195 | Longitude: 92.675528 | Material: Debris | Movement: Slide | History: NA",missing_date
GSI-EC78F9045BD6,GSI-REVIEW-001438,,,,,23.719694,92.868053,Aizawl,landslide_report.pdf,559,Slide number: MZ/AIZ/84A14/2015/86 | State: Mizoram | District: Aizawl | Location: Seling dumping site on SH Seling- Champhai road | Latitude: 23.719694 | Longitude: 92.868053 | Material: Debris | Movement: Slide | History: NA,missing_date
GSI-14A026DB202D,GSI-REVIEW-001439,,,,,23.719972,92.697694,Aizawl,landslide_report.pdf,559,"Slide number: MZ/AIZ/84A10/2015/210 | State: Mizoram | District: Aizawl | Location: Maubawk, Aizawl - Tlawng Rd | Latitude: 23.719972 | Longitude: 92.697694 | Material: Rock | Movement: Slide | History: NA",missing_date
GSI-A9188002E9A4,GSI-REVIEW-001440,,,,,23.720417,92.695667,Aizawl,landslide_report.pdf,559,"Slide number: MZ/AIZ/84A10/2015/211 | State: Mizoram | District: Aizawl | Location: Maubawk, Aizawl - Tlawng Rd | Latitude: 23.720417 | Longitude: 92.695667 | Material: Rock | Movement: Slide | History: NA",missing_date
GSI-9E2C29093AA9,GSI-REVIEW-001441,,,,,23.720611,92.692722,Aizawl,landslide_report.pdf,559,"Slide number: MZ/AIZ/84A10/2015/212 | State: Mizoram | District: Aizawl | Location: Maubawk, (abandoned water tank) Aizawl - Tlawng Rd | Latitude: 23.720611 | Longitude: 92.692722 | Material: Rock | Movement: Slide | History: NA",missing_date
GSI-20ABEC56127C,GSI-REVIEW-001442,,,,,23.720833,92.978,Aizawl,landslide_report.pdf,559,"Slide number: MZ/AIZ/84A14/2015/97 | State: Mizoram | District: Aizawl | Location: 5.3 km south of Dilkhan village, Saitual - Dilkhan Rd | Latitude: 23.720833 | Longitude: 92.978 | Material: Debris | Movement: Slide | History: NA",missing_date
GSI-BF806024ECCB,GSI-REVIEW-001443,,,,,23.721167,92.675056,Aizawl,landslide_report.pdf,559,"Slide number: MZ/AIZ/84A10/2015/199 | State: Mizoram | District: Aizawl | Location: Southwest of Lawipu, 500m from Power House, Lawipu - Tlawng Rd | Latitude: 23.721167 | Longitude: 92.675056 | Material: Debris | Movement: Slide | History: NA",missing_date
GSI-8A53087F05B0,GSI-REVIEW-001444,,,,,23.722111,92.681472,Aizawl,landslide_report.pdf,560,"Slide number: MZ/AIZ/84A10/2015/197 | State: Mizoram | District: Aizawl | Location: Southwest of Lawipu, Power House, Lawipu - Tlawng Rd | Latitude: 23.722111 | Longitude: 92.681472 | Material: Debris | Movement: Slide | History: NA",missing_date
GSI-4E649C3B4D58,GSI-REVIEW-001445,,,,,23.722222,92.682278,Aizawl,landslide_report.pdf,560,"Slide number: MZ/AIZ/84A10/2015/198 | State: Mizoram | District: Aizawl | Location: Southwest of Lawipu, Near Power House, Lawipu - Tlawng Rd | Latitude: 23.722222 | Longitude: 92.682278 | Material: Debris | Movement: Slide | History: NA",missing_date
GSI-8772E0CC745A,GSI-REVIEW-001447,,,,,23.727472,92.85265,Aizawl,landslide_report.pdf,560,Slide number: MZ/AIZ/84A14/2015/82 | State: Mizoram | District: Aizawl | Location: Seling village on NH 54 | Latitude: 23.727472 | Longitude: 92.85265 | Material: Rock | Movement: Fall | History: NA,missing_date
GSI-89BB954B59F1,GSI-REVIEW-001448,,,,,23.727639,92.703083,Aizawl,landslide_report.pdf,560,"Slide number: MZ/AIZ/84A10/2015/215 | State: Mizoram | District: Aizawl | Location: 500m SW of New Secreteriat, Aizawl (Near GSI Site) | Latitude: 23.727639 | Longitude: 92.703083 | Material: Rock | Movement: Slide | History: NA",missing_date
GSI-89FEC4B5860D,GSI-REVIEW-001449,,,,,23.727694,92.736,Aizawl,landslide_report.pdf,560,Slide number: MZ/AIZ/84A10/2015/74 | State: Mizoram | District: Aizawl | Slide name: N/A | Location: N/A | Latitude: 23.727694 | Longitude: 92.736 | Material: Debris | Movement: Slide | History: NA,missing_date
GSI-7DFD57EA9882,GSI-REVIEW-001451,,,,,23.730867,92.755639,Aizawl,landslide_report.pdf,560,"Slide number: MZ/AIZ/84A14/2015/75 | State: Mizoram | District: Aizawl | Location: Zemabawk, near Ripans complex road on NH 54 Aizawl- Seling road | Latitude: 23.730867 | Longitude: 92.755639 | Material: Rock | Movement: Slide | History: NA",missing_date
GSI-A61A0C3E435E,GSI-REVIEW-001452,,,,,23.732867,92.825842,Aizawl,landslide_report.pdf,560,Slide number: MZ/AIZ/84A14/2015/66 | State: Mizoram | District: Aizawl | Location: Paibawk Turial section along NH54 | Latitude: 23.732867 | Longitude: 92.825842 | Material: Debris | Movement: Slide | History: NA,missing_date
GSI-04F0451094D8,GSI-REVIEW-001453,,,,,23.732894,92.753033,Aizawl,landslide_report.pdf,560,"Slide number: MZ/AIZ/84A14/2015/76 | State: Mizoram | District: Aizawl | Location: East of Zemabawk, near MRF showroom on NH 54 Aizawl- Seling road | Latitude: 23.732894 | Longitude: 92.753033 | Material: Debris | Movement: Slide | History: NA",missing_date
GSI-C384A6A42FFF,GSI-REVIEW-001454,,,,,23.733083,92.675611,Aizawl,landslide_report.pdf,560,Slide number: MZ/AIZ/84A10/2015/117 | State: Mizoram | District: Aizawl | Location: Mizoram university-Aizawl road | Latitude: 23.733083 | Longitude: 92.675611 | Material: Debris | Movement: Slide | History: NA,missing_date
GSI-C33E62E518A9,GSI-REVIEW-001456,,,,,23.7335,92.674472,Aizawl,landslide_report.pdf,560,"Slide number: MZ/AIZ/84A10/2015/189 | State: Mizoram | District: Aizawl | Location: East of Mizoram university, Mizoram Univ. - Aizawl | Latitude: 23.7335 | Longitude: 92.674472 | Material: Rock | Movement: Slide | History: NA",missing_date
GSI-525C5BEE99D1,GSI-REVIEW-001457,,,,,23.73436,92.75194,Aizawl,landslide_report.pdf,560,Slide number: MZ/AIZ/84A10/2014/05 | State: Mizoram | District: Aizawl | Slide name: Zemabawk | Location: Zemabawk | Latitude: 23.73436 | Longitude: 92.75194 | Material: Rock | Movement: Slide | History: 2012,missing_date
GSI-50AEBBC80004,GSI-REVIEW-001459,,,,,23.735,92.695111,Aizawl,landslide_report.pdf,560,"Slide number: MZ/AIZ/84A10/2015/208 | State: Mizoram | District: Aizawl | Location: Zonuam Veng, on Mizoram University - Aizawl Rd | Latitude: 23.735 | Longitude: 92.695111 | Material: Rock | Movement: Slide | History: NA",missing_date
GSI-065058A1B79D,GSI-REVIEW-001460,,,,,23.735028,92.696028,Aizawl,landslide_report.pdf,560,"Slide number: MZ/AIZ/84A10/2015/207 | State: Mizoram | District: Aizawl | Location: Zonuam Veng, on Mizoram University - Aizawl Rd | Latitude: 23.735028 | Longitude: 92.696028 | Material: Rock | Movement: Slide | History: NA",missing_date
GSI-0DB565E5E38D,GSI-REVIEW-001461,,,,,23.735086,92.829525,Aizawl,landslide_report.pdf,560,"Slide number: MZ/AIZ/84A14/2015/77 | State: Mizoram | District: Aizawl | Location: About 1km along bamboo link road, on the foot slope of Sherbawk tlang | Latitude: 23.735086 | Longitude: 92.829525 | Material: Rock | Movement: Slide | History: NA",missing_date
GSI-21FD113A467D,GSI-REVIEW-001463,,,,,23.736778,92.694528,Aizawl,landslide_report.pdf,560,"Slide number: MZ/AIZ/84A10/2015/214 | State: Mizoram | District: Aizawl | Location: Govt Complex, Aizawl, Govt Complex - Mizoram university Rd via Zonuam | Latitude: 23.736778 | Longitude: 92.694528 | Material: Rock | Movement: Slide | History: NA",missing_date
GSI-B363FE6D7965,GSI-REVIEW-001464,,,,,23.737083,92.703889,Aizawl,landslide_report.pdf,560,"Slide number: MZ/AIZ/84A10/2015/224 | State: Mizoram | District: Aizawl | Location: Rangvamul, Near Mining Check Post, NH-54 Aizawl - Lengpui(Airport) - Silchar | Latitude: 23.737083 | Longitude: 92.703889 | Material: Rock | Movement: Slide | History: NA",missing_date
GSI-5FD746E8E617,GSI-REVIEW-001466,,,,,23.739306,92.743111,Aizawl,landslide_report.pdf,560,"Slide number: MZ/AIZ/84A10/2015/217 | State: Mizoram | District: Aizawl | Location: Thuampi Vengthar, Thuampui Vengthar - Chite Lui Rd | Latitude: 23.739306 | Longitude: 92.743111 | Material: Debris | Movement: Slide | History: NA",missing_date
GSI-E3DDD1495B93,GSI-REVIEW-001467,,,,,23.739417,92.699917,Aizawl,landslide_report.pdf,561,"Slide number: MZ/AIZ/84A10/2015/206 | State: Mizoram | District: Aizawl | Location: Zonuam Veng, on Mizoram University - Aizawl Rd | Latitude: 23.739417 | Longitude: 92.699917 | Material: Rock | Movement: Slide | History: NA",missing_date
GSI-99A6A71455C9,GSI-REVIEW-001468,,,,,23.740028,92.709861,Aizawl,landslide_report.pdf,561,"Slide number: MZ/AIZ/84A10/2015/220 | State: Mizoram | District: Aizawl | Location: Hunthar, NH-54 Aizawl - Lengpui(Airport) - Silchar | Latitude: 23.740028 | Longitude: 92.709861 | Material: Rock | Movement: Slide | History: NA",missing_date
GSI-08A274E966F3,GSI-REVIEW-001469,,,,,23.740306,92.965389,Aizawl,landslide_report.pdf,561,"Slide number: MZ/AIZ/84A14/2015/99 | State: Mizoram | District: Aizawl | Location: SE of Dilkhan Village, Saitual- Dilkhan-Phullen Rd | Latitude: 23.740306 | Longitude: 92.965389 | Material: Debris | Movement: Slide | History: NA",missing_date
GSI-C702A96977A8,GSI-REVIEW-001470,,,,,23.740417,92.795083,Aizawl,landslide_report.pdf,561,"Slide number: MZ/AIZ/84A14/2015/90 | State: Mizoram | District: Aizawl | Location: Airfield Veng, Near Bamboo link road, NH-54 Aizawl-Seling | Latitude: 23.740417 | Longitude: 92.795083 | Material: Rock | Movement: Slide | History: NA",missing_date
GSI-A23143F3A1E1,GSI-REVIEW-001471,,,,,23.741389,92.739528,Aizawl,landslide_report.pdf,561,"Slide number: MZ/AIZ/84A10/2015/216 | State: Mizoram | District: Aizawl | Location: Thuampui, Kendriya Vidhyalaya Pushpak Aizawl | Latitude: 23.741389 | Longitude: 92.739528 | Material: Debris | Movement: Slide | History: NA",missing_date
GSI-F73FE667CB42,GSI-REVIEW-001475,,,,,23.742861,92.725389,Aizawl,landslide_report.pdf,561,Slide number: MZ/AIZ/84A10/2015/226 | State: Mizoram | District: Aizawl | Location: Ramhlun Vengthar | Latitude: 23.742861 | Longitude: 92.725389 | Material: Rock | Movement: Slide | History: NA,missing_date
GSI-2B826A7089DF,GSI-REVIEW-001476,,,,,23.743694,92.679028,Aizawl,landslide_report.pdf,561,"Slide number: MZ/AIZ/84A10/2015/184 | State: Mizoram | District: Aizawl | Location: Tanhril near the Spring, Tanhril - Aizawl | Latitude: 23.743694 | Longitude: 92.679028 | Material: Rock | Movement: Slide | History: NA",missing_date
GSI-A1149C0A0B94,GSI-REVIEW-001477,,,,,23.74372,92.72417,Aizawl,landslide_report.pdf,561,Slide number: MZ/AIZ/84A10/2014/01 | State: Mizoram | District: Aizawl | Slide name: Laiputlang | Location: Laiputlang | Latitude: 23.74372 | Longitude: 92.72417 | Material: Rock cum Debris | Movement: Slide | History: NA,missing_date
GSI-9FBDEF1824DD,GSI-REVIEW-001478,,,,,23.744028,92.698861,Aizawl,landslide_report.pdf,561,"Slide number: MZ/AIZ/84A10/2015/185 | State: Mizoram | District: Aizawl | Location: Northeast of Luangmual, Mizoram Univ. - Aizawl via NH 44A | Latitude: 23.744028 | Longitude: 92.698861 | Material: Rock | Movement: Slide | History: NA",missing_date
GSI-27BB88446FF2,GSI-REVIEW-001479,08-09-2007,2007-09-08,2007,9,23.744167,92.730472,Aizawl,landslide_report.pdf,561,Slide number: MIZO/AIZ/84A10/2007/E-4 | State: Mizoram | District: Aizawl | Slide name: Ramhlun Vengther slide | Latitude: 23.744167 | Longitude: 92.730472 | Material: Rock | Movement: Slide | History: 2 September and 8 September 2007,valid_explicit_date
GSI-4E619ED5CFF0,GSI-REVIEW-001480,,,,,23.74425,92.968472,Aizawl,landslide_report.pdf,561,"Slide number: MZ/AIZ/84A14/2015/98 | State: Mizoram | District: Aizawl | Location: 4 km south of Dilkhan village, Saitual-Dilkhan Rd | Latitude: 23.74425 | Longitude: 92.968472 | Material: Debris | Movement: Slide | History: NA",missing_date
GSI-9FFAE48D8DB1,GSI-REVIEW-001481,,,,,23.744303,92.720114,Aizawl,landslide_report.pdf,561,"Slide number: MZ/AIZ/84A10/2015/227 | State: Mizoram | District: Aizawl | Location: Laiputlang Landslide, Laiputlang | Latitude: 23.744303 | Longitude: 92.720114 | Material: Rock | Movement: Slide | History: NA",missing_date
GSI-E34201CFE242,GSI-REVIEW-001482,,,,,23.744972,92.702889,Aizawl,landslide_report.pdf,561,"Slide number: MZ/AIZ/84A10/2015/221 | State: Mizoram | District: Aizawl | Location: Rangvamul, NH-54 Aizawl - Lengpui(Airport) - Silchar | Latitude: 23.744972 | Longitude: 92.702889 | Material: Rock | Movement: Slide | History: NA",missing_date
GSI-AD446DFC61FD,GSI-REVIEW-001483,,,,,23.745083,92.6955,Aizawl,landslide_report.pdf,561,"Slide number: MZ/AIZ/84A10/2015/187 | State: Mizoram | District: Aizawl | Location: Luangmual, Mizoram Univ. - Aizawl via NH 44A | Latitude: 23.745083 | Longitude: 92.6955 | Material: Debris | Movement: Slide | History: NA",missing_date
GSI-4A7E9FF25576,GSI-REVIEW-001484,,,,,23.745444,92.749556,Aizawl,landslide_report.pdf,561,"Slide number: MZ/AIZ/84A10/2015/188 | State: Mizoram | District: Aizawl | Location: Luangmual Near Power Station, Mizoram Univ. - Aizawl | Latitude: 23.745444 | Longitude: 92.749556 | Material: Rock | Movement: Slide | History: NA",missing_date
GSI-BB9EAD9AAF7B,GSI-REVIEW-001485,,,,,23.745639,92.694361,Aizawl,landslide_report.pdf,561,"Slide number: MZ/AIZ/84A10/2015/186 | State: Mizoram | District: Aizawl | Location: Luangmual, Mizoram Univ. - Aizawl via NH 44A | Latitude: 23.745639 | Longitude: 92.694361 | Material: Rock | Movement: Slide | History: NA",missing_date
GSI-150292E1DC76,GSI-REVIEW-001486,,,,,23.746722,92.695972,Aizawl,landslide_report.pdf,561,"Slide number: MZ/AIZ/84A10/2015/222 | State: Mizoram | District: Aizawl | Location: Rangvamul, NH-54 Aizawl - Lengpui(Airport) - Silchar | Latitude: 23.746722 | Longitude: 92.695972 | Material: Debris | Movement: Slide | History: NA",missing_date
GSI-B8BF25BD7281,GSI-REVIEW-001489,,,,,23.747444,92.696194,Aizawl,landslide_report.pdf,561,"Slide number: MZ/AIZ/84A10/2015/223 | State: Mizoram | District: Aizawl | Location: Rangvamul, NH-54 Aizawl - Lengpui(Airport) - Silchar | Latitude: 23.747444 | Longitude: 92.696194 | Material: Rock | Movement: Slide | History: NA",missing_date
GSI-11682896CB93,GSI-REVIEW-001491,,,,,23.749722,92.693781,Aizawl,landslide_report.pdf,561,"Slide number: MZ/AIZ/84A10/2015/116 | State: Mizoram | District: Aizawl | Location: Rangvamul Landslide, Rangvamul, NH-54 Aizawl - Lengpui(Airport) - Silchar | Latitude: 23.749722 | Longitude: 92.693781 | Material: Rock | Movement: Slide | History: NA",missing_date
GSI-A668C81F6C01,GSI-REVIEW-001494,,,,,23.750454,92.69524,Aizawl,landslide_report.pdf,562,Slide number: MIZ/AIZ/84A09/2016/76 | State: Mizoram | District: Aizawl | Slide name: Rangamval Landslide | Location: Rangamval | Latitude: 23.750454 | Longitude: 92.69524 | Material: Rock | Movement: Slide | History: 2014,missing_date
GSI-9B2341C67B35,GSI-REVIEW-001495,,,,,23.750676,92.679635,Aizawl,landslide_report.pdf,562,Slide number: MIZ/AIZ/84A09/2016/80 | State: Mizoram | District: Aizawl | Location: Phungchawng section | Latitude: 23.750676 | Longitude: 92.679635 | Material: Debris | Movement: Slide | History: 2016,missing_date
GSI-70F4872CF0F0,GSI-REVIEW-001496,,,,,23.750722,92.744,Aizawl,landslide_report.pdf,562,Slide number: MIZO/AIZ/84A10/2007/E-2 | State: Mizoram | District: Aizawl | Slide name: Zuangtui slide | Latitude: 23.750722 | Longitude: 92.744 | Material: Debris | Movement: Slide | History: 08 Septemebr 2007,missing_date
GSI-52A18485175F,GSI-REVIEW-001499,08-09-2007,2007-09-08,2007,9,23.751694,92.731528,Aizawl,landslide_report.pdf,562,Slide number: MIZO/AIZ/84A10/2007/E-3 | State: Mizoram | District: Aizawl | Slide name: Bawng Venglai slide | Latitude: 23.751694 | Longitude: 92.731528 | Material: Debris | Movement: Slide | History: 8 September 2007,valid_explicit_date
GSI-1CDAD619BF92,GSI-REVIEW-001501,,,,,23.753417,92.687556,Aizawl,landslide_report.pdf,562,Slide number: MIZ/AIZ/84A09/2016/79 | State: Mizoram | District: Aizawl | Location: Rangamval section | Latitude: 23.753417 | Longitude: 92.687556 | Material: Rock | Movement: Slide | History: 2016,missing_date
GSI-6E9EEA79E21F,GSI-REVIEW-001502,,,,,23.754359,92.690207,Aizawl,landslide_report.pdf,562,"Slide number: MIZ/AIZ/84A09/2016/78 | State: Mizoram | District: Aizawl | Location: Gate for Mizoram Truck Owners' Association, 57 km Khawnpui milestone | Latitude: 23.754359 | Longitude: 92.690207 | Material: Debris | Movement: Slide | History: 2016",missing_date
GSI-5323D0161D8E,GSI-REVIEW-001503,,,,,23.754475,92.722754,Aizawl,landslide_report.pdf,562,Slide number: MIZ/AIZ/84A09/2016/61 | State: Mizoram | District: Aizawl | Location: Aizawl-Sairang road | Latitude: 23.754475 | Longitude: 92.722754 | Material: Debris | Movement: Slide | History: 2016,missing_date
GSI-3E85010BEE13,GSI-REVIEW-001504,,,,,23.754493,92.690145,Aizawl,landslide_report.pdf,562,"Slide number: MIZ/AIZ/84A09/2016/77 | State: Mizoram | District: Aizawl | Location: Gate for Mizoram Truck Owners' Association, 57 km Khawnpui milestone | Latitude: 23.754493 | Longitude: 92.690145 | Material: Rock | Movement: Slide | History: 2016",missing_date
GSI-6757484AA695,GSI-REVIEW-001506,,,,,23.760222,92.848167,Aizawl,landslide_report.pdf,562,Slide number: MIZ/AIZ/84A13/2016/46 | State: Mizoram | District: Aizawl | Location: ~700 m N of Sesawng | Latitude: 23.760222 | Longitude: 92.848167 | Material: Rock | Movement: Fall | History: NA,missing_date
GSI-5CC6FA88A479,GSI-REVIEW-001508,,,,,23.762482,92.742799,Aizawl,landslide_report.pdf,562,Slide number: MIZ/AIZ/84A13/2016/48 | State: Mizoram | District: Aizawl | Location: Muanna Veng/ Ramlun Thlangmual | Latitude: 23.762482 | Longitude: 92.742799 | Material: Rock | Movement: Slide | History: NA,missing_date
GSI-7E72532EBB14,GSI-REVIEW-001512,,,,,23.771587,92.732129,Aizawl,landslide_report.pdf,562,Slide number: MIZ/AIZ/84A09/2016/133 | State: Mizoram | District: Aizawl | Location: Hunther area | Latitude: 23.771587 | Longitude: 92.732129 | Material: Debris | Movement: Slide | History: NA,missing_date
GSI-C0C2C0B63A36,GSI-REVIEW-001513,,,,,23.777472,93.009163,Aizawl,landslide_report.pdf,562,Slide number: MZ/AIZ/84E01/2017/75 | State: Mizoram | District: Aizawl | Location: ThanglailungSaitual section | Latitude: 23.777472 | Longitude: 93.009163 | Material: Rock | Movement: Slide | History: NA,missing_date
GSI-843832118310,GSI-REVIEW-001515,,,,,23.777805,93.00489,Aizawl,landslide_report.pdf,562,Slide number: MZ/AIZ/84E01/2017/55 | State: Mizoram | District: Aizawl | Location: 14 lm from Dilkhan | Latitude: 23.777805 | Longitude: 93.00489 | Material: Debris | Movement: Slide | History: NA,missing_date
GSI-8E6FFFF8DE14,GSI-REVIEW-001516,,,,,23.779444,93.023918,Aizawl,landslide_report.pdf,562,Slide number: MZ/AIZ/84E01/2017/94 | State: Mizoram | District: Aizawl | Location: ThanglailungSaitual section | Latitude: 23.779444 | Longitude: 93.023918 | Material: Debris | Movement: Slide | History: NA,missing_date
GSI-CB029A78A48A,GSI-REVIEW-001517,,,,,23.78,92.84,Aizawl,landslide_report.pdf,562,Slide number: MIZ/AIZ/84A13/2016/45 | State: Mizoram | District: Aizawl | Location: ~ 10 m from prev location | Latitude: 23.78 | Longitude: 92.84 | Material: Debris | Movement: Slide | History: 2016,missing_date
GSI-FD2D48FDA2C6,GSI-REVIEW-001526,,,,,23.785444,93.024612,Aizawl,landslide_report.pdf,562,Slide number: MZ/AIZ/84E01/2017/53 | State: Mizoram | District: Aizawl | Location: ThanglailungSaitual section | Latitude: 23.785444 | Longitude: 93.024612 | Material: Soil | Movement: Slide | History: NA,missing_date
GSI-00D2ADD5741B,GSI-REVIEW-001528,,,,,23.787414,92.725278,Aizawl,landslide_report.pdf,562,Slide number: MIZ/AIZ/84A09/2016/131 | State: Mizoram | District: Aizawl | Location: Hunther area | Latitude: 23.787414 | Longitude: 92.725278 | Material: Debris | Movement: Slide | History: NA,missing_date
GSI-A10A680439B3,GSI-REVIEW-001530,,,,,23.788032,92.729443,Aizawl,landslide_report.pdf,563,Slide number: MIZ/AIZ/84A09/2016/135 | State: Mizoram | District: Aizawl | Location: Hunther area | Latitude: 23.788032 | Longitude: 92.729443 | Material: Debris | Movement: Slide | History: NA,missing_date
GSI-92B9D16A1A1C,GSI-REVIEW-001531,,,,,23.7885,93.024666,Aizawl,landslide_report.pdf,563,Slide number: MZ/AIZ/84E01/2017/112 | State: Mizoram | District: Aizawl | Location: ~16 km from Thanglailung | Latitude: 23.7885 | Longitude: 93.024666 | Material: Rock | Movement: Slide | History: NA,missing_date
GSI-1EC2E705646C,GSI-REVIEW-001533,,,,,23.788722,92.837833,Aizawl,landslide_report.pdf,563,Slide number: MIZ/AIZ/84A13/2016/42 | State: Mizoram | District: Aizawl | Location: ~1.5 km from Mualman on NH 150 | Latitude: 23.788722 | Longitude: 92.837833 | Material: Debris | Movement: Slide | History: 2016,missing_date
GSI-8783FF5C4F07,GSI-REVIEW-001534,,,,,23.788722,92.837833,Aizawl,landslide_report.pdf,563,Slide number: MIZ/AIZ/84A13/2016/43 | State: Mizoram | District: Aizawl | Latitude: 23.788722 | Longitude: 92.837833 | Material: Debris | Movement: Slide | History: 2016,missing_date
GSI-E27AD6A5A166,GSI-REVIEW-001535,,,,,23.789749,93.035667,Aizawl,landslide_report.pdf,563,Slide number: MZ/AIZ/84E01/2017/104 | State: Mizoram | District: Aizawl | Location: 13 km from Thanglailung along PhullenSaitual section | Latitude: 23.789749 | Longitude: 93.035667 | Material: Rock | Movement: Slide | History: NA,missing_date
GSI-B69E4C8152C8,GSI-REVIEW-001537,,,,,23.790132,92.672097,Aizawl,landslide_report.pdf,563,Slide number: MIZ/AIZ/84A09/2016/81 | State: Mizoram | District: Aizawl | Location: Phungchawng section | Latitude: 23.790132 | Longitude: 92.672097 | Material: Rock | Movement: Slide | History: 2016,missing_date
GSI-EA8161A0C06B,GSI-REVIEW-001541,,,,,23.791511,92.730515,Aizawl,landslide_report.pdf,563,Slide number: MIZ/AIZ/84A09/2016/132 | State: Mizoram | District: Aizawl | Location: Hunther area | Latitude: 23.791511 | Longitude: 92.730515 | Material: Debris | Movement: Slide | History: NA,missing_date
GSI-93B90BCBE149,GSI-REVIEW-001542,,,,,23.792555,93.029892,Aizawl,landslide_report.pdf,563,Slide number: MZ/AIZ/84E01/2017/51 | State: Mizoram | District: Aizawl | Location: Near Thanglailung | Latitude: 23.792555 | Longitude: 93.029892 | Material: Rock | Movement: Slide | History: NA,missing_date
GSI-80E9728CFBCC,GSI-REVIEW-001545,,,,,23.794195,93.025055,Aizawl,landslide_report.pdf,563,Slide number: MZ/AIZ/84E01/2017/84 | State: Mizoram | District: Aizawl | Location: ThanglailungSaitual section | Latitude: 23.794195 | Longitude: 93.025055 | Material: Debris | Movement: Slide | History: NA,missing_date
GSI-B552E552E6E1,GSI-REVIEW-001546,,,,,23.795444,93.04039,Aizawl,landslide_report.pdf,563,Slide number: MZ/AIZ/84E01/2017/74 | State: Mizoram | District: Aizawl | Location: PhullenSaitual section | Latitude: 23.795444 | Longitude: 93.04039 | Material: Rock | Movement: Slide | History: NA,missing_date
GSI-A0F529D71A2D,GSI-REVIEW-001549,,,,,23.797361,93.040916,Aizawl,landslide_report.pdf,563,Slide number: MZ/AIZ/84E01/2017/101 | State: Mizoram | District: Aizawl | Location: 9.5 km from Thanglailung along PhullenSaitual section | Latitude: 23.797361 | Longitude: 93.040916 | Material: Debris | Movement: Slide | History: NA,missing_date
GSI-EF601AF4D3D8,GSI-REVIEW-001551,,,,,23.798861,92.642417,Aizawl,landslide_report.pdf,563,"Slide number: MIZ/AIZ/84A09/2016/90 | State: Mizoram | District: Aizawl | Location: Simhui, Airport road | Latitude: 23.798861 | Longitude: 92.642417 | Material: Earth | Movement: Slide | History: 2016",missing_date
GSI-639F59E07453,GSI-REVIEW-001558,,,,,23.801624,92.960437,Aizawl,landslide_report.pdf,563,Slide number: MIZ/AIZ/84A13/2016/135 | State: Mizoram | District: Aizawl | Slide name: N/A | Location: N/A | Latitude: 23.801624 | Longitude: 92.960437 | Material: Rock | Movement: Slide | History: 2016,missing_date
GSI-0574D9F41C13,GSI-REVIEW-001563,,,,,23.804193,93.035248,Aizawl,landslide_report.pdf,563,Slide number: MZ/AIZ/84E01/2017/52 | State: Mizoram | District: Aizawl | Location: 16 km from Phullen | Latitude: 23.804193 | Longitude: 93.035248 | Material: Rock | Movement: Slide | History: NA,missing_date
GSI-311D9B257B84,GSI-REVIEW-001565,,,,,23.805779,93.027115,Aizawl,landslide_report.pdf,564,Slide number: MZ/AIZ/84E01/2017/105 | State: Mizoram | District: Aizawl | Location: 11.5 km from Phullen | Latitude: 23.805779 | Longitude: 93.027115 | Material: Rock | Movement: Slide | History: NA,missing_date
GSI-28D9D4A78917,GSI-REVIEW-001566,,,,,23.808111,93.041779,Aizawl,landslide_report.pdf,564,Slide number: MZ/AIZ/84E01/2017/64 | State: Mizoram | District: Aizawl | Location: Near Thanglailung | Latitude: 23.808111 | Longitude: 93.041779 | Material: Rock | Movement: Slide | History: 2016,missing_date
GSI-40CA7003072C,GSI-REVIEW-001569,,,,,23.810083,92.833861,Aizawl,landslide_report.pdf,564,Slide number: MIZ/AIZ/84A13/2016/41 | State: Mizoram | District: Aizawl | Location: ~9.5 km N of Sesawng on NH 150 | Latitude: 23.810083 | Longitude: 92.833861 | Material: Debris | Movement: Slide | History: 2015,missing_date
GSI-86E66EE60C75,GSI-REVIEW-001571,,,,,23.811722,92.959917,Aizawl,landslide_report.pdf,564,Slide number: MIZ/AIZ/84A13/2016/134 | State: Mizoram | District: Aizawl | Location: Buhban village | Latitude: 23.811722 | Longitude: 92.959917 | Material: Debris | Movement: Slide | History: 2016,missing_date
GSI-84A2C75AC356,GSI-REVIEW-001573,,,,,23.812139,92.954167,Aizawl,landslide_report.pdf,564,Slide number: MIZ/AIZ/84A13/2016/133 | State: Mizoram | District: Aizawl | Location: NE periphery of Buhban village | Latitude: 23.812139 | Longitude: 92.954167 | Material: Rock | Movement: Slide | History: 2016,missing_date
GSI-5DDF19DB1B96,GSI-REVIEW-001574,,,,,23.812167,92.835194,Aizawl,landslide_report.pdf,564,Slide number: MIZ/AIZ/84A13/2016/40 | State: Mizoram | District: Aizawl | Location: ~10 km N of Sesawng on NH 150 | Latitude: 23.812167 | Longitude: 92.835194 | Material: Earth | Movement: Slide | History: 2015,missing_date
GSI-336F656A219E,GSI-REVIEW-001575,,,,,23.816,92.84,Aizawl,landslide_report.pdf,564,Slide number: MIZ/AIZ/84A13/2016/27 | State: Mizoram | District: Aizawl | Location: ~08-10 m from prev location | Latitude: 23.816 | Longitude: 92.84 | Material: Debris | Movement: Slide | History: 2016,missing_date
GSI-0467576AEBBF,GSI-REVIEW-001576,,,,,23.816611,92.662306,Aizawl,landslide_report.pdf,564,Slide number: MIZ/AIZ/84A09/2016/84 | State: Mizoram | District: Aizawl | Location: Sairang road (near bridge) | Latitude: 23.816611 | Longitude: 92.662306 | Material: Debris | Movement: Slide | History: 2016,missing_date
GSI-04A9B31000DD,GSI-REVIEW-001577,,,,,23.817333,92.661222,Aizawl,landslide_report.pdf,564,Slide number: MIZ/AIZ/84A09/2016/83 | State: Mizoram | District: Aizawl | Location: Sairang (near quarry) | Latitude: 23.817333 | Longitude: 92.661222 | Material: Earth | Movement: Slide | History: 2016,missing_date
GSI-81149BA052FE,GSI-REVIEW-001578,,,,,23.819269,92.826983,Aizawl,landslide_report.pdf,564,Slide number: MIZ/AIZ/84A13/2016/36 | State: Mizoram | District: Aizawl | Location: ~ 10 m from prev location | Latitude: 23.819269 | Longitude: 92.826983 | Material: Debris | Movement: Slide | History: 2016,missing_date
GSI-0290D84F9EEC,GSI-REVIEW-001579,,,,,23.819269,92.826983,Aizawl,landslide_report.pdf,564,Slide number: MIZ/AIZ/84A13/2016/35 | State: Mizoram | District: Aizawl | Location: 27 km Khawruhlian milestone towards Sesawng on NH 150 | Latitude: 23.819269 | Longitude: 92.826983 | Material: Debris | Movement: Slide | History: 2016,missing_date
GSI-F57DBE60FEBC,GSI-REVIEW-001581,,,,,23.822054,92.826453,Aizawl,landslide_report.pdf,564,Slide number: MIZ/AIZ/84A13/2016/37 | State: Mizoram | District: Aizawl | Location: ~27.3 km from Khawruhlian towards Sesawng on NH 150 | Latitude: 23.822054 | Longitude: 92.826453 | Material: Debris | Movement: Slide | History: 2016,missing_date
GSI-4B23ACDFE581,GSI-REVIEW-001582,,,,,23.822086,92.826497,Aizawl,landslide_report.pdf,564,Slide number: MIZ/AIZ/84A13/2016/38 | State: Mizoram | District: Aizawl | Location: ~ 10-15 m from previous location | Latitude: 23.822086 | Longitude: 92.826497 | Material: Rock | Movement: Fall | History: 2016,missing_date
GSI-2C122251451D,GSI-REVIEW-001583,,,,,23.823222,92.674861,Aizawl,landslide_report.pdf,564,Slide number: MIZ/AIZ/84A09/2016/124 | State: Mizoram | District: Aizawl | Location: E of Sairang | Latitude: 23.823222 | Longitude: 92.674861 | Material: Debris | Movement: Slide | History: 2015,missing_date
GSI-1F1A3D8B374E,GSI-REVIEW-001584,,,,,23.82325,92.925222,Aizawl,landslide_report.pdf,564,Slide number: MIZ/AIZ/84A13/2016/131 | State: Mizoram | District: Aizawl | Location: SE of Lailak village | Latitude: 23.82325 | Longitude: 92.925222 | Material: Rock | Movement: Slide | History: 2016,missing_date
GSI-D40584A75846,GSI-REVIEW-001585,,,,,23.824586,92.825019,Aizawl,landslide_report.pdf,564,Slide number: MIZ/AIZ/84A13/2016/39 | State: Mizoram | District: Aizawl | Location: ~200 m from previous location | Latitude: 23.824586 | Longitude: 92.825019 | Material: Rock | Movement: Fall | History: 2016,missing_date
GSI-9AA3FFC261F6,GSI-REVIEW-001586,,,,,23.825205,92.830469,Aizawl,landslide_report.pdf,564,Slide number: MIZ/AIZ/84A13/2016/34 | State: Mizoram | District: Aizawl | Location: ~25.8 km from Khawruhlian towards Sesawng on NH 150 | Latitude: 23.825205 | Longitude: 92.830469 | Material: Debris | Movement: Slide | History: 2016,missing_date
GSI-21B7D0583F8F,GSI-REVIEW-001592,,,,,23.835361,93.052414,Aizawl,landslide_report.pdf,564,Slide number: MZ/AIZ/84E01/2017/89 | State: Mizoram | District: Aizawl | Location: 4.5 km from Thanglailung along PhullenSaitual section | Latitude: 23.835361 | Longitude: 93.052414 | Material: Rock | Movement: Slide | History: NA,missing_date
GSI-3E105C886D7E,GSI-REVIEW-001594,,,,,23.83675,92.916556,Aizawl,landslide_report.pdf,564,Slide number: MIZ/AIZ/84A13/2016/130 | State: Mizoram | District: Aizawl | Location: ~1km from Lailak village | Latitude: 23.83675 | Longitude: 92.916556 | Material: Debris | Movement: Slide | History: 2016,missing_date
GSI-8A1BA3E51F8C,GSI-REVIEW-001595,,,,,23.839417,92.910972,Aizawl,landslide_report.pdf,564,Slide number: MIZ/AIZ/84A13/2016/129 | State: Mizoram | District: Aizawl | Location: Lailak village | Latitude: 23.839417 | Longitude: 92.910972 | Material: Debris | Movement: Slide | History: 2016,missing_date
GSI-D2C777B9A6A9,GSI-REVIEW-001597,,,,,23.840334,93.071945,Aizawl,landslide_report.pdf,565,Slide number: MZ/AIZ/84E01/2017/54 | State: Mizoram | District: Aizawl | Location: 6 km from Phullen along PhullenPhuaibuang section | Latitude: 23.840334 | Longitude: 93.071945 | Material: Rock | Movement: Slide | History: NA,missing_date
GSI-F09D90950E24,GSI-REVIEW-001598,,,,,23.841713,92.911476,Aizawl,landslide_report.pdf,565,Slide number: MIZ/AIZ/84A13/2016/128 | State: Mizoram | District: Aizawl | Location: Lailak village | Latitude: 23.841713 | Longitude: 92.911476 | Material: Rock | Movement: Slide | History: NA,missing_date
GSI-9FBA7337C209,GSI-REVIEW-001600,,,,,23.844109,92.928779,Aizawl,landslide_report.pdf,565,Slide number: MIZ/AIZ/84A13/2016/4 | State: Mizoram | District: Aizawl | Location: near Vanzao | Latitude: 23.844109 | Longitude: 92.928779 | Material: Debris | Movement: Slide | History: 2016,missing_date
GSI-02702B68E892,GSI-REVIEW-001601,,,,,23.844139,92.933,Aizawl,landslide_report.pdf,565,Slide number: MIZ/AIZ/84A13/2016/6 | State: Mizoram | District: Aizawl | Location: near vanzao | Latitude: 23.844139 | Longitude: 92.933 | Material: Rock | Movement: Slide | History: NA,missing_date
GSI-26A05E636EB9,GSI-REVIEW-001602,,,,,23.844165,92.930006,Aizawl,landslide_report.pdf,565,"Slide number: MIZ/AIZ/84A13/2016/5 | State: Mizoram | District: Aizawl | Location: near Vanzao, ~400m from previous location | Latitude: 23.844165 | Longitude: 92.930006 | Material: Rock | Movement: Fall | History: 2016",missing_date
GSI-31422985DA73,GSI-REVIEW-001603,,,,,23.844444,93.051361,Aizawl,landslide_report.pdf,565,Slide number: MZ/AIZ/84E01/2017/100 | State: Mizoram | District: Aizawl | Location: Near Phullen | Latitude: 23.844444 | Longitude: 93.051361 | Material: Rock | Movement: Slide | History: NA,missing_date
GSI-E420949E5F00,GSI-REVIEW-001607,,,,,23.847224,92.927508,Aizawl,landslide_report.pdf,565,Slide number: MIZ/AIZ/84A13/2016/2 | State: Mizoram | District: Aizawl | Location: ~2 km from Vanzao | Latitude: 23.847224 | Longitude: 92.927508 | Material: Debris | Movement: Slide | History: 2015,missing_date
GSI-4CA49DB14A19,GSI-REVIEW-001608,,,,,23.847246,92.927341,Aizawl,landslide_report.pdf,565,"Slide number: MIZ/AIZ/84A13/2016/3 | State: Mizoram | District: Aizawl | Location: ~2 km from Vanzao, 2m from previous slide | Latitude: 23.847246 | Longitude: 92.927341 | Material: Debris | Movement: Slide | History: 2016",missing_date
GSI-BC65564ED758,GSI-REVIEW-001609,,,,,23.848,93.041885,Aizawl,landslide_report.pdf,565,Slide number: MZ/AIZ/84E01/2017/60 | State: Mizoram | District: Aizawl | Location: Phullen | Latitude: 23.848 | Longitude: 93.041885 | Material: Debris | Movement: Slide | History: NA,missing_date
GSI-901362260B21,GSI-REVIEW-001610,,,,,23.848083,93.076691,Aizawl,landslide_report.pdf,565,Slide number: MZ/AIZ/84E01/2017/82 | State: Mizoram | District: Aizawl | Location: 8 km from Phullen along PhullenPhuaibuang section | Latitude: 23.848083 | Longitude: 93.076691 | Material: Soil | Movement: Slide | History: NA,missing_date
GSI-B8E76E232C7E,GSI-REVIEW-001611,,,,,23.848917,93.135307,Aizawl,landslide_report.pdf,565,Slide number: MZ/AIZ/84E01/2017/79 | State: Mizoram | District: Aizawl | Location: ~19 km from Phuaibuang | Latitude: 23.848917 | Longitude: 93.135307 | Material: Rock | Movement: Slide | History: NA,missing_date
GSI-E60AD17932D9,GSI-REVIEW-001612,,,,,23.849497,92.928202,Aizawl,landslide_report.pdf,565,Slide number: MIZ/AIZ/84A13/2016/1 | State: Mizoram | District: Aizawl | Location: ~ 3 km from Vanzao | Latitude: 23.849497 | Longitude: 92.928202 | Material: Debris | Movement: Flow | History: 2016,missing_date
GSI-D487178A664F,GSI-REVIEW-001613,,,,,23.85,93.048164,Aizawl,landslide_report.pdf,565,Slide number: MZ/AIZ/84E01/2017/81 | State: Mizoram | District: Aizawl | Location: Phullen village along PhullenSaitual section | Latitude: 23.85 | Longitude: 93.048164 | Material: Rock | Movement: Slide | History: NA,missing_date
GSI-D9AD15DF63A8,GSI-REVIEW-001615,,,,,23.85075,93.115608,Aizawl,landslide_report.pdf,565,"Slide number: MZ/AIZ/84E01/2017/85 | State: Mizoram | District: Aizawl | Location: 3 km from Tuivai river, near Ainawl | Latitude: 23.85075 | Longitude: 93.115608 | Material: Rock | Movement: Slide | History: NA",missing_date
GSI-1BDDDC41C210,GSI-REVIEW-001616,,,,,23.850861,92.743083,Aizawl,landslide_report.pdf,565,Slide number: MIZ/AIZ/84A09/2016/51 | State: Mizoram | District: Aizawl | Location: Siphir-Lungdai section | Latitude: 23.850861 | Longitude: 92.743083 | Material: Rock | Movement: Slide | History: 2016,missing_date
GSI-B6DF39253593,GSI-REVIEW-001617,,,,,23.851361,92.742222,Aizawl,landslide_report.pdf,565,Slide number: MIZ/AIZ/84A09/2016/49 | State: Mizoram | District: Aizawl | Location: Siphir-Lungdai section | Latitude: 23.851361 | Longitude: 92.742222 | Material: Earth | Movement: Slide | History: 2016,missing_date
GSI-38DD0339C434,GSI-REVIEW-001619,,,,,23.852722,92.743306,Aizawl,landslide_report.pdf,565,Slide number: MIZ/AIZ/84A09/2016/52 | State: Mizoram | District: Aizawl | Location: Near View point on Siphir- Serkhan road | Latitude: 23.852722 | Longitude: 92.743306 | Material: Rock | Movement: Fall | History: 2016,missing_date
GSI-6B99BFA117B5,GSI-REVIEW-001620,,,,,23.852861,93.059998,Aizawl,landslide_report.pdf,565,Slide number: MZ/AIZ/84E01/2017/61 | State: Mizoram | District: Aizawl | Location: 2 km from Phullen along PhullenPhuaibuang section | Latitude: 23.852861 | Longitude: 93.059998 | Material: Rock | Movement: Slide | History: NA,missing_date
GSI-CF1B70FED356,GSI-REVIEW-001621,,,,,23.853333,93.12458,Aizawl,landslide_report.pdf,565,Slide number: MZ/AIZ/84E01/2017/67 | State: Mizoram | District: Aizawl | Location: 23 km from Phuaibuang towards Tuivai river | Latitude: 23.853333 | Longitude: 93.12458 | Material: Soil | Movement: Slide | History: NA,missing_date
GSI-7EE70DBCE98C,GSI-REVIEW-001622,,,,,23.855028,93.041695,Aizawl,landslide_report.pdf,565,Slide number: MZ/AIZ/84E01/2017/99 | State: Mizoram | District: Aizawl | Location: Phullen | Latitude: 23.855028 | Longitude: 93.041695 | Material: Debris | Movement: Slide | History: NA,missing_date
GSI-6B316EA75004,GSI-REVIEW-001623,,,,,23.855092,92.666553,Aizawl,landslide_report.pdf,565,Slide number: MIZ/AIZ/84A09/2016/125 | State: Mizoram | District: Aizawl | Location: Towards Piggery Farm | Latitude: 23.855092 | Longitude: 92.666553 | Material: Debris | Movement: Slide | History: 2015,missing_date
GSI-4A3610DD50B2,GSI-REVIEW-001625,,,,,23.856821,92.833784,Aizawl,landslide_report.pdf,565,Slide number: MIZ/AIZ/84A13/2016/33 | State: Mizoram | District: Aizawl | Location: ~19 km from Khawruhlian towards Sesawng on NH 150 | Latitude: 23.856821 | Longitude: 92.833784 | Material: Debris | Movement: Flow | History: 2016,missing_date
GSI-C355E53759DD,GSI-REVIEW-001626,,,,,23.856861,92.743028,Aizawl,landslide_report.pdf,565,Slide number: MIZ/AIZ/84A09/2016/50 | State: Mizoram | District: Aizawl | Location: Siphir-Lungdai section | Latitude: 23.856861 | Longitude: 92.743028 | Material: Debris | Movement: Slide | History: 2016,missing_date
GSI-C5B24AA0159A,GSI-REVIEW-001628,,,,,23.859417,92.917333,Aizawl,landslide_report.pdf,565,Slide number: MIZ/AIZ/84A13/2016/126 | State: Mizoram | District: Aizawl | Location: Khanpui-Khawkawi section | Latitude: 23.859417 | Longitude: 92.917333 | Material: Debris | Movement: Slide | History: NA,missing_date
GSI-D8C7AA6693C0,GSI-REVIEW-001631,,,,,23.860102,92.834056,Aizawl,landslide_report.pdf,566,Slide number: MIZ/AIZ/84A13/2016/32 | State: Mizoram | District: Aizawl | Location: ~16 km from Khawruhlian towards Sesawng on NH 150 | Latitude: 23.860102 | Longitude: 92.834056 | Material: Debris | Movement: Slide | History: 2016,missing_date
GSI-830E73B5C594,GSI-REVIEW-001638,,,,,23.865694,92.932639,Aizawl,landslide_report.pdf,566,Slide number: MIZ/AIZ/84A13/2016/127 | State: Mizoram | District: Aizawl | Location: Khawkawi section | Latitude: 23.865694 | Longitude: 92.932639 | Material: Rock | Movement: Slide | History: NA,missing_date
GSI-2E51C4BF0D2D,GSI-REVIEW-001642,,,,,23.868917,92.735472,Aizawl,landslide_report.pdf,566,"Slide number: MIZ/AIZ/84A09/2016/53 | State: Mizoram | District: Aizawl | Location: ~1km from Lungdai, on Silchar Road (Siphir-Serkhan section) | Latitude: 23.868917 | Longitude: 92.735472 | Material: Rock | Movement: Fall | History: 2016",missing_date
GSI-6EA9E90F91F3,GSI-REVIEW-001643,,,,,23.869861,92.877444,Aizawl,landslide_report.pdf,566,Slide number: MIZ/AIZ/84A13/2016/15 | State: Mizoram | District: Aizawl | Location: Khawruhlian village on NH150 | Latitude: 23.869861 | Longitude: 92.877444 | Material: Debris | Movement: Slide | History: 2016,missing_date
GSI-4F469FFB2C70,GSI-REVIEW-001648,,,,,23.870583,93.095444,Aizawl,landslide_report.pdf,566,Slide number: MZ/AIZ/84E01/2017/90 | State: Mizoram | District: Aizawl | Location: PhullenPhuaibuang | Latitude: 23.870583 | Longitude: 93.095444 | Material: Rock | Movement: Slide | History: NA,missing_date
GSI-4EF00396DF61,GSI-REVIEW-001649,,,,,23.87075,93.078529,Aizawl,landslide_report.pdf,566,Slide number: MZ/AIZ/84E01/2017/65 | State: Mizoram | District: Aizawl | Location: Ainawl village | Latitude: 23.87075 | Longitude: 93.078529 | Material: Debris | Movement: Slide | History: 2017,missing_date
GSI-A2B7EFF87C7B,GSI-REVIEW-001650,,,,,23.871694,92.919955,Aizawl,landslide_report.pdf,566,Slide number: MIZ/AIZ/84A13/2016/7 | State: Mizoram | District: Aizawl | Location: near Pehlawn | Latitude: 23.871694 | Longitude: 92.919955 | Material: Debris | Movement: Slide | History: 2016,missing_date
GSI-FAF3998FEEA2,GSI-REVIEW-001651,,,,,23.872055,93.094276,Aizawl,landslide_report.pdf,566,Slide number: MZ/AIZ/84E01/2017/96 | State: Mizoram | District: Aizawl | Location: ~5k m from Ainawl along PhullenPhuaibuang section | Latitude: 23.872055 | Longitude: 93.094276 | Material: Rock | Movement: Slide | History: NA,missing_date
GSI-C95119DB48E7,GSI-REVIEW-001653,,,,,23.872722,92.874083,Aizawl,landslide_report.pdf,566,Slide number: MIZ/AIZ/84A13/2016/16 | State: Mizoram | District: Aizawl | Location: Khawruhlian village(near culvert) on NH150 | Latitude: 23.872722 | Longitude: 92.874083 | Material: Rock | Movement: Slide | History: 1996,missing_date
GSI-5691933FAE56,GSI-REVIEW-001658,,,,,23.88,92.69,Aizawl,landslide_report.pdf,566,Slide number: MIZ/AIZ/84A09/2016/92 | State: Mizoram | District: Aizawl | Location: Near Lengpui-NH 54 junction | Latitude: 23.88 | Longitude: 92.69 | Material: Rock | Movement: Fall | History: 2016,missing_date
GSI-162C8C75D423,GSI-REVIEW-001665,,,,,23.882055,93.041222,Aizawl,landslide_report.pdf,566,Slide number: MZ/AIZ/84E01/2017/57 | State: Mizoram | District: Aizawl | Location: ZawnginPhullen section | Latitude: 23.882055 | Longitude: 93.041222 | Material: Debris | Movement: Slide | History: NA,missing_date
GSI-983832631E81,GSI-REVIEW-001667,,,,,23.882583,92.877639,Aizawl,landslide_report.pdf,566,Slide number: MIZ/AIZ/84A13/2016/22 | State: Mizoram | District: Aizawl | Location: 2.5 km S of Khawruhlian towards Sesawng on NH 150 | Latitude: 23.882583 | Longitude: 92.877639 | Material: Debris | Movement: Slide | History: 2016,missing_date
GSI-DBC122CB420B,GSI-REVIEW-001668,,,,,23.88319,92.869,Aizawl,landslide_report.pdf,566,Slide number: MIZ/AIZ/84A13/2016/23 | State: Mizoram | District: Aizawl | Location: 4.2 km S of Khawruhlian towards Sesawng on NH 150 | Latitude: 23.88319 | Longitude: 92.869 | Material: Debris | Movement: Slide | History: 2016,missing_date
GSI-AE9F5A84B8F5,GSI-REVIEW-001669,,,,,23.883306,92.861917,Aizawl,landslide_report.pdf,567,Slide number: MIZ/AIZ/84A13/2016/25 | State: Mizoram | District: Aizawl | Location: ~6.5 km S of Khawruhlian towards Sesawng on NH 150 | Latitude: 23.883306 | Longitude: 92.861917 | Material: Debris | Movement: Flow | History: 2016,missing_date
GSI-CBF8D7111BC6,GSI-REVIEW-001670,,,,,23.88375,92.866778,Aizawl,landslide_report.pdf,567,Slide number: MIZ/AIZ/84A13/2016/24 | State: Mizoram | District: Aizawl | Location: ~4.8 km S of Khawruhlian towards Sesawng on NH 150 | Latitude: 23.88375 | Longitude: 92.866778 | Material: Debris | Movement: Slide | History: 2016,missing_date
GSI-B7B5AE22D9B7,GSI-REVIEW-001671,,,,,23.883944,92.880528,Aizawl,landslide_report.pdf,567,Slide number: MIZ/AIZ/84A13/2016/21 | State: Mizoram | District: Aizawl | Location: 2km Khawruhlian milestone towards Sesawng on NH 150 | Latitude: 23.883944 | Longitude: 92.880528 | Material: Debris | Movement: Slide | History: 2016,missing_date
GSI-188DD2259667,GSI-REVIEW-001676,,,,,23.885639,92.857861,Aizawl,landslide_report.pdf,567,Slide number: MIZ/AIZ/84A13/2016/26 | State: Mizoram | District: Aizawl | Location: ~7.3 km S of Khawruhlian towards Sesawng on NH 150 | Latitude: 23.885639 | Longitude: 92.857861 | Material: Debris | Movement: Slide | History: NA,missing_date
GSI-8062C07B3A91,GSI-REVIEW-001678,,,,,23.887251,93.095612,Aizawl,landslide_report.pdf,567,"Slide number: MZ/AIZ/84E01/2017/93 | State: Mizoram | District: Aizawl | Location: Ainawl village, near Tuivai river | Latitude: 23.887251 | Longitude: 93.095612 | Material: Debris | Movement: Slide | History: NA",missing_date
GSI-307B8378E0DA,GSI-REVIEW-001679,,,,,23.887333,92.851111,Aizawl,landslide_report.pdf,567,Slide number: MIZ/AIZ/84A13/2016/30 | State: Mizoram | District: Aizawl | Location: 11 km Khawruhlian milestone towards Sesawng on NH 150 | Latitude: 23.887333 | Longitude: 92.851111 | Material: Debris | Movement: Flow | History: 2016,missing_date
GSI-0C5E4DA3BBF0,GSI-REVIEW-001680,,,,,23.888081,93.026642,Aizawl,landslide_report.pdf,567,Slide number: MZ/AIZ/84E01/2017/66 | State: Mizoram | District: Aizawl | Location: ZawnginPhullen section | Latitude: 23.888081 | Longitude: 93.026642 | Material: Debris | Movement: Slide | History: NA,missing_date
GSI-6E54B1462925,GSI-REVIEW-001681,,,,,23.888945,93.033974,Aizawl,landslide_report.pdf,567,Slide number: MZ/AIZ/84E01/2017/83 | State: Mizoram | District: Aizawl | Location: ZawnginPhullen section | Latitude: 23.888945 | Longitude: 93.033974 | Material: Rock | Movement: Slide | History: NA,missing_date
GSI-E9AAD80FF44E,GSI-REVIEW-001682,,,,,23.889306,92.736528,Aizawl,landslide_report.pdf,567,"Slide number: MIZ/AIZ/84A09/2016/55 | State: Mizoram | District: Aizawl | Location: Lungdai village, Silchar road | Latitude: 23.889306 | Longitude: 92.736528 | Material: Rock | Movement: Slide | History: NA",missing_date
GSI-7652DB41E467,GSI-REVIEW-001684,,,,,23.891722,92.84925,Aizawl,landslide_report.pdf,567,Slide number: MIZ/AIZ/84A13/2016/28 | State: Mizoram | District: Aizawl | Location: 10 km Khawruhlian milestone towards Sesawng on NH 150 | Latitude: 23.891722 | Longitude: 92.84925 | Material: Debris | Movement: Slide | History: 2016,missing_date
GSI-19926DAEA3F6,GSI-REVIEW-001685,,,,,23.891722,92.84925,Aizawl,landslide_report.pdf,567,Slide number: MIZ/AIZ/84A13/2016/29 | State: Mizoram | District: Aizawl | Location: ~07 m from prev location | Latitude: 23.891722 | Longitude: 92.84925 | Material: Debris | Movement: Slide | History: 2016,missing_date
GSI-56B580429309,GSI-REVIEW-001686,,,,,23.894444,93.019279,Aizawl,landslide_report.pdf,567,Slide number: MZ/AIZ/84E01/2017/69 | State: Mizoram | District: Aizawl | Location: ZawnginPhullen section | Latitude: 23.894444 | Longitude: 93.019279 | Material: Debris | Movement: Slide | History: NA,missing_date
GSI-228B207AAA22,GSI-REVIEW-001687,,,,,23.8985,92.64739,Aizawl,landslide_report.pdf,567,Slide number: MZ/AIZ/84A09/2014/06 | State: Mizoram | District: Aizawl | Location: NH 54 | Latitude: 23.8985 | Longitude: 92.64739 | Material: Rock cum Debris | Movement: Slide | History: NA,missing_date
GSI-4972C6A18572,GSI-REVIEW-001688,,,,,23.899305,93.015587,Aizawl,landslide_report.pdf,567,Slide number: MZ/AIZ/84E01/2017/107 | State: Mizoram | District: Aizawl | Location: Zawngin village | Latitude: 23.899305 | Longitude: 93.015587 | Material: Rock | Movement: Slide | History: NA,missing_date
GSI-A1735B0033C3,GSI-REVIEW-001690,,,,,23.900694,93.015587,Aizawl,landslide_report.pdf,567,Slide number: MZ/AIZ/84E01/2017/62 | State: Mizoram | District: Aizawl | Location: Zawngin village | Latitude: 23.900694 | Longitude: 93.015587 | Material: Debris | Movement: Slide | History: NA,missing_date
GSI-9FE990E1ED8B,GSI-REVIEW-001692,,,,,23.902111,92.922556,Aizawl,landslide_report.pdf,567,Slide number: MIZ/AIZ/84A13/2016/8 | State: Mizoram | District: Aizawl | Location: Pehlawn | Latitude: 23.902111 | Longitude: 92.922556 | Material: Debris | Movement: Slide | History: 2016,missing_date
GSI-EB9016D869AB,GSI-REVIEW-001694,,,,,23.907555,93.015114,Aizawl,landslide_report.pdf,567,"Slide number: MZ/AIZ/84E01/2017/91 | State: Mizoram | District: Aizawl | Location: Zawngin village, northern outskirts | Latitude: 23.907555 | Longitude: 93.015114 | Material: Debris | Movement: Slide | History: 2017",missing_date
GSI-A97897158DA2,GSI-REVIEW-001697,,,,,23.909111,93.02375,Aizawl,landslide_report.pdf,567,Slide number: MZ/AIZ/84E01/2017/80 | State: Mizoram | District: Aizawl | Location: SuangpuilawnZawngin section | Latitude: 23.909111 | Longitude: 93.02375 | Material: Rock | Movement: Slide | History: NA,missing_date
GSI-C9A063F318ED,GSI-REVIEW-001700,,,,,23.913445,93.023941,Aizawl,landslide_report.pdf,568,Slide number: MZ/AIZ/84E01/2017/88 | State: Mizoram | District: Aizawl | Location: SuangpuilawnZawngin section | Latitude: 23.913445 | Longitude: 93.023941 | Material: Debris | Movement: Slide | History: NA,missing_date
GSI-D7A68D20BC24,GSI-REVIEW-001702,,,,,23.915778,92.742417,Aizawl,landslide_report.pdf,568,"Slide number: MIZ/AIZ/84A09/2016/120 | State: Mizoram | District: Aizawl | Location: E of Serkhan, Serkhan-Hlimen road | Latitude: 23.915778 | Longitude: 92.742417 | Material: Rock | Movement: Slide | History: 2016",missing_date
GSI-6A9D10066E23,GSI-REVIEW-001703,,,,,23.918389,92.923472,Aizawl,landslide_report.pdf,568,Slide number: MIZ/AIZ/84A13/2016/14 | State: Mizoram | District: Aizawl | Location: E Phaileng on NH 150 | Latitude: 23.918389 | Longitude: 92.923472 | Material: Debris | Movement: Slide | History: 2016,missing_date
GSI-6253280AEF5F,GSI-REVIEW-001704,,,,,23.918461,92.741531,Aizawl,landslide_report.pdf,568,Slide number: MIZ/AIZ/84A09/2016/121 | State: Mizoram | District: Aizawl | Location: Serkhan- Nisapui-Luanguat road section | Latitude: 23.918461 | Longitude: 92.741531 | Material: Rock | Movement: Slide | History: 2016,missing_date
GSI-CDE2AF0F291D,GSI-REVIEW-001705,,,,,23.918694,92.740389,Aizawl,landslide_report.pdf,568,Slide number: MIZ/AIZ/84A09/2016/54 | State: Mizoram | District: Aizawl | Location: ~2 km from Serkhan towards Khawnpui | Latitude: 23.918694 | Longitude: 92.740389 | Material: Debris | Movement: Slide | History: 2016,missing_date
GSI-995F653371AC,GSI-REVIEW-001707,,,,,23.922639,92.736528,Aizawl,landslide_report.pdf,568,Slide number: MIZ/AIZ/84A09/2016/56 | State: Mizoram | District: Aizawl | Location: ~3.5 km from Serkhan | Latitude: 23.922639 | Longitude: 92.736528 | Material: Debris | Movement: Slide | History: 2016,missing_date
GSI-D23F4AC83814,GSI-REVIEW-001708,,,,,23.92294,92.65703,Aizawl,landslide_report.pdf,568,Slide number: MZ/AIZ/84A09/2014/07 | State: Mizoram | District: Aizawl | Location: NH 54 | Latitude: 23.92294 | Longitude: 92.65703 | Material: Debris | Movement: Slide | History: 2013,missing_date
GSI-5E75AE237792,GSI-REVIEW-001709,,,,,23.923047,92.656696,Aizawl,landslide_report.pdf,568,Slide number: MIZ/AIZ/84A09/2016/87 | State: Mizoram | District: Aizawl | Location: Silchar road | Latitude: 23.923047 | Longitude: 92.656696 | Material: Debris | Movement: Slide | History: 2014,missing_date
GSI-2731767EEF5E,GSI-REVIEW-001710,,,,,23.92425,92.925222,Aizawl,landslide_report.pdf,568,Slide number: MIZ/AIZ/84A13/2016/9 | State: Mizoram | District: Aizawl | Location: ~1km N of Pehlawn at 4 km Kepran milestone | Latitude: 23.92425 | Longitude: 92.925222 | Material: Debris | Movement: Slide | History: 2016,missing_date
GSI-E46B11B1B698,GSI-REVIEW-001711,,,,,23.924278,92.744806,Aizawl,landslide_report.pdf,568,Slide number: MIZ/AIZ/84A09/2016/122 | State: Mizoram | District: Aizawl | Location: Serkhan-Luangmuat road section | Latitude: 23.924278 | Longitude: 92.744806 | Material: Rock | Movement: Slide | History: 2016,missing_date
GSI-86D05E98D094,GSI-REVIEW-001712,,,,,23.927389,93.02803,Aizawl,landslide_report.pdf,568,Slide number: MZ/AIZ/84E01/2017/77 | State: Mizoram | District: Aizawl | Location: SuangpuilawnZawngin section | Latitude: 23.927389 | Longitude: 93.02803 | Material: Debris | Movement: Slide | History: NA,missing_date
GSI-16F79D509C0B,GSI-REVIEW-001713,,,,,23.927389,93.02803,Aizawl,landslide_report.pdf,568,Slide number: MZ/AIZ/84E01/2017/78 | State: Mizoram | District: Aizawl | Location: SuangpuilawnZawngin section | Latitude: 23.927389 | Longitude: 93.02803 | Material: Rock | Movement: Slide | History: NA,missing_date
GSI-91B7E8139B66,GSI-REVIEW-001714,,,,,23.929083,92.922778,Aizawl,landslide_report.pdf,568,Slide number: MIZ/AIZ/84A13/2016/10 | State: Mizoram | District: Aizawl | Location: ~3.5 km S of Kepran | Latitude: 23.929083 | Longitude: 92.922778 | Material: Rock | Movement: Slide | History: 2016,missing_date
GSI-83787DA4C8E4,GSI-REVIEW-001716,,,,,23.933904,92.673871,Aizawl,landslide_report.pdf,568,Slide number: MIZ/AIZ/84A09/2016/88 | State: Mizoram | District: Aizawl | Location: Silchar road | Latitude: 23.933904 | Longitude: 92.673871 | Material: Rock | Movement: Slide | History: 2016,missing_date
GSI-461827E41394,GSI-REVIEW-001717,,,,,23.934222,92.730611,Aizawl,landslide_report.pdf,568,"Slide number: MIZ/AIZ/84A09/2016/57 | State: Mizoram | District: Aizawl | Location: Serkhan-Khawnpui section, Silchar road | Latitude: 23.934222 | Longitude: 92.730611 | Material: Debris | Movement: Slide | History: 2016",missing_date
GSI-926A8C9B80D7,GSI-REVIEW-001718,,,,,23.934417,92.667222,Aizawl,landslide_report.pdf,568,"Slide number: MIZ/AIZ/84A09/2016/106 | State: Mizoram | District: Aizawl | Location: Khamrang-Kawnpui road, 19 km S of Kawnpui | Latitude: 23.934417 | Longitude: 92.667222 | Material: Rock | Movement: Slide | History: 2016",missing_date
GSI-E436EE55AB41,GSI-REVIEW-001721,,,,,23.936333,93.118858,Aizawl,landslide_report.pdf,568,Slide number: MZ/AIZ/84E01/2017/72 | State: Mizoram | District: Aizawl | Location: PhuaibuangKhawlian section | Latitude: 23.936333 | Longitude: 93.118858 | Material: Debris | Movement: Slide | History: NA,missing_date
GSI-B43D771C3882,GSI-REVIEW-001723,,,,,23.938028,93.121277,Aizawl,landslide_report.pdf,568,Slide number: MZ/AIZ/84E01/2017/73 | State: Mizoram | District: Aizawl | Location: PhuaibuangKhawlian section | Latitude: 23.938028 | Longitude: 93.121277 | Material: Rock | Movement: Slide | History: NA,missing_date
GSI-595E12B72F62,GSI-REVIEW-001726,,,,,23.9395,92.927889,Aizawl,landslide_report.pdf,568,Slide number: MIZ/AIZ/84A13/2016/11 | State: Mizoram | District: Aizawl | Location: 1.5 km S of Kepran | Latitude: 23.9395 | Longitude: 92.927889 | Material: Debris | Movement: Slide | History: 2016,missing_date
GSI-2139076454DF,GSI-REVIEW-001728,,,,,23.940106,92.680592,Aizawl,landslide_report.pdf,568,Slide number: MIZ/AIZ/84A09/2016/89 | State: Mizoram | District: Aizawl | Location: Silchar road | Latitude: 23.940106 | Longitude: 92.680592 | Material: Debris | Movement: Slide | History: 2016,missing_date
GSI-D3BEE9B35FF4,GSI-REVIEW-001729,,,,,23.940333,92.680833,Aizawl,landslide_report.pdf,568,Slide number: MIZ/AIZ/84A09/2016/107 | State: Mizoram | District: Aizawl | Location: 14 km milestone Kawnpui on Aizawl-Silchar road | Latitude: 23.940333 | Longitude: 92.680833 | Material: Rock | Movement: Slide | History: 2016,missing_date
GSI-D7089EF654DF,GSI-REVIEW-001731,,,,,23.943241,92.933604,Aizawl,landslide_report.pdf,568,Slide number: MIZ/AIZ/84A13/2016/12 | State: Mizoram | District: Aizawl | Slide name: Kepran slide | Location: Kepran on NH-150 | Latitude: 23.943241 | Longitude: 92.933604 | Material: Debris | Movement: Slide | History: 2016,missing_date
GSI-3337955BBD69,GSI-REVIEW-001732,,,,,23.94325,92.933611,Aizawl,landslide_report.pdf,568,Slide number: MZ/AZL/84A13/2016/03 | State: Mizoram | District: Aizawl | Slide name: Kepran slide | Location: Kepran village on NH 150 | Latitude: 23.94325 | Longitude: 92.933611 | Material: Debris | Movement: Slide | History: 2016,missing_date
GSI-E98BDF19E386,GSI-REVIEW-001734,,,,,23.948917,93.038719,Aizawl,landslide_report.pdf,569,Slide number: MZ/AIZ/84E01/2017/95 | State: Mizoram | District: Aizawl | Location: S of Suangpuilawn | Latitude: 23.948917 | Longitude: 93.038719 | Material: Rock | Movement: Slide | History: NA,missing_date
GSI-0819776A0974,GSI-REVIEW-001736,,,,,23.950195,93.125061,Aizawl,landslide_report.pdf,569,Slide number: MZ/AIZ/84E01/2017/108 | State: Mizoram | District: Aizawl | Location: Near Phuaibuang | Latitude: 23.950195 | Longitude: 93.125061 | Material: Rock | Movement: Slide | History: NA,missing_date
GSI-ED7D3C458310,GSI-REVIEW-001738,,,,,23.950417,93.037109,Aizawl,landslide_report.pdf,569,Slide number: MZ/AIZ/84E01/2017/86 | State: Mizoram | District: Aizawl | Location: S of Suangpuilawn | Latitude: 23.950417 | Longitude: 93.037109 | Material: Debris | Movement: Slide | History: 2017,missing_date
GSI-1F12AF53DB13,GSI-REVIEW-001739,,,,,23.956528,93.041084,Aizawl,landslide_report.pdf,569,Slide number: MZ/AIZ/84E01/2017/68 | State: Mizoram | District: Aizawl | Location: Suangpuilawn village | Latitude: 23.956528 | Longitude: 93.041084 | Material: Rock | Movement: Slide | History: NA,missing_date
GSI-8B227AE6F932,GSI-REVIEW-001740,,,,,23.957556,93.026558,Aizawl,landslide_report.pdf,569,Slide number: MZ/AIZ/84E01/2017/98 | State: Mizoram | District: Aizawl | Location: SuangpuilawnE. Phaileng section | Latitude: 23.957556 | Longitude: 93.026558 | Material: Debris | Movement: Slide | History: NA,missing_date
GSI-71FCE3A79319,GSI-REVIEW-001741,,,,,23.958944,93.022781,Aizawl,landslide_report.pdf,569,Slide number: MZ/AIZ/84E01/2017/87 | State: Mizoram | District: Aizawl | Location: SuangpuilawnE. Phaileng section | Latitude: 23.958944 | Longitude: 93.022781 | Material: Debris | Movement: Slide | History: NA,missing_date
GSI-E2D73A773952,GSI-REVIEW-001742,,,,,23.958944,93.022781,Aizawl,landslide_report.pdf,569,Slide number: MZ/AIZ/84E01/2017/102 | State: Mizoram | District: Aizawl | Location: SuangpuilawnE. Phaileng section | Latitude: 23.958944 | Longitude: 93.022781 | Material: Debris | Movement: Slide | History: NA,missing_date
GSI-A86595612962,GSI-REVIEW-001743,,,,,23.959278,93.020859,Aizawl,landslide_report.pdf,569,Slide number: MZ/AIZ/84E01/2017/63 | State: Mizoram | District: Aizawl | Location: SuangpuilawnE. Phaileng section | Latitude: 23.959278 | Longitude: 93.020859 | Material: Debris | Movement: Slide | History: NA,missing_date
GSI-1DA025D3990D,GSI-REVIEW-001744,,,,,23.959278,93.123558,Aizawl,landslide_report.pdf,569,Slide number: MZ/AIZ/84E01/2017/109 | State: Mizoram | District: Aizawl | Latitude: 23.959278 | Longitude: 93.123558 | Material: Debris | Movement: Slide | History: NA,missing_date
GSI-5C682AEA74A4,GSI-REVIEW-001745,,,,,23.95942,92.943345,Aizawl,landslide_report.pdf,569,Slide number: MIZ/AIZ/84A13/2016/132 | State: Mizoram | District: Aizawl | Location: SE of Sawleng | Latitude: 23.95942 | Longitude: 92.943345 | Material: Debris | Movement: Slide | History: 2016,missing_date
GSI-21CCDDAA6E4B,GSI-REVIEW-001746,,,,,23.961,93.028969,Aizawl,landslide_report.pdf,569,Slide number: MZ/AIZ/84E01/2017/103 | State: Mizoram | District: Aizawl | Location: SuangpuilawnE. Phaileng section | Latitude: 23.961 | Longitude: 93.028969 | Material: Debris | Movement: Slide | History: NA,missing_date
GSI-2AD4B723A8A0,GSI-REVIEW-001747,,,,,23.962278,93.035309,Aizawl,landslide_report.pdf,569,Slide number: MZ/AIZ/84E01/2017/110 | State: Mizoram | District: Aizawl | Location: Suangpuilawn village | Latitude: 23.962278 | Longitude: 93.035309 | Material: Debris | Movement: Slide | History: 2017,missing_date
GSI-D4788453BFC7,GSI-REVIEW-001748,,,,,23.965889,92.682278,Aizawl,landslide_report.pdf,569,Slide number: MIZ/AIZ/84A09/2016/108 | State: Mizoram | District: Aizawl | Location: Near bridge(PHED Kawnpui water supply gate) | Latitude: 23.965889 | Longitude: 92.682278 | Material: Rock | Movement: Fall | History: 2016,missing_date
GSI-DC4435F5C140,GSI-REVIEW-001749,,,,,23.966249,93.041115,Aizawl,landslide_report.pdf,569,Slide number: MZ/AIZ/84E01/2017/76 | State: Mizoram | District: Aizawl | Location: Suangpuilawn village | Latitude: 23.966249 | Longitude: 93.041115 | Material: Rock | Movement: Slide | History: NA,missing_date
GSI-35BECE31EDD8,GSI-REVIEW-001750,,,,,23.966249,93.041115,Aizawl,landslide_report.pdf,569,Slide number: MZ/AIZ/84E01/2017/97 | State: Mizoram | District: Aizawl | Location: Suangpuilawn village | Latitude: 23.966249 | Longitude: 93.041115 | Material: Rock | Movement: Slide | History: NA,missing_date
GSI-C8A50C36A406,GSI-REVIEW-001751,,,,,23.966917,93.041473,Aizawl,landslide_report.pdf,569,Slide number: MZ/AIZ/84E01/2017/50 | State: Mizoram | District: Aizawl | Location: SuangpuilawnLamherh section | Latitude: 23.966917 | Longitude: 93.041473 | Material: Debris | Movement: Flow | History: NA,missing_date
GSI-16F089D74CC2,GSI-REVIEW-001752,,,,,23.969223,93.016335,Aizawl,landslide_report.pdf,569,Slide number: MZ/AIZ/84E01/2017/58 | State: Mizoram | District: Aizawl | Location: SuangpuilawnE. Phaileng section | Latitude: 23.969223 | Longitude: 93.016335 | Material: Rock | Movement: Slide | History: NA,missing_date
GSI-ACEA551E2C26,GSI-REVIEW-001753,,,,,23.970444,92.927167,Aizawl,landslide_report.pdf,569,Slide number: MIZ/AIZ/84A13/2016/13 | State: Mizoram | District: Aizawl | Location: ~2.5 km S of Sawleng at 5 km N of Kepran milestone | Latitude: 23.970444 | Longitude: 92.927167 | Material: Debris | Movement: Slide | History: 2016,missing_date
GSI-A8E1CE07D864,GSI-REVIEW-001755,,,,,23.972027,93.014893,Aizawl,landslide_report.pdf,569,Slide number: MZ/AIZ/84E01/2017/92 | State: Mizoram | District: Aizawl | Location: SuangpuilawnE. Phaileng section | Latitude: 23.972027 | Longitude: 93.014893 | Material: Rock | Movement: Slide | History: 2017,missing_date
GSI-7D4F3D3AD226,GSI-REVIEW-001764,,,,,23.982639,93.011055,Aizawl,landslide_report.pdf,569,Slide number: MZ/AIZ/84E01/2017/59 | State: Mizoram | District: Aizawl | Location: SuangpuilawnE. Phaileng section | Latitude: 23.982639 | Longitude: 93.011055 | Material: Debris | Movement: Slide | History: 2017,missing_date
GSI-06831E1E21B3,GSI-REVIEW-001766,,,,,23.983694,93.044418,Aizawl,landslide_report.pdf,570,Slide number: MZ/AIZ/84E01/2017/106 | State: Mizoram | District: Aizawl | Location: SuangpuilawnLamherh section | Latitude: 23.983694 | Longitude: 93.044418 | Material: Soil | Movement: Slide | History: NA,missing_date
GSI-623FA760FE0D,GSI-REVIEW-001767,,,,,23.984972,92.772028,Aizawl,landslide_report.pdf,570,Slide number: MIZ/AIZ/84A09/2016/123 | State: Mizoram | District: Aizawl | Location: Lungmuat-N Chaltlang section | Latitude: 23.984972 | Longitude: 92.772028 | Material: Debris | Movement: Slide | History: 2016,missing_date
GSI-364C5577AA41,GSI-REVIEW-001770,,,,,23.990028,93.010582,Aizawl,landslide_report.pdf,570,Slide number: MZ/AIZ/84E01/2017/71 | State: Mizoram | District: Aizawl | Location: SuangpuilawnE. Phaileng section | Latitude: 23.990028 | Longitude: 93.010582 | Material: Debris | Movement: Slide | History: NA,missing_date
GSI-9CF9255E314C,GSI-REVIEW-001772,,,,,23.992805,93.043251,Aizawl,landslide_report.pdf,570,Slide number: MZ/AIZ/84E01/2017/111 | State: Mizoram | District: Aizawl | Location: SuangpuilawnVanbawng | Latitude: 23.992805 | Longitude: 93.043251 | Material: Rock | Movement: Slide | History: NA,missing_date
GSI-8AF2DE1505F5,GSI-REVIEW-001773,,,,,23.993778,93.004524,Aizawl,landslide_report.pdf,570,"Slide number: MZ/AIZ/84E01/2017/56 | State: Mizoram | District: Aizawl | Location: SuangpuilawnE. Phaileng section, near Rungdil | Latitude: 23.993778 | Longitude: 93.004524 | Material: Debris | Movement: Slide | History: NA",missing_date
GSI-A431828184EE,GSI-REVIEW-001777,,,,,24.001167,93.037613,Aizawl,landslide_report.pdf,570,Slide number: MZ/AIZ/83H04/2017/4 | State: Mizoram | District: Aizawl | Location: SuangpuilawnLamherh section | Latitude: 24.001167 | Longitude: 93.037613 | Material: Debris | Movement: Slide | History: NA,missing_date
GSI-99F142B20AC2,GSI-REVIEW-001779,,,,,24.004186,92.904111,Aizawl,landslide_report.pdf,570,Slide number: MZ/AIZ/83D16/2016/102 | State: Mizoram | District: Aizawl | Location: darlawn | Latitude: 24.004186 | Longitude: 92.904111 | Material: Earth | Movement: Slide | History: 2016,missing_date
GSI-91671714FCD9,GSI-REVIEW-001780,,,,,24.004313,92.904068,Aizawl,landslide_report.pdf,570,Slide number: MZ/AIZ/83D16/2016/101 | State: Mizoram | District: Aizawl | Location: jhum road from darlawn | Latitude: 24.004313 | Longitude: 92.904068 | Material: Earth | Movement: Slide | History: 2016,missing_date
GSI-64C21E813E9C,GSI-REVIEW-001783,,,,,24.00977,92.767346,Aizawl,landslide_report.pdf,570,Slide number: MZ/AIZ/83D16/2016/36 | State: Mizoram | District: Aizawl | Location: S. Of North Chaltlang | Latitude: 24.00977 | Longitude: 92.767346 | Material: Earth | Movement: Slide | History: 2016,missing_date
GSI-D8BCF5723533,GSI-REVIEW-001784,,,,,24.010279,92.767056,Aizawl,landslide_report.pdf,570,Slide number: MZ/AIZ/83D16/2016/35 | State: Mizoram | District: Aizawl | Location: S. Of North Chaltlang | Latitude: 24.010279 | Longitude: 92.767056 | Material: Rock | Movement: Slide | History: 2016,missing_date
GSI-27AFBFB56FDF,GSI-REVIEW-001785,,,,,24.012472,93.047249,Aizawl,landslide_report.pdf,570,Slide number: MZ/AIZ/83H04/2017/15 | State: Mizoram | District: Aizawl | Location: 3.5 km from Vanbawng | Latitude: 24.012472 | Longitude: 93.047249 | Material: Debris | Movement: Slide | History: NA,missing_date
GSI-8D2782A44E24,GSI-REVIEW-001786,,,,,24.013044,92.920237,Aizawl,landslide_report.pdf,570,Slide number: MZ/AIZ/83D16/2016/100 | State: Mizoram | District: Aizawl | Location: Darlawn (water harvesting structure) | Latitude: 24.013044 | Longitude: 92.920237 | Material: Debris | Movement: Slide | History: NA,missing_date
GSI-01119D97E1F6,GSI-REVIEW-001787,,,,,24.014332,92.924018,Aizawl,landslide_report.pdf,570,Slide number: MZ/AIZ/83D16/2016/99 | State: Mizoram | District: Aizawl | Location: NW of darlawn | Latitude: 24.014332 | Longitude: 92.924018 | Material: Debris | Movement: Slide | History: NA,missing_date
GSI-C2545433D819,GSI-REVIEW-001788,,,,,24.015858,92.797666,Aizawl,landslide_report.pdf,570,Slide number: MZ/AIZ/83D16/2016/72 | State: Mizoram | District: Aizawl | Location: Turial road | Latitude: 24.015858 | Longitude: 92.797666 | Material: Earth | Movement: Slide | History: 2016,missing_date
GSI-6E07EC892C04,GSI-REVIEW-001789,,,,,24.019306,93.181274,Aizawl,landslide_report.pdf,570,Slide number: MZ/AIZ/83H04/2017/8 | State: Mizoram | District: Aizawl | Location: ChaihppuiDaido section | Latitude: 24.019306 | Longitude: 93.181274 | Material: Rock | Movement: Slide | History: NA,missing_date
GSI-26B67466F74F,GSI-REVIEW-001792,,,,,24.022079,92.771729,Aizawl,landslide_report.pdf,570,Slide number: MZ/AIZ/83D16/2016/37 | State: Mizoram | District: Aizawl | Location: North Chaltlang | Latitude: 24.022079 | Longitude: 92.771729 | Material: Earth | Movement: Slide | History: 2016,missing_date
GSI-7C304B58811A,GSI-REVIEW-001793,,,,,24.022188,92.771891,Aizawl,landslide_report.pdf,570,Slide number: MZ/AIZ/83D16/2016/38 | State: Mizoram | District: Aizawl | Location: North Chaltlang | Latitude: 24.022188 | Longitude: 92.771891 | Material: Earth | Movement: Slide | History: 2016,missing_date
GSI-F53C008364BD,GSI-REVIEW-001794,,,,,24.022347,92.772075,Aizawl,landslide_report.pdf,570,Slide number: MZ/AIZ/83D16/2016/39 | State: Mizoram | District: Aizawl | Location: North Chaltlang | Latitude: 24.022347 | Longitude: 92.772075 | Material: Earth | Movement: Slide | History: 2016,missing_date
GSI-41912E14DF15,GSI-REVIEW-001795,,,,,24.022376,92.77308,Aizawl,landslide_report.pdf,570,Slide number: MZ/AIZ/83D16/2016/40 | State: Mizoram | District: Aizawl | Location: North Chaltlang | Latitude: 24.022376 | Longitude: 92.77308 | Material: Earth | Movement: Slide | History: 2016,missing_date
GSI-BF6BB9A9F959,GSI-REVIEW-001799,,,,,24.024289,92.771361,Aizawl,landslide_report.pdf,570,Slide number: MZ/AIZ/83D16/2016/41 | State: Mizoram | District: Aizawl | Location: North Chaltlang | Latitude: 24.024289 | Longitude: 92.771361 | Material: Debris | Movement: Slide | History: 2016,missing_date
GSI-0C66ECAA4A3A,GSI-REVIEW-001800,,,,,24.024826,92.888859,Aizawl,landslide_report.pdf,570,Slide number: MZ/AIZ/83D16/2016/98 | State: Mizoram | District: Aizawl | Location: North of Serzawl | Latitude: 24.024826 | Longitude: 92.888859 | Material: Earth | Movement: Slide | History: NA,missing_date
GSI-3F31990A1856,GSI-REVIEW-001801,,,,,24.025094,92.769158,Aizawl,landslide_report.pdf,570,Slide number: MZ/AIZ/83D16/2016/69 | State: Mizoram | District: Aizawl | Location: North Chaltlang | Latitude: 24.025094 | Longitude: 92.769158 | Material: Rock | Movement: Slide | History: 2016,missing_date
GSI-CC6A8E02C8B1,GSI-REVIEW-001802,,,,,24.025487,92.907485,Aizawl,landslide_report.pdf,570,Slide number: MZ/AIZ/83D16/2016/93 | State: Mizoram | District: Aizawl | Location: on the way to N. Serzawl | Latitude: 24.025487 | Longitude: 92.907485 | Material: Earth | Movement: Slide | History: NA,missing_date
GSI-DA174DA826F6,GSI-REVIEW-001803,,,,,24.025506,92.915628,Aizawl,landslide_report.pdf,570,Slide number: MZ/AIZ/83D16/2016/76 | State: Mizoram | District: Aizawl | Location: 5.8km north of Darlawn | Latitude: 24.025506 | Longitude: 92.915628 | Material: Rock | Movement: Fall | History: 2016,missing_date
GSI-A0FDC9A4CB14,GSI-REVIEW-001804,,,,,24.025542,92.91546,Aizawl,landslide_report.pdf,570,Slide number: MZ/KOL/83D12/2016/15 | State: Mizoram | District: Aizawl | Location: 8.5km S of Sailut | Latitude: 24.025542 | Longitude: 92.91546 | Material: Rock | Movement: Slide | History: NA,missing_date
GSI-AC4FBAE57427,GSI-REVIEW-001805,,,,,24.025676,92.914807,Aizawl,landslide_report.pdf,570,Slide number: MZ/AIZ/83D16/2016/75 | State: Mizoram | District: Aizawl | Location: 5.5km north of Darlawn | Latitude: 24.025676 | Longitude: 92.914807 | Material: Rock | Movement: Slide | History: 2016,missing_date
GSI-EE295BCDB321,GSI-REVIEW-001807,,,,,24.026556,92.911915,Aizawl,landslide_report.pdf,571,Slide number: MZ/AIZ/83D16/2016/74 | State: Mizoram | District: Aizawl | Location: 5km N. Of Darlawn | Latitude: 24.026556 | Longitude: 92.911915 | Material: Rock | Movement: Fall | History: 2016,missing_date
GSI-5F4F8E4B6F3C,GSI-REVIEW-001808,,,,,24.028721,92.909301,Aizawl,landslide_report.pdf,571,Slide number: MZ/AIZ/83D16/2016/73 | State: Mizoram | District: Aizawl | Location: North of Darlawn | Latitude: 24.028721 | Longitude: 92.909301 | Material: Earth | Movement: Slide | History: 2016,missing_date
GSI-3F5BE91A69D5,GSI-REVIEW-001810,,,,,24.030416,92.901491,Aizawl,landslide_report.pdf,571,Slide number: MZ/AIZ/83D16/2016/97 | State: Mizoram | District: Aizawl | Location: towards N. Serzawl | Latitude: 24.030416 | Longitude: 92.901491 | Material: Rock | Movement: Slide | History: NA,missing_date
GSI-207F287A0C7B,GSI-REVIEW-001812,,,,,24.030793,92.793313,Aizawl,landslide_report.pdf,571,Slide number: MZ/AIZ/83D16/2016/71 | State: Mizoram | District: Aizawl | Location: Turial road | Latitude: 24.030793 | Longitude: 92.793313 | Material: Earth | Movement: Slide | History: 2016,missing_date
GSI-706A18BC5AA5,GSI-REVIEW-001814,,,,,24.036336,92.770846,Aizawl,landslide_report.pdf,571,Slide number: MZ/AIZ/83D16/2016/42 | State: Mizoram | District: Aizawl | Location: N. Of North Chaltlang | Latitude: 24.036336 | Longitude: 92.770846 | Material: Rock | Movement: Slide | History: NA,missing_date
GSI-3FEB82DD7CDD,GSI-REVIEW-001815,,,,,24.036893,92.771278,Aizawl,landslide_report.pdf,571,Slide number: MZ/AIZ/83D16/2016/43 | State: Mizoram | District: Aizawl | Location: North Chaltlang | Latitude: 24.036893 | Longitude: 92.771278 | Material: Rock | Movement: Slide | History: NA,missing_date
GSI-06368677F280,GSI-REVIEW-001816,,,,,24.037336,92.922455,Aizawl,landslide_report.pdf,571,Slide number: MZ/AIZ/83D16/2016/77 | State: Mizoram | District: Aizawl | Location: 6km south of Sailutar | Latitude: 24.037336 | Longitude: 92.922455 | Material: Debris | Movement: Slide | History: 2016,missing_date
GSI-E595D3180956,GSI-REVIEW-001817,,,,,24.037395,92.922461,Aizawl,landslide_report.pdf,571,Slide number: MZ/KOL/83D12/2016/14 | State: Mizoram | District: Aizawl | Location: 6km S of Sailut | Latitude: 24.037395 | Longitude: 92.922461 | Material: Debris | Movement: Slide | History: NA,missing_date
GSI-1128EA4BA23D,GSI-REVIEW-001818,,,,,24.037574,92.922489,Aizawl,landslide_report.pdf,571,Slide number: MZ/AIZ/83D16/2016/78 | State: Mizoram | District: Aizawl | Location: 6km south of Sailutar | Latitude: 24.037574 | Longitude: 92.922489 | Material: Earth | Movement: Slide | History: 2016,missing_date
GSI-BD8275F4E9CE,GSI-REVIEW-001819,,,,,24.038279,93.140945,Aizawl,landslide_report.pdf,571,Slide number: MZ/AIZ/83H04/2017/10 | State: Mizoram | District: Aizawl | Location: TlangnuamDaido section | Latitude: 24.038279 | Longitude: 93.140945 | Material: Rock | Movement: Slide | History: NA,missing_date
GSI-CA745B591256,GSI-REVIEW-001820,,,,,24.039744,92.780045,Aizawl,landslide_report.pdf,571,Slide number: MZ/AIZ/83D16/2016/70 | State: Mizoram | District: Aizawl | Location: Turial road | Latitude: 24.039744 | Longitude: 92.780045 | Material: Rock | Movement: Fall | History: 2016,missing_date
GSI-B8865A32A97A,GSI-REVIEW-001822,,,,,24.040703,92.774277,Aizawl,landslide_report.pdf,571,Slide number: MZ/AIZ/83D16/2016/45 | State: Mizoram | District: Aizawl | Location: N. Of North Chaltlang | Latitude: 24.040703 | Longitude: 92.774277 | Material: Rock | Movement: Slide | History: NA,missing_date
GSI-7519C45EFB4A,GSI-REVIEW-001823,,,,,24.040967,92.774357,Aizawl,landslide_report.pdf,571,Slide number: MZ/AIZ/83D16/2016/44 | State: Mizoram | District: Aizawl | Location: N. Of North Chaltlang | Latitude: 24.040967 | Longitude: 92.774357 | Material: Rock | Movement: Slide | History: NA,missing_date
GSI-B64AD4D93608,GSI-REVIEW-001824,,,,,24.040972,93.078697,Aizawl,landslide_report.pdf,571,"Slide number: MZ/AIZ/83H04/2017/9 | State: Mizoram | District: Aizawl | Location: Near Tuivai R, east of Vanbawng | Latitude: 24.040972 | Longitude: 93.078697 | Material: Debris | Movement: Slide | History: NA",missing_date
GSI-6EFBCB351B74,GSI-REVIEW-001825,,,,,24.043187,92.77542,Aizawl,landslide_report.pdf,571,Slide number: MZ/AIZ/83D16/2016/67 | State: Mizoram | District: Aizawl | Location: South of Bukpui village | Latitude: 24.043187 | Longitude: 92.77542 | Material: Rock | Movement: Slide | History: 2016,missing_date
GSI-CB7B7E32258E,GSI-REVIEW-001826,,,,,24.043417,93.066307,Aizawl,landslide_report.pdf,571,"Slide number: MZ/AIZ/83H04/2017/13 | State: Mizoram | District: Aizawl | Location: VanbawngTuivai R, east of Vanbawng | Latitude: 24.043417 | Longitude: 93.066307 | Material: Debris | Movement: Slide | History: NA",missing_date
GSI-017EBCBD64A1,GSI-REVIEW-001827,,,,,24.043492,92.775423,Aizawl,landslide_report.pdf,571,Slide number: MZ/AIZ/83D16/2016/68 | State: Mizoram | District: Aizawl | Location: South of Bukpui village | Latitude: 24.043492 | Longitude: 92.775423 | Material: Rock | Movement: Slide | History: 2016,missing_date
GSI-72D78743DEEA,GSI-REVIEW-001828,,,,,24.045278,92.775169,Aizawl,landslide_report.pdf,571,Slide number: MZ/AIZ/83D16/2016/66 | State: Mizoram | District: Aizawl | Location: South of Bukpui village | Latitude: 24.045278 | Longitude: 92.775169 | Material: Rock | Movement: Slide | History: 2016,missing_date
GSI-E105F2F8594A,GSI-REVIEW-001829,,,,,24.046499,93.04422,Aizawl,landslide_report.pdf,571,Slide number: MZ/AIZ/83H04/2017/14 | State: Mizoram | District: Aizawl | Location: VanbawngN Khawlek section | Latitude: 24.046499 | Longitude: 93.04422 | Material: Rock | Movement: Slide | History: NA,missing_date
GSI-DE1E9032DA27,GSI-REVIEW-001830,,,,,24.047916,93.056946,Aizawl,landslide_report.pdf,571,Slide number: MZ/AIZ/83H04/2017/11 | State: Mizoram | District: Aizawl | Location: VanbawngTuivai R | Latitude: 24.047916 | Longitude: 93.056946 | Material: Debris | Movement: Slide | History: NA,missing_date
GSI-EE46493E7924,GSI-REVIEW-001831,,,,,24.048695,93.061638,Aizawl,landslide_report.pdf,571,"Slide number: MZ/AIZ/83H04/2017/3 | State: Mizoram | District: Aizawl | Location: VanbawngTuivai R, east of Vanbawng | Latitude: 24.048695 | Longitude: 93.061638 | Material: Debris | Movement: Slide | History: NA",missing_date
GSI-54CD851B7C63,GSI-REVIEW-001834,,,,,24.050391,92.775525,Aizawl,landslide_report.pdf,571,Slide number: MZ/AIZ/83D16/2016/65 | State: Mizoram | District: Aizawl | Location: South of Bukpui village | Latitude: 24.050391 | Longitude: 92.775525 | Material: Rock | Movement: Slide | History: 2016,missing_date
GSI-1BB119DA662E,GSI-REVIEW-001835,,,,,24.053275,92.77647,Aizawl,landslide_report.pdf,571,Slide number: MZ/AIZ/83D16/2016/64 | State: Mizoram | District: Aizawl | Location: South of Bukpui village | Latitude: 24.053275 | Longitude: 92.77647 | Material: Rock | Movement: Slide | History: 2016,missing_date
GSI-3D36968BFA84,GSI-REVIEW-001836,,,,,24.056205,92.916817,Aizawl,landslide_report.pdf,571,Slide number: MZ/AIZ/83D16/2016/79 | State: Mizoram | District: Aizawl | Location: 4km south of Sailutar | Latitude: 24.056205 | Longitude: 92.916817 | Material: Rock | Movement: Slide | History: NA,missing_date
GSI-43C5339E8CE1,GSI-REVIEW-001838,,,,,24.061004,92.925342,Aizawl,landslide_report.pdf,571,Slide number: MZ/AIZ/83D16/2016/80 | State: Mizoram | District: Aizawl | Location: 1km south of Sailutar | Latitude: 24.061004 | Longitude: 92.925342 | Material: Earth | Movement: Slide | History: 2016,missing_date
GSI-7A144C12AF4D,GSI-REVIEW-001839,,,,,24.062429,92.922576,Aizawl,landslide_report.pdf,571,Slide number: MZ/AIZ/83D16/2016/81 | State: Mizoram | District: Aizawl | Location: 1km south of Sailutar | Latitude: 24.062429 | Longitude: 92.922576 | Material: Rock | Movement: Slide | History: 2016,missing_date
GSI-8E97C1B66C39,GSI-REVIEW-001840,,,,,24.066822,92.893593,Aizawl,landslide_report.pdf,571,Slide number: MZ/AIZ/83D16/2016/96 | State: Mizoram | District: Aizawl | Location: Sunhluchip | Latitude: 24.066822 | Longitude: 92.893593 | Material: Earth | Movement: Slide | History: NA,missing_date
GSI-BA3FEC301CF4,GSI-REVIEW-001841,,,,,24.067478,92.893471,Aizawl,landslide_report.pdf,571,Slide number: MZ/AIZ/83D16/2016/95 | State: Mizoram | District: Aizawl | Location: Sunhluchip | Latitude: 24.067478 | Longitude: 92.893471 | Material: Rock | Movement: Slide | History: 2012,missing_date
GSI-B884791A5162,GSI-REVIEW-001842,,,,,24.067576,92.893076,Aizawl,landslide_report.pdf,571,Slide number: MZ/AIZ/83D16/2016/94 | State: Mizoram | District: Aizawl | Location: Sunhluchip playground | Latitude: 24.067576 | Longitude: 92.893076 | Material: Rock | Movement: Slide | History: 2012,missing_date
GSI-BB06E8CD09BE,GSI-REVIEW-001843,,,,,24.069401,92.91857,Aizawl,landslide_report.pdf,571,Slide number: MZ/AIZ/83D16/2016/83 | State: Mizoram | District: Aizawl | Location: Sailutar village | Latitude: 24.069401 | Longitude: 92.91857 | Material: Earth | Movement: Slide | History: 2016,missing_date
GSI-B979FA61879E,GSI-REVIEW-001844,,,,,24.069728,92.918457,Aizawl,landslide_report.pdf,571,Slide number: MZ/AIZ/83D16/2016/84 | State: Mizoram | District: Aizawl | Location: Sailutar village | Latitude: 24.069728 | Longitude: 92.918457 | Material: Earth | Movement: Slide | History: 2016,missing_date
GSI-AE6165D14585,GSI-REVIEW-001845,,,,,24.069857,92.918457,Aizawl,landslide_report.pdf,571,Slide number: MZ/AIZ/83D16/2016/85 | State: Mizoram | District: Aizawl | Location: Sailutar village | Latitude: 24.069857 | Longitude: 92.918457 | Material: Rock | Movement: Slide | History: NA,missing_date
GSI-B2635CB223CD,GSI-REVIEW-001846,,,,,24.070285,92.787738,Aizawl,landslide_report.pdf,571,Slide number: MZ/AIZ/83D16/2016/63 | State: Mizoram | District: Aizawl | Location: 2km S. Of Bukpui village | Latitude: 24.070285 | Longitude: 92.787738 | Material: Rock | Movement: Slide | History: 2016,missing_date
GSI-1EB223E1F79B,GSI-REVIEW-001847,,,,,24.07462,92.91518,Aizawl,landslide_report.pdf,571,Slide number: MZ/AIZ/83D16/2016/86 | State: Mizoram | District: Aizawl | Location: 8km south of Ratu | Latitude: 24.07462 | Longitude: 92.91518 | Material: Rock | Movement: Slide | History: 2016,missing_date
GSI-9388AC6A7BFC,GSI-REVIEW-001848,,,,,24.076035,92.790672,Aizawl,landslide_report.pdf,572,Slide number: MZ/AIZ/83D16/2016/62 | State: Mizoram | District: Aizawl | Location: S. Of Bukpui village | Latitude: 24.076035 | Longitude: 92.790672 | Material: Rock | Movement: Slide | History: 2016,missing_date
GSI-CF990E11A2CA,GSI-REVIEW-001849,,,,,24.077014,92.790809,Aizawl,landslide_report.pdf,572,Slide number: MZ/AIZ/83D16/2016/61 | State: Mizoram | District: Aizawl | Location: S. Of Bukpui village | Latitude: 24.077014 | Longitude: 92.790809 | Material: Rock | Movement: Slide | History: 2016,missing_date
GSI-858C2523814F,GSI-REVIEW-001850,,,,,24.078041,92.914114,Aizawl,landslide_report.pdf,572,Slide number: MZ/AIZ/83D16/2016/87 | State: Mizoram | District: Aizawl | Location: 7km south of Ratu | Latitude: 24.078041 | Longitude: 92.914114 | Material: Rock | Movement: Slide | History: NA,missing_date
GSI-1F868306D352,GSI-REVIEW-001851,,,,,24.07814,92.790905,Aizawl,landslide_report.pdf,572,Slide number: MZ/AIZ/83D16/2016/60 | State: Mizoram | District: Aizawl | Location: S. Of Bukpui village | Latitude: 24.07814 | Longitude: 92.790905 | Material: Rock | Movement: Slide | History: 2016,missing_date
GSI-829048239C91,GSI-REVIEW-001852,,,,,24.078422,92.792189,Aizawl,landslide_report.pdf,572,Slide number: MZ/AIZ/83D16/2016/59 | State: Mizoram | District: Aizawl | Location: S. Of Bukpui village | Latitude: 24.078422 | Longitude: 92.792189 | Material: Rock | Movement: Slide | History: 2016,missing_date
GSI-AD161097954B,GSI-REVIEW-001855,,,,,24.080938,92.914167,Aizawl,landslide_report.pdf,572,Slide number: MZ/AIZ/83D16/2016/88 | State: Mizoram | District: Aizawl | Location: 7km south of Ratu | Latitude: 24.080938 | Longitude: 92.914167 | Material: Earth | Movement: Slide | History: 2016,missing_date
GSI-F271ACFCD59A,GSI-REVIEW-001856,,,,,24.081381,92.793089,Aizawl,landslide_report.pdf,572,Slide number: MZ/AIZ/83D16/2016/58 | State: Mizoram | District: Aizawl | Location: Bukpui village | Latitude: 24.081381 | Longitude: 92.793089 | Material: Earth | Movement: Slide | History: NA,missing_date
GSI-2DC3C3AAFFB0,GSI-REVIEW-001861,,,,,24.091081,92.795582,Aizawl,landslide_report.pdf,572,Slide number: MZ/AIZ/83D16/2016/46 | State: Mizoram | District: Aizawl | Location: N of Bukpui | Latitude: 24.091081 | Longitude: 92.795582 | Material: Earth | Movement: Slide | History: NA,missing_date
GSI-E5F034895D60,GSI-REVIEW-001862,,,,,24.09109,92.795724,Aizawl,landslide_report.pdf,572,Slide number: MZ/AIZ/83D16/2016/47 | State: Mizoram | District: Aizawl | Location: N of Bukpui | Latitude: 24.09109 | Longitude: 92.795724 | Material: Debris | Movement: Slide | History: 2016,missing_date
GSI-6C9AB8703E92,GSI-REVIEW-001863,,,,,24.09123,92.795928,Aizawl,landslide_report.pdf,572,Slide number: MZ/AIZ/83D16/2016/48 | State: Mizoram | District: Aizawl | Location: N of Bukpui | Latitude: 24.09123 | Longitude: 92.795928 | Material: Rock | Movement: Slide | History: 2016,missing_date
GSI-243C165E96D5,GSI-REVIEW-001864,,,,,24.091359,92.796008,Aizawl,landslide_report.pdf,572,Slide number: MZ/AIZ/83D16/2016/49 | State: Mizoram | District: Aizawl | Location: N of Bukpui | Latitude: 24.091359 | Longitude: 92.796008 | Material: Debris | Movement: Slide | History: 2016,missing_date
GSI-D8537FE62894,GSI-REVIEW-001865,,,,,24.091664,92.796134,Aizawl,landslide_report.pdf,572,Slide number: MZ/AIZ/83D16/2016/50 | State: Mizoram | District: Aizawl | Location: N of Bukpui | Latitude: 24.091664 | Longitude: 92.796134 | Material: Rock | Movement: Slide | History: 2016,missing_date
GSI-9CBC8EF8670D,GSI-REVIEW-001866,,,,,24.09176,92.803968,Aizawl,landslide_report.pdf,572,Slide number: MZ/AIZ/83D16/2016/52 | State: Mizoram | District: Aizawl | Location: N of Bukpui towards thingdawl | Latitude: 24.09176 | Longitude: 92.803968 | Material: Earth | Movement: Slide | History: NA,missing_date
GSI-BF7E78440141,GSI-REVIEW-001867,,,,,24.094248,92.917745,Aizawl,landslide_report.pdf,572,Slide number: MZ/AIZ/83D16/2016/89 | State: Mizoram | District: Aizawl | Location: 5km south of Ratu | Latitude: 24.094248 | Longitude: 92.917745 | Material: Rock | Movement: Slide | History: 2016,missing_date
GSI-0D56F48A42BC,GSI-REVIEW-001868,,,,,24.097858,92.918738,Aizawl,landslide_report.pdf,572,Slide number: MZ/AIZ/83D16/2016/92 | State: Mizoram | District: Aizawl | Location: 3km south of Ratu | Latitude: 24.097858 | Longitude: 92.918738 | Material: Earth | Movement: Slide | History: 2016,missing_date
GSI-EBA27B1B86CA,GSI-REVIEW-001869,,,,,24.099117,92.916676,Aizawl,landslide_report.pdf,572,Slide number: MZ/AIZ/83D16/2016/90 | State: Mizoram | District: Aizawl | Location: 1km south of Ratu | Latitude: 24.099117 | Longitude: 92.916676 | Material: Earth | Movement: Slide | History: 2016,missing_date
GSI-2F0D7EBC573C,GSI-REVIEW-001873,,,,,24.100401,92.915441,Aizawl,landslide_report.pdf,572,Slide number: MZ/AIZ/83D16/2016/91 | State: Mizoram | District: Aizawl | Location: 1km south of Ratu | Latitude: 24.100401 | Longitude: 92.915441 | Material: Rock | Movement: Slide | History: NA,missing_date
GSI-A249A4F4E86A,GSI-REVIEW-001874,,,,,24.102008,92.791628,Aizawl,landslide_report.pdf,572,Slide number: MZ/AIZ/83D16/2016/51 | State: Mizoram | District: Aizawl | Location: N of Bukpui | Latitude: 24.102008 | Longitude: 92.791628 | Material: Rock | Movement: Slide | History: 2016,missing_date
GSI-0C124670016C,GSI-REVIEW-001875,,,,,24.10246,92.811355,Aizawl,landslide_report.pdf,572,Slide number: MZ/AIZ/83D16/2016/29 | State: Mizoram | District: Aizawl | Location: S.of Bukpui | Latitude: 24.10246 | Longitude: 92.811355 | Material: Earth | Movement: Slide | History: 2016,missing_date
GSI-F79340365F5B,GSI-REVIEW-001880,,,,,24.125294,92.805847,Aizawl,landslide_report.pdf,572,Slide number: MZ/AIZ/83D16/2016/53 | State: Mizoram | District: Aizawl | Location: N of Bukpui | Latitude: 24.125294 | Longitude: 92.805847 | Material: Debris | Movement: Slide | History: 2016,missing_date
GSI-CA22533CD618,GSI-REVIEW-001881,,,,,24.125631,92.805948,Aizawl,landslide_report.pdf,572,Slide number: MZ/AIZ/83D16/2016/54 | State: Mizoram | District: Aizawl | Location: N of Bukpui | Latitude: 24.125631 | Longitude: 92.805948 | Material: Debris | Movement: Slide | History: NA,missing_date
GSI-84EA830B565D,GSI-REVIEW-001882,,,,,24.125996,92.805874,Aizawl,landslide_report.pdf,572,Slide number: MZ/AIZ/83D16/2016/55 | State: Mizoram | District: Aizawl | Location: N of Bukpui | Latitude: 24.125996 | Longitude: 92.805874 | Material: Debris | Movement: Slide | History: NA,missing_date
GSI-6A047E728DC0,GSI-REVIEW-001885,,,,,24.146606,92.796528,Aizawl,landslide_report.pdf,573,Slide number: MZ/AIZ/83D16/2016/57 | State: Mizoram | District: Aizawl | Location: S of Thingtlegh | Latitude: 24.146606 | Longitude: 92.796528 | Material: Earth | Movement: Slide | History: NA,missing_date
GSI-E09B44F5B0BD,GSI-REVIEW-001887,,,,,24.162021,92.797605,Aizawl,landslide_report.pdf,573,Slide number: MZ/AIZ/83D16/2016/56 | State: Mizoram | District: Aizawl | Location: thingtleh | Latitude: 24.162021 | Longitude: 92.797605 | Material: Earth | Movement: Slide | History: NA,missing_date
GSI-C1EB01DD7974,GSI-REVIEW-001893,,,,,24.175865,92.945618,Aizawl,landslide_report.pdf,573,Slide number: MZ/AIZ/83D16/2016/127 | State: Mizoram | District: Aizawl | Location: New Vervek | Latitude: 24.175865 | Longitude: 92.945618 | Material: Earth | Movement: Slide | History: NA,missing_date
GSI-FCA249134CE1,GSI-REVIEW-001896,,,,,24.182669,92.950748,Aizawl,landslide_report.pdf,573,Slide number: MZ/AIZ/83D16/2016/117 | State: Mizoram | District: Aizawl | Location: 2.5km east of New vervek | Latitude: 24.182669 | Longitude: 92.950748 | Material: Earth | Movement: Slide | History: NA,missing_date
GSI-613C22384C7A,GSI-REVIEW-001897,,,,,24.182783,92.949911,Aizawl,landslide_report.pdf,573,Slide number: MZ/AIZ/83D16/2016/116 | State: Mizoram | District: Aizawl | Location: 2km east of New Vervek | Latitude: 24.182783 | Longitude: 92.949911 | Material: Rock | Movement: Slide | History: NA,missing_date
GSI-A11D860470AA,GSI-REVIEW-001898,,,,,24.183115,92.949989,Aizawl,landslide_report.pdf,573,"Slide number: MZ/AIZ/83D16/2016/115 | State: Mizoram | District: Aizawl | Location: New Vervek, 18km Tipaimukh, milestone NH 150 | Latitude: 24.183115 | Longitude: 92.949989 | Material: Debris | Movement: Slide | History: NA",missing_date
GSI-57FDB4E1DB5F,GSI-REVIEW-001899,,,,,24.183717,92.798909,Aizawl,landslide_report.pdf,573,Slide number: MZ/AIZ/83D16/2016/34 | State: Mizoram | District: Aizawl | Location: N. Of Thingtleh | Latitude: 24.183717 | Longitude: 92.798909 | Material: Rock | Movement: Slide | History: 2016,missing_date
GSI-A920655A297F,GSI-REVIEW-001900,,,,,24.184022,92.951257,Aizawl,landslide_report.pdf,573,Slide number: MZ/AIZ/83D16/2016/118 | State: Mizoram | District: Aizawl | Location: towards Tipaimukh | Latitude: 24.184022 | Longitude: 92.951257 | Material: Debris | Movement: Slide | History: NA,missing_date
GSI-DD0F0BD18F46,GSI-REVIEW-001903,,,,,24.188702,92.943036,Aizawl,landslide_report.pdf,573,Slide number: MZ/AIZ/83D16/2016/103 | State: Mizoram | District: Aizawl | Location: N. Of New Vervek | Latitude: 24.188702 | Longitude: 92.943036 | Material: Debris | Movement: Slide | History: NA,missing_date
GSI-F69F569B9C2B,GSI-REVIEW-001905,,,,,24.190369,92.94432,Aizawl,landslide_report.pdf,573,Slide number: MZ/AIZ/83D16/2016/104 | State: Mizoram | District: Aizawl | Location: N. Of New Vervek | Latitude: 24.190369 | Longitude: 92.94432 | Material: Debris | Movement: Slide | History: 2016,missing_date
GSI-95D651A9B09A,GSI-REVIEW-001906,,,,,24.190711,92.943593,Aizawl,landslide_report.pdf,573,Slide number: MZ/AIZ/83D16/2016/105 | State: Mizoram | District: Aizawl | Location: N. Of New Vervek | Latitude: 24.190711 | Longitude: 92.943593 | Material: Rock | Movement: Slide | History: NA,missing_date
GSI-752DA2D2A4A3,GSI-REVIEW-001907,,,,,24.191114,92.943311,Aizawl,landslide_report.pdf,573,Slide number: MZ/AIZ/83D16/2016/106 | State: Mizoram | District: Aizawl | Location: N. Of New Vervek | Latitude: 24.191114 | Longitude: 92.943311 | Material: Rock | Movement: Slide | History: NA,missing_date
GSI-5023549283E3,GSI-REVIEW-001908,,,,,24.192522,92.944635,Aizawl,landslide_report.pdf,573,Slide number: MZ/AIZ/83D16/2016/107 | State: Mizoram | District: Aizawl | Location: N. Of New Vervek | Latitude: 24.192522 | Longitude: 92.944635 | Material: Rock | Movement: Slide | History: 2016,missing_date
GSI-124237887C81,GSI-REVIEW-001909,,,,,24.19265,92.944583,Aizawl,landslide_report.pdf,573,Slide number: MZ/AIZ/83D16/2016/108 | State: Mizoram | District: Aizawl | Location: N. Of New Vervek | Latitude: 24.19265 | Longitude: 92.944583 | Material: Rock | Movement: Slide | History: 2016,missing_date
GSI-F990DA45E563,GSI-REVIEW-001910,,,,,24.193061,92.992877,Aizawl,landslide_report.pdf,573,Slide number: MZ/AIZ/83D16/2016/125 | State: Mizoram | District: Aizawl | Location: 8 km wast of Tipaimukh | Latitude: 24.193061 | Longitude: 92.992877 | Material: Rock | Movement: Slide | History: NA,missing_date
GSI-807829EA18A2,GSI-REVIEW-001911,,,,,24.193682,92.946417,Aizawl,landslide_report.pdf,573,Slide number: MZ/AIZ/83D16/2016/110 | State: Mizoram | District: Aizawl | Location: N. Of New Vervek | Latitude: 24.193682 | Longitude: 92.946417 | Material: Debris | Movement: Slide | History: 2016,missing_date
GSI-63463681125D,GSI-REVIEW-001912,,,,,24.194015,92.944562,Aizawl,landslide_report.pdf,573,Slide number: MZ/AIZ/83D16/2016/109 | State: Mizoram | District: Aizawl | Location: N. Of New Vervek | Latitude: 24.194015 | Longitude: 92.944562 | Material: Rock | Movement: Slide | History: NA,missing_date
GSI-13F6D805C7C6,GSI-REVIEW-001913,,,,,24.194252,92.963806,Aizawl,landslide_report.pdf,573,Slide number: MZ/AIZ/83D16/2016/119 | State: Mizoram | District: Aizawl | Location: 14km east of New Vervek towards Tipaimukh | Latitude: 24.194252 | Longitude: 92.963806 | Material: Rock | Movement: Slide | History: NA,missing_date
GSI-F54571521A21,GSI-REVIEW-001914,,,,,24.197474,92.947295,Aizawl,landslide_report.pdf,573,Slide number: MZ/AIZ/83D16/2016/111 | State: Mizoram | District: Aizawl | Location: N. Of New Vervek | Latitude: 24.197474 | Longitude: 92.947295 | Material: Earth | Movement: Slide | History: 2016,missing_date
GSI-ACF27E449409,GSI-REVIEW-001915,,,,,24.197817,92.993923,Aizawl,landslide_report.pdf,573,Slide number: MZ/AIZ/83D16/2016/126 | State: Mizoram | District: Aizawl | Location: towards Tuival R. | Latitude: 24.197817 | Longitude: 92.993923 | Material: Rock | Movement: Slide | History: NA,missing_date
GSI-B0EDDB30DDF5,GSI-REVIEW-001916,,,,,24.198831,92.946348,Aizawl,landslide_report.pdf,573,Slide number: MZ/AIZ/83D16/2016/112 | State: Mizoram | District: Aizawl | Location: N. Of New Vervek | Latitude: 24.198831 | Longitude: 92.946348 | Material: Rock | Movement: Slide | History: 2016,missing_date
GSI-9A16D0A0D9A4,GSI-REVIEW-001917,,,,,24.199114,92.992916,Aizawl,landslide_report.pdf,573,Slide number: MZ/AIZ/83D16/2016/122 | State: Mizoram | District: Aizawl | Location: towards Tuival R. | Latitude: 24.199114 | Longitude: 92.992916 | Material: Rock | Movement: Fall | History: 2016,missing_date
GSI-A0A158CF2852,GSI-REVIEW-001918,,,,,24.199185,92.992094,Aizawl,landslide_report.pdf,573,Slide number: MZ/AIZ/83D16/2016/123 | State: Mizoram | District: Aizawl | Location: towards Tuival R. | Latitude: 24.199185 | Longitude: 92.992094 | Material: Rock | Movement: Slide | History: NA,missing_date
GSI-83509BB96648,GSI-REVIEW-001919,,,,,24.199201,92.993156,Aizawl,landslide_report.pdf,573,Slide number: MZ/AIZ/83D16/2016/124 | State: Mizoram | District: Aizawl | Location: 8 km wast of Tipaimukh | Latitude: 24.199201 | Longitude: 92.993156 | Material: Rock | Movement: Slide | History: NA,missing_date
GSI-E37D24612EF6,GSI-REVIEW-001921,,,,,24.200487,92.985172,Aizawl,landslide_report.pdf,573,Slide number: MZ/AIZ/83D16/2016/120 | State: Mizoram | District: Aizawl | Location: 9 km wast of Tipaimukh | Latitude: 24.200487 | Longitude: 92.985172 | Material: Rock | Movement: Slide | History: NA,missing_date
GSI-D693E2EFC1BE,GSI-REVIEW-001922,,,,,24.200746,92.98517,Aizawl,landslide_report.pdf,573,Slide number: MZ/AIZ/83D16/2016/121 | State: Mizoram | District: Aizawl | Location: 9 km wast of Tipaimukh | Latitude: 24.200746 | Longitude: 92.98517 | Material: Debris | Movement: Slide | History: NA,missing_date
GSI-730ADCF45C53,GSI-REVIEW-001923,,,,,24.201154,92.944079,Aizawl,landslide_report.pdf,573,Slide number: MZ/AIZ/83D16/2016/114 | State: Mizoram | District: Aizawl | Location: S. Of Sakawrdai | Latitude: 24.201154 | Longitude: 92.944079 | Material: Earth | Movement: Slide | History: NA,missing_date
GSI-35D7502874C9,GSI-REVIEW-001926,,,,,24.215868,92.802452,Aizawl,landslide_report.pdf,574,Slide number: MZ/AIZ/83D16/2016/25 | State: Mizoram | District: Aizawl | Location: 2.6km S of N. Hlimen | Latitude: 24.215868 | Longitude: 92.802452 | Material: Rock | Movement: Slide | History: 2016,missing_date
GSI-66401F84A1AC,GSI-REVIEW-001927,,,,,24.216509,92.802591,Aizawl,landslide_report.pdf,574,Slide number: MZ/AIZ/83D16/2016/26 | State: Mizoram | District: Aizawl | Location: 2.5km S of S.Hlimen | Latitude: 24.216509 | Longitude: 92.802591 | Material: Rock | Movement: Slide | History: 2016,missing_date
GSI-4B79419717A6,GSI-REVIEW-001929,,,,,24.218066,92.951214,Aizawl,landslide_report.pdf,574,Slide number: MZ/AIZ/83D16/2016/113 | State: Mizoram | District: Aizawl | Location: Near Sakawrdai School | Latitude: 24.218066 | Longitude: 92.951214 | Material: Earth | Movement: Slide | History: 2016,missing_date
GSI-6C7D63E90AE0,GSI-REVIEW-001930,,,,,24.220596,92.802961,Aizawl,landslide_report.pdf,574,Slide number: MZ/AIZ/83D16/2016/27 | State: Mizoram | District: Aizawl | Location: S. Of N.Hlimen | Latitude: 24.220596 | Longitude: 92.802961 | Material: Earth | Movement: Slide | History: 2016,missing_date
GSI-5F8EAAD07570,GSI-REVIEW-001931,,,,,24.222837,92.952639,Aizawl,landslide_report.pdf,574,Slide number: MZ/AIZ/83D16/2016/128 | State: Mizoram | District: Aizawl | Location: Sakawrdai | Latitude: 24.222837 | Longitude: 92.952639 | Material: Earth | Movement: Slide | History: NA,missing_date
GSI-1FBBCDEBDE66,GSI-REVIEW-001932,,,,,24.225579,92.805884,Aizawl,landslide_report.pdf,574,Slide number: MZ/AIZ/83D16/2016/24 | State: Mizoram | District: Aizawl | Location: East of North Hlimen | Latitude: 24.225579 | Longitude: 92.805884 | Material: Debris | Movement: Slide | History: 2016,missing_date
GSI-13BA4320CC52,GSI-REVIEW-001933,,,,,24.225691,92.805445,Aizawl,landslide_report.pdf,574,Slide number: MZ/AIZ/83D16/2016/28 | State: Mizoram | District: Aizawl | Location: E. Of N. Hlimen | Latitude: 24.225691 | Longitude: 92.805445 | Material: Debris | Movement: Slide | History: 2016,missing_date
GSI-863A5FB5A79A,GSI-REVIEW-001934,,,,,24.225969,92.805611,Aizawl,landslide_report.pdf,574,Slide number: MZ/AIZ/83D16/2016/23 | State: Mizoram | District: Aizawl | Location: East of North Hlimen | Latitude: 24.225969 | Longitude: 92.805611 | Material: Debris | Movement: Slide | History: 2016,missing_date
GSI-CB4EB4B788B2,GSI-REVIEW-001935,,,,,24.229303,92.819002,Aizawl,landslide_report.pdf,574,Slide number: MZ/AIZ/83D16/2016/30 | State: Mizoram | District: Aizawl | Location: East of North Hlimen | Latitude: 24.229303 | Longitude: 92.819002 | Material: Earth | Movement: Slide | History: 2015,missing_date
GSI-75450F12DA46,GSI-REVIEW-001936,,,,,24.232551,92.81525,Aizawl,landslide_report.pdf,574,Slide number: MZ/AIZ/83D16/2016/31 | State: Mizoram | District: Aizawl | Location: East of North Hlimen | Latitude: 24.232551 | Longitude: 92.81525 | Material: Earth | Movement: Slide | History: 2015,missing_date
GSI-22B22134F310,GSI-REVIEW-001937,,,,,24.233808,92.978777,Aizawl,landslide_report.pdf,574,Slide number: MZ/AIZ/83D16/2016/129 | State: Mizoram | District: Aizawl | Location: E.of Vaitin | Latitude: 24.233808 | Longitude: 92.978777 | Material: Earth | Movement: Slide | History: NA,missing_date
GSI-0EB318CC98B8,GSI-REVIEW-001938,,,,,24.237794,92.805727,Aizawl,landslide_report.pdf,574,Slide number: MZ/AIZ/83D16/2016/33 | State: Mizoram | District: Aizawl | Location: N. Hlimen (on the way to pump house) | Latitude: 24.237794 | Longitude: 92.805727 | Material: Debris | Movement: Slide | History: 2016,missing_date
GSI-09C80CDA6932,GSI-REVIEW-001940,,,,,24.237872,92.798117,Aizawl,landslide_report.pdf,574,Slide number: MZ/AIZ/83D16/2016/32 | State: Mizoram | District: Aizawl | Location: West of N. Hlimen (near pump house) | Latitude: 24.237872 | Longitude: 92.798117 | Material: Debris | Movement: Slide | History: 2016,missing_date
GSI-3471EAEC1560,GSI-REVIEW-001945,,,,,24.240415,92.941421,Aizawl,landslide_report.pdf,574,Slide number: MZ/AIZ/83D16/2016/133 | State: Mizoram | District: Aizawl | Location: Sakawrdai - N. Khawdungsei Rd | Latitude: 24.240415 | Longitude: 92.941421 | Material: Rock | Movement: Slide | History: 2016,missing_date
GSI-A7CF5F99ACB8,GSI-REVIEW-001946,,,,,24.242764,92.955406,Aizawl,landslide_report.pdf,574,Slide number: MZ/AIZ/83D16/2016/130 | State: Mizoram | District: Aizawl | Location: Near Sakawrdai | Latitude: 24.242764 | Longitude: 92.955406 | Material: Debris | Movement: Slide | History: NA,missing_date
GSI-34FDF7911329,GSI-REVIEW-001950,,,,,24.246076,92.948994,Aizawl,landslide_report.pdf,574,Slide number: MZ/AIZ/83D16/2016/132 | State: Mizoram | District: Aizawl | Location: west of Sakawrdai towards North Khawdungsei | Latitude: 24.246076 | Longitude: 92.948994 | Material: Debris | Movement: Slide | History: NA,missing_date
GSI-CE3E98AFC724,GSI-REVIEW-001951,,,,,24.248558,92.954177,Aizawl,landslide_report.pdf,574,Slide number: MZ/AIZ/83D16/2016/131 | State: Mizoram | District: Aizawl | Location: west of Sakawrdai towards North Khawdungsei | Latitude: 24.248558 | Longitude: 92.954177 | Material: Debris | Movement: Slide | History: 2016,missing_date
GSI-D7C09F5DDF60,GSI-REVIEW-001958,,,,,24.26,92.96,Aizawl,landslide_report.pdf,574,Slide number: MZ/AIZ/83D15/2020/7 | State: Mizoram | District: Aizawl | Slide name: Zohmun-Sakawrdai section slide | Location: Zohmun-Sakawrdai road section | Latitude: 24.26 | Longitude: 92.96 | Material: Rock | Movement: Slide | History: 2019,missing_date
GSI-E9486C200BED,GSI-REVIEW-001969,,,,,24.29,92.95,Aizawl,landslide_report.pdf,575,Slide number: MZ/AIZ/83D15/2020/8 | State: Mizoram | District: Aizawl | Slide name: Palsang-Zohmun slide | Location: Palsang-Zohmun PMGSY road section | Latitude: 24.29 | Longitude: 92.95 | Material: Rock | Movement: Slide | History: 2019,missing_date
GSI-652BA130C12E,GSI-REVIEW-001970,,,,,24.29,92.96,Aizawl,landslide_report.pdf,575,Slide number: MZ/AIZ/83D15/2020/9 | State: Mizoram | District: Aizawl | Slide name: Tinghmun-Zohmun section slide | Location: Tinghmun-Zohmun road section | Latitude: 24.29 | Longitude: 92.96 | Material: Rock | Movement: Slide | History: 2019,missing_date
GSI-254C1F19FAF9,GSI-REVIEW-002000,,,,,24.37,92.9,Aizawl,landslide_report.pdf,576,Slide number: MZ/AIZ/83D15/2020/1 | State: Mizoram | District: Aizawl | Slide name: Saipum-Tuirial dam slide 1 | Location: Saipum-Tuirial dam- Mauchhar road section | Latitude: 24.37 | Longitude: 92.9 | Material: Debris | Movement: Slide | History: 2019,missing_date
GSI-1CC47914E83B,GSI-REVIEW-002001,,,,,24.37,92.9,Aizawl,landslide_report.pdf,576,Slide number: MZ/AIZ/83D15/2020/2 | State: Mizoram | District: Aizawl | Slide name: Saipum-Tuirial dam slide 2 | Location: Saipum-Tuirial dam- Mauchhar road section | Latitude: 24.37 | Longitude: 92.9 | Material: Rock | Movement: Slide | History: 2019,missing_date
GSI-BDA4A0E2860E,GSI-REVIEW-002002,,,,,24.37,92.89,Aizawl,landslide_report.pdf,576,Slide number: MZ/AIZ/83D15/2020/3 | State: Mizoram | District: Aizawl | Slide name: Saipum-Tuirial dam slide 3 | Location: Saipum-Tuirial dam- Mauchhar road section | Latitude: 24.37 | Longitude: 92.89 | Material: Debris | Movement: Slide | History: 2019,missing_date
GSI-8470783AD0AD,GSI-REVIEW-002003,,,,,24.37,92.89,Aizawl,landslide_report.pdf,576,Slide number: MZ/AIZ/83D15/2020/4 | State: Mizoram | District: Aizawl | Slide name: Saipum-Tuirial dam slide 4 | Location: Saipum-Tuirial dam- Mauchhar road section | Latitude: 24.37 | Longitude: 92.89 | Material: Rock | Movement: Slide | History: 2019,missing_date
GSI-C06D0CE4F69C,GSI-REVIEW-002004,,,,,24.37,92.89,Aizawl,landslide_report.pdf,576,Slide number: MZ/AIZ/83D15/2020/5 | State: Mizoram | District: Aizawl | Slide name: Saipum-Tuirial dam slide 5 | Location: Saipum-Tuirial dam- Mauchhar road section | Latitude: 24.37 | Longitude: 92.89 | Material: Debris | Movement: Slide | History: 2019,missing_date
GSI-19A3A3B1CDF3,GSI-REVIEW-002005,,,,,24.37,92.89,Aizawl,landslide_report.pdf,576,Slide number: MZ/AIZ/83D15/2020/6 | State: Mizoram | District: Aizawl | Slide name: Saipum-Tuirial dam slide 6 | Location: Saipum-Tuirial dam- Mauchhar road section | Latitude: 24.37 | Longitude: 92.89 | Material: Debris | Movement: Slide | History: 2019,missing_date
GSI-B0B086D2F21C,GSI-REVIEW-002021,28-05-2024,2024-05-28,2024,5,23.73888889,92.69638889,Aizawl,landslide_report.pdf,577,"Slide number: MZ/AZL/84A10/2024/001 | State: Mizoram | District: Aizawl | Location: Luangmual, Aizawl | Latitude: 23.73888889 | Longitude: 92.69638889 | Material: Debris | Movement: Slide | History: 28 May 2024",valid_explicit_date
GSI-FE2FCBF44457,GSI-REVIEW-002022,28-05-2024,2024-05-28,2024,5,23.74027778,92.69722222,Aizawl,landslide_report.pdf,577,"Slide number: MZ/AZL/84A10/2024/003 | State: Mizoram | District: Aizawl | Location: Luangmual, Aizawl | Latitude: 23.74027778 | Longitude: 92.69722222 | Material: Earth | Movement: Slide | History: 28 May 2024",valid_explicit_date
GSI-DF59AE38E0BB,GSI-REVIEW-002023,28-05-2024,2024-05-28,2024,5,23.74066667,92.69336111,Aizawl,landslide_report.pdf,577,"Slide number: MZ/AZL/84A10/2024/004 | State: Mizoram | District: Aizawl | Location: Luangmual, Aizawl | Latitude: 23.74066667 | Longitude: 92.69336111 | Material: Debris | Movement: Slide | History: 28 May 2024",valid_explicit_date
GSI-50DB02C46C23,GSI-REVIEW-002024,28-05-2024,2024-05-28,2024,5,23.7385748,92.6941941,Aizawl,landslide_report.pdf,577,"Slide number: MZ/AZL/84A10/2024/005 | State: Mizoram | District: Aizawl | Location: Mizoram Law College, Luangmual, Aizawl | Latitude: 23.7385748 | Longitude: 92.6941941 | Material: Debris | Movement: Slide | History: 28 May 2024",valid_explicit_date
GSI-C363AD36D42F,GSI-REVIEW-002025,28-05-2024,2024-05-28,2024,5,23.74472222,92.69277778,Aizawl,landslide_report.pdf,577,"Slide number: MZ/AZL/84A10/2024/006 | State: Mizoram | District: Aizawl | Location: R Romawia (L) Chawlhhmun, Aizawl | Latitude: 23.74472222 | Longitude: 92.69277778 | Material: Debris | Movement: Slide | History: 28 May 2024",valid_explicit_date
GSI-69E284AA9B25,GSI-REVIEW-002026,28-05-2024,2024-05-28,2024,5,23.74116667,92.69455556,Aizawl,landslide_report.pdf,577,"Slide number: MZ/AZL/84A10/2024/007 | State: Mizoram | District: Aizawl | Location: Luangmual, Aizawl | Latitude: 23.74116667 | Longitude: 92.69455556 | Material: Debris | Movement: Slide | History: 28 May 2024",valid_explicit_date
GSI-FAFDADCD5B41,GSI-REVIEW-002027,28-05-2024,2024-05-28,2024,5,23.7375,92.69444444,Aizawl,landslide_report.pdf,577,"Slide number: MZ/AZL/84A10/2024/008 | State: Mizoram | District: Aizawl | Location: Luangmual - Ainawn road, Aizawl | Latitude: 23.7375 | Longitude: 92.69444444 | Material: Debris | Movement: Slide | History: 28 May 2024",valid_explicit_date
GSI-F7509731AA59,GSI-REVIEW-002028,28-05-2024,2024-05-28,2024,5,23.73361111,92.69388889,Aizawl,landslide_report.pdf,577,"Slide number: MZ/AZL/84A10/2024/011 | State: Mizoram | District: Aizawl | Location: Ainawn, Aizawl. | Latitude: 23.73361111 | Longitude: 92.69388889 | Material: Earth | Movement: Slide | History: 28 May 2024",valid_explicit_date
GSI-B7D53F3039FA,GSI-REVIEW-002029,28-05-2024,2024-05-28,2024,5,23.73472222,92.695,Aizawl,landslide_report.pdf,577,"Slide number: MZ/AZL/84A10/2024/012 | State: Mizoram | District: Aizawl | Location: Zonuam, Aizawl | Latitude: 23.73472222 | Longitude: 92.695 | Material: Earth | Movement: Slide | History: 28 May 2024",valid_explicit_date
GSI-7C9632AA21AB,GSI-REVIEW-002030,,,,,23.73416667,92.69805556,Aizawl,landslide_report.pdf,577,"Slide number: MZ/AZL/84A10/2024/013 | State: Mizoram | District: Aizawl | Location: Zonuam, Aizawl | Latitude: 23.73416667 | Longitude: 92.69805556 | Material: Debris | Movement: Slide | History: July 2023",missing_date
GSI-673E0E40285F,GSI-REVIEW-002031,28-05-2024,2024-05-28,2024,5,23.73305556,92.69944444,Aizawl,landslide_report.pdf,577,"Slide number: MZ/AZL/84A10/2024/014 | State: Mizoram | District: Aizawl | Location: Zonuam, Aizawl | Latitude: 23.73305556 | Longitude: 92.69944444 | Material: Debris | Movement: Slide | History: 28 May 2024",valid_explicit_date
GSI-E26678D1122F,GSI-REVIEW-002032,28-05-2024,2024-05-28,2024,5,23.74972222,92.69833333,Aizawl,landslide_report.pdf,577,"Slide number: MZ/AZL/84A10/2024/015 | State: Mizoram | District: Aizawl | Location: Zonuam, Aizawl | Latitude: 23.74972222 | Longitude: 92.69833333 | Material: Debris | Movement: Slide | History: 28 May 2024",valid_explicit_date
GSI-B43A083BB04A,GSI-REVIEW-002033,28-05-2024,2024-05-28,2024,5,23.73111111,92.70222222,Aizawl,landslide_report.pdf,577,"Slide number: MZ/AZL/84A10/2024/016 | State: Mizoram | District: Aizawl | Location: Chawnpui, Aizawl | Latitude: 23.73111111 | Longitude: 92.70222222 | Material: Debris | Movement: Slide | History: 28 May 2024",valid_explicit_date
GSI-1CCF831003C3,GSI-REVIEW-002034,28-05-2024,2024-05-28,2024,5,23.73111111,92.70388889,Aizawl,landslide_report.pdf,577,"Slide number: MZ/AZL/84A10/2024/017 | State: Mizoram | District: Aizawl | Location: Chawnpui, Aizawl | Latitude: 23.73111111 | Longitude: 92.70388889 | Material: Debris | Movement: Slide | History: 28 May 2024",valid_explicit_date
GSI-9184F0C3FFDF,GSI-REVIEW-002035,28-05-2024,2024-05-28,2024,5,23.73333333,92.70527778,Aizawl,landslide_report.pdf,577,"Slide number: MZ/AZL/84A10/2024/018 | State: Mizoram | District: Aizawl | Location: Chawnpui, Aizawl | Latitude: 23.73333333 | Longitude: 92.70527778 | Material: Debris | Movement: Slide | History: 28 May 2024",valid_explicit_date
GSI-D07F02E69C3C,GSI-REVIEW-002036,,,,,23.731,92.70644444,Aizawl,landslide_report.pdf,577,"Slide number: MZ/AZL/84A10/2024/019 | State: Mizoram | District: Aizawl | Location: Chawnpui, Aizawl | Latitude: 23.731 | Longitude: 92.70644444 | Material: Debris | Movement: Slide | History: June 2023",missing_date
GSI-817F267FD426,GSI-REVIEW-002037,28-05-2024,2024-05-28,2024,5,23.73583333,92.69777778,Aizawl,landslide_report.pdf,577,"Slide number: MZ/AZL/84A10/2024/020 | State: Mizoram | District: Aizawl | Location: Zonuam, Aizawl | Latitude: 23.73583333 | Longitude: 92.69777778 | Material: Debris | Movement: Slide | History: 28 May 2024",valid_explicit_date
GSI-4B8019CF5E8C,GSI-REVIEW-002038,28-05-2024,2024-05-28,2024,5,23.73132778,92.70821944,Aizawl,landslide_report.pdf,577,"Slide number: MZ/AZL/84A10/2024/021 | State: Mizoram | District: Aizawl | Location: Kanaan Cemetery, Aizawl | Latitude: 23.73132778 | Longitude: 92.70821944 | Material: Debris | Movement: Slide | History: 28 May 2024",valid_explicit_date
GSI-BD427A4EBD27,GSI-REVIEW-002039,28-05-2024,2024-05-28,2024,5,23.72428333,92.70737778,Aizawl,landslide_report.pdf,577,"Slide number: MZ/AZL/84A10/2024/022 | State: Mizoram | District: Aizawl | Location: MINECO, Aizawl | Latitude: 23.72428333 | Longitude: 92.70737778 | Material: Debris | Movement: Slide | History: 28 May 2024",valid_explicit_date
GSI-E85886CA1F19,GSI-REVIEW-002040,28-05-2024,2024-05-28,2024,5,23.72276944,92.70665,Aizawl,landslide_report.pdf,577,"Slide number: MZ/AZL/84A10/2024/023 | State: Mizoram | District: Aizawl | Location: Bungkawn, Aizawl | Latitude: 23.72276944 | Longitude: 92.70665 | Material: Debris | Movement: Slide | History: 28 May 2024",valid_explicit_date
GSI-6CDC6C820018,GSI-REVIEW-002041,28-05-2024,2024-05-28,2024,5,23.71446389,92.71146389,Aizawl,landslide_report.pdf,577,"Slide number: MZ/AZL/84A10/2024/024 | State: Mizoram | District: Aizawl | Location: Mission Vengthlang, Aizawl | Latitude: 23.71446389 | Longitude: 92.71146389 | Material: Debris | Movement: Flow | History: 28 May 2024",valid_explicit_date
GSI-0E0D4DA68E76,GSI-REVIEW-002042,28-05-2024,2024-05-28,2024,5,23.71581111,92.70935,Aizawl,landslide_report.pdf,577,"Slide number: MZ/AZL/84A10/2024/025 | State: Mizoram | District: Aizawl | Location: MSVT to Reiek Road, Aizawl | Latitude: 23.71581111 | Longitude: 92.70935 | Material: Debris | Movement: Slide | History: 28 May 2024",valid_explicit_date
GSI-FB2EB766388B,GSI-REVIEW-002043,28-05-2024,2024-05-28,2024,5,23.7175,92.70666667,Aizawl,landslide_report.pdf,577,"Slide number: MZ/AZL/84A10/2024/027 | State: Mizoram | District: Aizawl | Location: Nursery Veng, Aizawl | Latitude: 23.7175 | Longitude: 92.70666667 | Material: Earth | Movement: Slide | History: 28 May 2024",valid_explicit_date
GSI-64E8A767925A,GSI-REVIEW-002044,28-05-2024,2024-05-28,2024,5,23.71740833,92.70644167,Aizawl,landslide_report.pdf,577,"Slide number: MZ/AZL/84A10/2024/0028 | State: Mizoram | District: Aizawl | Location: Nursery Veng, Aizawl | Latitude: 23.71740833 | Longitude: 92.70644167 | Material: Earth | Movement: Slide | History: 28 May 2024",valid_explicit_date
GSI-941735FB04D2,GSI-REVIEW-002045,28-05-2024,2024-05-28,2024,5,23.71721667,92.70777778,Aizawl,landslide_report.pdf,577,"Slide number: MZ/AZL/84A10/2024/030 | State: Mizoram | District: Aizawl | Location: Nursery Veng, Aizawl | Latitude: 23.71721667 | Longitude: 92.70777778 | Material: Debris | Movement: Slide | History: 28 May 2024",valid_explicit_date
GSI-A39BA6331578,GSI-REVIEW-002046,28-05-2024,2024-05-28,2024,5,23.71305556,92.70895833,Aizawl,landslide_report.pdf,577,"Slide number: MZ/AZL/84A10/2024/032 | State: Mizoram | District: Aizawl | Location: Mission Vengthlang, Aizawl | Latitude: 23.71305556 | Longitude: 92.70895833 | Material: Debris | Movement: Slide | History: 28 May 2024",valid_explicit_date
GSI-26112817FB39,GSI-REVIEW-002047,28-05-2024,2024-05-28,2024,5,23.71523056,92.71529167,Aizawl,landslide_report.pdf,577,"Slide number: MZ/AZL/84A10/2024/033 | State: Mizoram | District: Aizawl | Location: Model Veng, Aizawl | Latitude: 23.71523056 | Longitude: 92.71529167 | Material: Debris | Movement: Slide | History: 28 May 2024",valid_explicit_date
GSI-49D2176E7E38,GSI-REVIEW-002048,28-05-2024,2024-05-28,2024,5,23.73944444,92.71472222,Aizawl,landslide_report.pdf,577,"Slide number: MZ/AZL/84A10/2024/035 | State: Mizoram | District: Aizawl | Location: Chanmari-Chanmari west, Aizawl | Latitude: 23.73944444 | Longitude: 92.71472222 | Material: Rock | Movement: Fall | History: 28 May 2024",valid_explicit_date
GSI-30538BE5B81D,GSI-REVIEW-002049,28-05-2024,2024-05-28,2024,5,23.71138889,92.72444444,Aizawl,landslide_report.pdf,577,"Slide number: MZ/AZL/84A10/2024/036 | State: Mizoram | District: Aizawl | Location: Salem Veng, Aizawl | Latitude: 23.71138889 | Longitude: 92.72444444 | Material: Earth | Movement: Slide | History: 28 May 2024",valid_explicit_date
GSI-C4DAD3982A39,GSI-REVIEW-002050,28-05-2024,2024-05-28,2024,5,23.71638889,92.72111111,Aizawl,landslide_report.pdf,577,"Slide number: MZ/AZL/84A10/2024/037 | State: Mizoram | District: Aizawl | Location: Mission Veng, Aizawl | Latitude: 23.71638889 | Longitude: 92.72111111 | Material: Debris | Movement: Slide | History: 28 May 2024",valid_explicit_date
GSI-A394678034F0,GSI-REVIEW-002051,28-05-2024,2024-05-28,2024,5,23.71444444,92.72861111,Aizawl,landslide_report.pdf,577,"Slide number: MZ/AZL/84A10/2024/038 | State: Mizoram | District: Aizawl | Location: Salem Veng, Aizawl | Latitude: 23.71444444 | Longitude: 92.72861111 | Material: Debris | Movement: Slide | History: 28 May 2024",valid_explicit_date
GSI-D301439DA24C,GSI-REVIEW-002052,,,,,23.71996389,92.73328889,Aizawl,landslide_report.pdf,577,"Slide number: MZ/AZL/84A10/2024/039 | State: Mizoram | District: Aizawl | Location: ITI Cemetery, Aizawl | Latitude: 23.71996389 | Longitude: 92.73328889 | Material: Debris | Movement: Slide | History: 1998 & 2020",missing_date
GSI-77C496930F68,GSI-REVIEW-002053,28-05-2024,2024-05-28,2024,5,23.71571389,92.72659722,Aizawl,landslide_report.pdf,577,"Slide number: MZ/AZL/84A10/2024/041 | State: Mizoram | District: Aizawl | Location: Salem Veng cemetery, Aizawl | Latitude: 23.71571389 | Longitude: 92.72659722 | Material: Debris | Movement: Slide | History: 28 May 2024",valid_explicit_date
GSI-6B224ED08FCF,GSI-REVIEW-002054,28-05-2024,2024-05-28,2024,5,23.7104,92.72237778,Aizawl,landslide_report.pdf,577,"Slide number: MZ/AZL/84A10/2024/042 | State: Mizoram | District: Aizawl | Location: Venghnuai, Aizawl | Latitude: 23.7104 | Longitude: 92.72237778 | Material: Debris | Movement: Slide | History: 28 May 2024",valid_explicit_date
GSI-A63B2D2541D3,GSI-REVIEW-002055,28-05-2024,2024-05-28,2024,5,23.71,92.71611111,Aizawl,landslide_report.pdf,578,"Slide number: MZ/AZL/84A10/2024/045 | State: Mizoram | District: Aizawl | Location: Kulikawn cemetery, Aizawl | Latitude: 23.71 | Longitude: 92.71611111 | Material: Debris | Movement: Slide | History: 28 May 2024",valid_explicit_date
GSI-E8340492F9D6,GSI-REVIEW-002056,,,,,23.70777778,92.71611111,Aizawl,landslide_report.pdf,578,"Slide number: MZ/AZL/84A10/2024/046 | State: Mizoram | District: Aizawl | Location: Kulikawn, Aizawl | Latitude: 23.70777778 | Longitude: 92.71611111 | Material: Debris | Movement: Slide | History: January 2023",missing_date
GSI-3893C9C47E0B,GSI-REVIEW-002057,28-05-2024,2024-05-28,2024,5,23.70666667,92.71444444,Aizawl,landslide_report.pdf,578,"Slide number: MZ/AZL/84A10/2024/047 | State: Mizoram | District: Aizawl | Location: Kulikawn, Aizawl | Latitude: 23.70666667 | Longitude: 92.71444444 | Material: Debris | Movement: Flow | History: 28 May 2024",valid_explicit_date
GSI-D39B25C0DBFD,GSI-REVIEW-002058,28-05-2024,2024-05-28,2024,5,23.70527778,92.71138889,Aizawl,landslide_report.pdf,578,"Slide number: MZ/AZL/84A10/2024/048 | State: Mizoram | District: Aizawl | Location: Tlangnuam, Aizawl | Latitude: 23.70527778 | Longitude: 92.71138889 | Material: Debris | Movement: Slide | History: 28 May 2024",valid_explicit_date
GSI-A879211932C4,GSI-REVIEW-002059,28-05-2024,2024-05-28,2024,5,23.70416667,92.71222222,Aizawl,landslide_report.pdf,578,"Slide number: MZ/AZL/84A10/2024/049 | State: Mizoram | District: Aizawl | Location: Tlangnuam CP Road, Aizawl | Latitude: 23.70416667 | Longitude: 92.71222222 | Material: Earth | Movement: Slide | History: 28 May 2024",valid_explicit_date
GSI-89505F7283FA,GSI-REVIEW-002060,28-05-2024,2024-05-28,2024,5,23.70027778,92.71611111,Aizawl,landslide_report.pdf,578,"Slide number: MZ/AZL/84A10/2024/050 | State: Mizoram | District: Aizawl | Location: Tlangnuam Vengthar, Aizawl | Latitude: 23.70027778 | Longitude: 92.71611111 | Material: Debris | Movement: Slide | History: 28 May 2024",valid_explicit_date
GSI-92AFF2064DDE,GSI-REVIEW-002061,28-05-2024,2024-05-28,2024,5,23.69972222,92.71694444,Aizawl,landslide_report.pdf,578,"Slide number: MZ/AZL/84A10/2024/051 | State: Mizoram | District: Aizawl | Location: Tlangnuam Vengthar, Aizawl | Latitude: 23.69972222 | Longitude: 92.71694444 | Material: Debris | Movement: Slide | History: 28 May 2024",valid_explicit_date
GSI-87CD128A1015,GSI-REVIEW-002062,28-05-2024,2024-05-28,2024,5,23.68027778,92.72472222,Aizawl,landslide_report.pdf,578,"Slide number: MZ/AZL/84A10/2024/052 | State: Mizoram | District: Aizawl | Location: Trinity Hospital, Silaimual, Aizawl | Latitude: 23.68027778 | Longitude: 92.72472222 | Material: Debris | Movement: Slide | History: 28 May 2024",valid_explicit_date
GSI-0D1AFDDFC231,GSI-REVIEW-002063,28-05-2024,2024-05-28,2024,5,23.67805556,92.72,Aizawl,landslide_report.pdf,578,"Slide number: MZ/AZL/84A10/2024/053 | State: Mizoram | District: Aizawl | Location: Melthum to Hualngohmun Road, Aizawl | Latitude: 23.67805556 | Longitude: 92.72 | Material: Debris | Movement: Slide | History: 28 May 2024",valid_explicit_date
GSI-BA6E29113D25,GSI-REVIEW-002064,28-05-2024,2024-05-28,2024,5,23.64333333,92.73444444,Aizawl,landslide_report.pdf,578,"Slide number: MZ/AZL/84A10/2024/054 | State: Mizoram | District: Aizawl | Location: Paikhai, Melriat, Aizawl | Latitude: 23.64333333 | Longitude: 92.73444444 | Material: Earth | Movement: Slide | History: 28 May 2024",valid_explicit_date
GSI-44F3FDAF1B26,GSI-REVIEW-002065,02-10-2023,2023-10-02,2023,10,23.64638889,92.72638889,Aizawl,landslide_report.pdf,578,"Slide number: MZ/AZL/84A10/2024/055 | State: Mizoram | District: Aizawl | Location: Melriat, Aizawl | Latitude: 23.64638889 | Longitude: 92.72638889 | Material: Debris | Movement: Slide | History: 02 October 2023",valid_explicit_date
GSI-7BEAA54047E7,GSI-REVIEW-002066,28-05-2024,2024-05-28,2024,5,23.64638889,92.72527778,Aizawl,landslide_report.pdf,578,"Slide number: MZ/AZL/84A10/2024/056 | State: Mizoram | District: Aizawl | Location: Melriat, Aizawl | Latitude: 23.64638889 | Longitude: 92.72527778 | Material: Debris | Movement: Slide | History: 28 May 2024",valid_explicit_date
GSI-18796AAA831D,GSI-REVIEW-002067,28-05-2024,2024-05-28,2024,5,23.63111111,92.72388889,Aizawl,landslide_report.pdf,578,Slide number: MZ/AZL/84A10/2024/057 | State: Mizoram | District: Aizawl | Location: Kelsih | Latitude: 23.63111111 | Longitude: 92.72388889 | Material: Debris | Movement: Slide | History: 28 May 2024,valid_explicit_date
GSI-0FDDE43D0627,GSI-REVIEW-002068,28-05-2024,2024-05-28,2024,5,23.62833333,92.72333333,Aizawl,landslide_report.pdf,578,"Slide number: MZ/AZL/84A10/2024/059 | State: Mizoram | District: Aizawl | Location: Falkawn, Aizawl | Latitude: 23.62833333 | Longitude: 92.72333333 | Material: Debris | Movement: Slide | History: 28 May 2024",valid_explicit_date
GSI-DCEFAD2C19F8,GSI-REVIEW-002069,28-05-2024,2024-05-28,2024,5,23.62277778,92.72444444,Aizawl,landslide_report.pdf,578,"Slide number: MZ/AZL/84A10/2024/060 | State: Mizoram | District: Aizawl | Location: Falkawn, Aizawl | Latitude: 23.62277778 | Longitude: 92.72444444 | Material: Debris | Movement: Slide | History: 28 May 2024",valid_explicit_date
GSI-CAC0D54AB3F6,GSI-REVIEW-002070,28-05-2024,2024-05-28,2024,5,23.62194444,92.72305556,Aizawl,landslide_report.pdf,578,"Slide number: MZ/AZL/84A10/2024/061 | State: Mizoram | District: Aizawl | Location: Falkawn, Aizawl | Latitude: 23.62194444 | Longitude: 92.72305556 | Material: Debris | Movement: Slide | History: 28 May 2024",valid_explicit_date
GSI-351BA989622D,GSI-REVIEW-002071,28-05-2024,2024-05-28,2024,5,23.62083333,92.7225,Aizawl,landslide_report.pdf,578,"Slide number: MZ/AZL/84A10/2024/062 | State: Mizoram | District: Aizawl | Location: Falkawn, Aizawl | Latitude: 23.62083333 | Longitude: 92.7225 | Material: Debris | Movement: Slide | History: 28 May 2024",valid_explicit_date
GSI-6DD32557C183,GSI-REVIEW-002072,28-05-2024,2024-05-28,2024,5,23.61916667,92.7225,Aizawl,landslide_report.pdf,578,"Slide number: MZ/AZL/84A10/2024/063 | State: Mizoram | District: Aizawl | Location: Falkawn, Aizawl | Latitude: 23.61916667 | Longitude: 92.7225 | Material: Debris | Movement: Slide | History: 28 May 2024",valid_explicit_date
GSI-0BAECF136B55,GSI-REVIEW-002073,28-05-2024,2024-05-28,2024,5,23.61972222,92.72527778,Aizawl,landslide_report.pdf,578,"Slide number: MZ/AZL/84A10/2024/065 | State: Mizoram | District: Aizawl | Location: Falkawn vengthar, Aizawl | Latitude: 23.61972222 | Longitude: 92.72527778 | Material: Debris | Movement: Slide | History: 28 May 2024",valid_explicit_date
GSI-D9FA12BC54B3,GSI-REVIEW-002074,28-05-2024,2024-05-28,2024,5,23.62027778,92.72555556,Aizawl,landslide_report.pdf,578,"Slide number: MZ/AZL/84A10/2024/066 | State: Mizoram | District: Aizawl | Location: Falkawn vengthar, Aizawl | Latitude: 23.62027778 | Longitude: 92.72555556 | Material: Debris | Movement: Slide | History: 28 May 2024",valid_explicit_date
GSI-A7EC40B27E14,GSI-REVIEW-002075,28-05-2024,2024-05-28,2024,5,23.62027778,92.72611111,Aizawl,landslide_report.pdf,578,"Slide number: MZ/AZL/84A10/2024/067 | State: Mizoram | District: Aizawl | Location: Falkawn vengthar, Aizawl | Latitude: 23.62027778 | Longitude: 92.72611111 | Material: Debris | Movement: Slide | History: 28 May 2024",valid_explicit_date
GSI-13641064FB74,GSI-REVIEW-002076,28-05-2024,2024-05-28,2024,5,23.62111111,92.72444444,Aizawl,landslide_report.pdf,578,"Slide number: MZ/AZL/84A10/2024/068 | State: Mizoram | District: Aizawl | Location: Falkawn vengthar, Aizawl | Latitude: 23.62111111 | Longitude: 92.72444444 | Material: Debris | Movement: Slide | History: 28 May 2024",valid_explicit_date
GSI-C0BF00B26A5A,GSI-REVIEW-002077,28-05-2024,2024-05-28,2024,5,23.67583333,92.715,Aizawl,landslide_report.pdf,578,"Slide number: MZ/AZL/84A10/2024/071 | State: Mizoram | District: Aizawl | Location: Hlimen, Aizawl | Latitude: 23.67583333 | Longitude: 92.715 | Material: Debris | Movement: Slide | History: 28 May 2024",valid_explicit_date
GSI-2B73869CA8A6,GSI-REVIEW-002078,28-05-2024,2024-05-28,2024,5,23.67444444,92.71472222,Aizawl,landslide_report.pdf,578,"Slide number: MZ/AZL/84A10/2024/073 | State: Mizoram | District: Aizawl | Location: Hlimen, Aizawl | Latitude: 23.67444444 | Longitude: 92.71472222 | Material: Debris | Movement: Slide | History: 28 May 2024",valid_explicit_date
GSI-EDA0D1945547,GSI-REVIEW-002079,28-05-2024,2024-05-28,2024,5,23.67388889,92.71472222,Aizawl,landslide_report.pdf,578,"Slide number: MZ/AZL/84A10/2024/074 | State: Mizoram | District: Aizawl | Location: Hlimen, Aizawl | Latitude: 23.67388889 | Longitude: 92.71472222 | Material: Debris | Movement: Slide | History: 28 May 2024",valid_explicit_date
GSI-A155AA281641,GSI-REVIEW-002080,28-05-2024,2024-05-28,2024,5,23.672069,92.7099293,Aizawl,landslide_report.pdf,578,"Slide number: MZ/AZL/84A10/2024/075 | State: Mizoram | District: Aizawl | Location: Hlimen, Aizawl | Latitude: 23.672069 | Longitude: 92.7099293 | Material: Debris | Movement: Slide | History: 28 May 2024",valid_explicit_date
GSI-73E4CB44402F,GSI-REVIEW-002081,28-05-2024,2024-05-28,2024,5,23.684301,92.715511,Aizawl,landslide_report.pdf,578,"Slide number: MZ/AZL/84A10/2024/076 | State: Mizoram | District: Aizawl | Location: Hlimen, Aizawl | Latitude: 23.684301 | Longitude: 92.715511 | Material: Debris | Movement: Slide | History: 28 May 2024",valid_explicit_date
GSI-08320A29519A,GSI-REVIEW-002082,28-05-2024,2024-05-28,2024,5,23.70638889,92.72055556,Aizawl,landslide_report.pdf,578,"Slide number: MZ/AZL/84A10/2024/077 | State: Mizoram | District: Aizawl | Location: World Bank Road, Kulikawn East, Aizawl | Latitude: 23.70638889 | Longitude: 92.72055556 | Material: Debris | Movement: Slide | History: 28 May 2024",valid_explicit_date
GSI-2F5F6FCA7898,GSI-REVIEW-002083,28-05-2024,2024-05-28,2024,5,23.70416667,92.72,Aizawl,landslide_report.pdf,578,"Slide number: MZ/AZL/84A10/2024/078 | State: Mizoram | District: Aizawl | Location: World Bank Road, Aizawl | Latitude: 23.70416667 | Longitude: 92.72 | Material: Rock | Movement: Slide | History: 28 May 2024",valid_explicit_date
GSI-CAC2B937E08C,GSI-REVIEW-002084,28-05-2024,2024-05-28,2024,5,23.69,92.72361111,Aizawl,landslide_report.pdf,578,"Slide number: MZ/AZL/84A10/2024/082 | State: Mizoram | District: Aizawl | Location: World Bank Road, Aizawl | Latitude: 23.69 | Longitude: 92.72361111 | Material: Debris | Movement: Slide | History: 28 May 2024",valid_explicit_date
GSI-7645385A1AD7,GSI-REVIEW-002085,28-05-2024,2024-05-28,2024,5,23.68361111,92.72277778,Aizawl,landslide_report.pdf,578,"Slide number: MZ/AZL/84A10/2024/083 | State: Mizoram | District: Aizawl | Location: World Bank Road, Aizawl | Latitude: 23.68361111 | Longitude: 92.72277778 | Material: Debris | Movement: Slide | History: 28 May 2024",valid_explicit_date
GSI-82BF38393B86,GSI-REVIEW-002086,28-05-2024,2024-05-28,2024,5,23.67138889,92.72361111,Aizawl,landslide_report.pdf,578,Slide number: MZ/AZL/84A10/2024/085 | State: Mizoram | District: Aizawl | Location: Aizawl-Thenzawl-Lunglei Highway | Latitude: 23.67138889 | Longitude: 92.72361111 | Material: Debris | Movement: Slide | History: 28 May 2024,valid_explicit_date
GSI-3B2E36CAECA0,GSI-REVIEW-002087,28-05-2024,2024-05-28,2024,5,23.66666667,92.72388889,Aizawl,landslide_report.pdf,579,Slide number: MZ/AZL/84A10/2024/087 | State: Mizoram | District: Aizawl | Location: Aizawl-Thenzawl-Lunglei Highway | Latitude: 23.66666667 | Longitude: 92.72388889 | Material: Debris | Movement: Slide | History: 28 May 2024,valid_explicit_date
GSI-9EADCE6400C7,GSI-REVIEW-002088,28-05-2024,2024-05-28,2024,5,23.635,92.72361111,Aizawl,landslide_report.pdf,579,"Slide number: MZ/AZL/84A10/2024/091 | State: Mizoram | District: Aizawl | Location: Kelsih, Aizawl | Latitude: 23.635 | Longitude: 92.72361111 | Material: Debris | Movement: Slide | History: 28 May 2024",valid_explicit_date
GSI-843D49D0F5C9,GSI-REVIEW-002089,28-05-2024,2024-05-28,2024,5,23.43277778,92.76111111,Aizawl,landslide_report.pdf,579,"Slide number: MZ/AZL/84A15/2024/092 | State: Mizoram | District: Aizawl | Location: Chamring to Hmuifang Road, Aizawl | Latitude: 23.43277778 | Longitude: 92.76111111 | Material: Debris | Movement: Slide | History: 28 May 2024",valid_explicit_date
GSI-FB0A66FE611A,GSI-REVIEW-002090,28-05-2024,2024-05-28,2024,5,23.46777778,92.74111111,Aizawl,landslide_report.pdf,579,"Slide number: MZ/AZL/84A10/2024/093 | State: Mizoram | District: Aizawl | Location: Midum Kham, Sumsuih | Latitude: 23.46777778 | Longitude: 92.74111111 | Material: Debris | Movement: Slide | History: 28 May 2024",valid_explicit_date
GSI-F16EDE85F146,GSI-REVIEW-002091,28-05-2024,2024-05-28,2024,5,23.46805556,92.71638889,Aizawl,landslide_report.pdf,579,"Slide number: MZ/AZL/84A11/2024/094 | State: Mizoram | District: Aizawl | Location: Thiak, Aizawl | Latitude: 23.46805556 | Longitude: 92.71638889 | Material: Debris | Movement: Flow | History: 28 May 2024",valid_explicit_date
GSI-06654A8BFF1C,GSI-REVIEW-002092,28-05-2024,2024-05-28,2024,5,23.4725,92.71444444,Aizawl,landslide_report.pdf,579,"Slide number: MZ/AZL/84A11/2024/095 | State: Mizoram | District: Aizawl | Location: Thiak, Aizawl | Latitude: 23.4725 | Longitude: 92.71444444 | Material: Earth | Movement: Slide | History: 28 May 2024",valid_explicit_date
GSI-503A5EF01A0E,GSI-REVIEW-002093,,,,,23.47388889,92.70972222,Aizawl,landslide_report.pdf,579,"Slide number: MZ/AZL/84A11/2024/096 | State: Mizoram | District: Aizawl | Location: Thiak, Aizawl | Latitude: 23.47388889 | Longitude: 92.70972222 | Material: Earth | Movement: Slide | History: Septemebr 2023",missing_date
GSI-0751DB697037,GSI-REVIEW-002094,28-05-2024,2024-05-28,2024,5,23.49722222,92.70333333,Aizawl,landslide_report.pdf,579,Slide number: MZ/AZL/84A11/2024/098 | State: Mizoram | District: Aizawl | Location: Thiak to Maubuang | Latitude: 23.49722222 | Longitude: 92.70333333 | Material: Debris | Movement: Slide | History: 28 May 2024,valid_explicit_date
GSI-981B4E23F369,GSI-REVIEW-002095,28-05-2024,2024-05-28,2024,5,23.51361111,92.69833333,Aizawl,landslide_report.pdf,579,Slide number: MZ/AZL/84A10/2024/099 | State: Mizoram | District: Aizawl | Location: Maubuang to Sateek | Latitude: 23.51361111 | Longitude: 92.69833333 | Material: Debris | Movement: Slide | History: 28 May 2024,valid_explicit_date
GSI-D0243A00AED3,GSI-REVIEW-002096,28-05-2024,2024-05-28,2024,5,23.53666667,92.6975,Aizawl,landslide_report.pdf,579,Slide number: MZ/AZL/84A10/2024/100 | State: Mizoram | District: Aizawl | Location: Sateek | Latitude: 23.53666667 | Longitude: 92.6975 | Material: Debris | Movement: Slide | History: 28 May 2024,valid_explicit_date
GSI-8CA368AE4FCE,GSI-REVIEW-002097,28-05-2024,2024-05-28,2024,5,23.54166667,92.70194444,Aizawl,landslide_report.pdf,579,Slide number: MZ/AZL/84A10/2024/101 | State: Mizoram | District: Aizawl | Location: Sateek | Latitude: 23.54166667 | Longitude: 92.70194444 | Material: Debris | Movement: Flow | History: 28 May 2024,valid_explicit_date
GSI-FED823C5A258,GSI-REVIEW-002098,28-05-2024,2024-05-28,2024,5,23.54277778,92.70333333,Aizawl,landslide_report.pdf,579,Slide number: MZ/AZL/84A10/2024/102 | State: Mizoram | District: Aizawl | Location: Sateek | Latitude: 23.54277778 | Longitude: 92.70333333 | Material: Earth | Movement: Slide | History: 28 May 2024,valid_explicit_date
GSI-45467D8A0A00,GSI-REVIEW-002099,28-05-2024,2024-05-28,2024,5,23.52944444,92.72944444,Aizawl,landslide_report.pdf,579,Slide number: MZ/AZL/84A10/2024/103 | State: Mizoram | District: Aizawl | Location: Phulpui | Latitude: 23.52944444 | Longitude: 92.72944444 | Material: Debris | Movement: Flow | History: 28 May 2024,valid_explicit_date
GSI-2F0F2D5C5F4C,GSI-REVIEW-002100,28-05-2024,2024-05-28,2024,5,23.53083333,92.73055556,Aizawl,landslide_report.pdf,579,Slide number: MZ/AZL/84A10/2024/104 | State: Mizoram | District: Aizawl | Location: Phulpui | Latitude: 23.53083333 | Longitude: 92.73055556 | Material: Debris | Movement: Slide | History: 28 May 2024,valid_explicit_date
GSI-C246BD6781D1,GSI-REVIEW-002101,28-05-2024,2024-05-28,2024,5,23.53111111,92.73361111,Aizawl,landslide_report.pdf,579,Slide number: MZ/AZL/84A10/2024/105 | State: Mizoram | District: Aizawl | Location: Phulpui | Latitude: 23.53111111 | Longitude: 92.73361111 | Material: Debris | Movement: Slide | History: 28 May 2024,valid_explicit_date
GSI-360573093303,GSI-REVIEW-002102,28-05-2024,2024-05-28,2024,5,23.53083333,92.73333333,Aizawl,landslide_report.pdf,579,Slide number: MZ/AZL/84A10/2024/106 | State: Mizoram | District: Aizawl | Location: Phulpui | Latitude: 23.53083333 | Longitude: 92.73333333 | Material: Debris | Movement: Slide | History: 28 May 2024,valid_explicit_date
GSI-A7D6E021B8EC,GSI-REVIEW-002103,28-05-2024,2024-05-28,2024,5,23.56388889,92.70805556,Aizawl,landslide_report.pdf,579,Slide number: MZ/AZL/84A10/2024/107 | State: Mizoram | District: Aizawl | Location: Aibawk | Latitude: 23.56388889 | Longitude: 92.70805556 | Material: Debris | Movement: Slide | History: 28 May 2024,valid_explicit_date
GSI-A5FCE1D34E2C,GSI-REVIEW-002104,28-05-2024,2024-05-28,2024,5,23.56416667,92.70805556,Aizawl,landslide_report.pdf,579,Slide number: MZ/AZL/84A10/2024/108 | State: Mizoram | District: Aizawl | Location: Aibawk | Latitude: 23.56416667 | Longitude: 92.70805556 | Material: Debris | Movement: Slide | History: 28 May 2024,valid_explicit_date
GSI-0911A74BD322,GSI-REVIEW-002105,28-05-2024,2024-05-28,2024,5,23.565,92.70777778,Aizawl,landslide_report.pdf,579,Slide number: MZ/AZL/84A10/2024/109 | State: Mizoram | District: Aizawl | Location: Aibawk | Latitude: 23.565 | Longitude: 92.70777778 | Material: Debris | Movement: Slide | History: 28 May 2024,valid_explicit_date
GSI-EB24784E0F22,GSI-REVIEW-002106,28-05-2024,2024-05-28,2024,5,23.56666667,92.70888889,Aizawl,landslide_report.pdf,579,Slide number: MZ/AZL/84A10/2024/110 | State: Mizoram | District: Aizawl | Location: Aibawk | Latitude: 23.56666667 | Longitude: 92.70888889 | Material: Debris | Movement: Slide | History: 28 May 2024,valid_explicit_date
GSI-0593E79EF67E,GSI-REVIEW-002107,28-05-2024,2024-05-28,2024,5,23.77305556,92.74361111,Aizawl,landslide_report.pdf,579,"Slide number: MZ/AZL/84A09/2024/111 | State: Mizoram | District: Aizawl | Location: BSUP, Durtlang | Latitude: 23.77305556 | Longitude: 92.74361111 | Material: Debris | Movement: Slide | History: 28 May 2024",valid_explicit_date
GSI-D1AC23A4BBB4,GSI-REVIEW-002108,28-05-2024,2024-05-28,2024,5,23.77472222,92.76194444,Aizawl,landslide_report.pdf,579,Slide number: MZ/AZL/84A13/2024/112 | State: Mizoram | District: Aizawl | Location: Muthi | Latitude: 23.77472222 | Longitude: 92.76194444 | Material: Debris | Movement: Slide | History: 28 May 2024,valid_explicit_date
GSI-E6D981EACB91,GSI-REVIEW-002109,28-05-2024,2024-05-28,2024,5,23.77361111,92.76111111,Aizawl,landslide_report.pdf,579,Slide number: MZ/AZL/84A13/2024/113 | State: Mizoram | District: Aizawl | Location: Muthi | Latitude: 23.77361111 | Longitude: 92.76111111 | Material: Debris | Movement: Slide | History: 28 May 2024,valid_explicit_date
GSI-AA48006189E1,GSI-REVIEW-002110,28-05-2024,2024-05-28,2024,5,23.74861111,92.73861111,Aizawl,landslide_report.pdf,579,"Slide number: MZ/AZL/84A10/2024/114 | State: Mizoram | District: Aizawl | Location: Zuangtui, Aizawl | Latitude: 23.74861111 | Longitude: 92.73861111 | Material: Debris | Movement: Slide | History: 28 May 2024",valid_explicit_date
GSI-8B62B5AF5417,GSI-REVIEW-002111,28-05-2024,2024-05-28,2024,5,23.61,92.72083333,Aizawl,landslide_report.pdf,579,Slide number: MZ/AZL/84A10/2024/115 | State: Mizoram | District: Aizawl | Location: Muallungthu | Latitude: 23.61 | Longitude: 92.72083333 | Material: Debris | Movement: Slide | History: 28 May 2024,valid_explicit_date
GSI-A085D845B448,GSI-REVIEW-002112,28-05-2024,2024-05-28,2024,5,23.5925,92.71666667,Aizawl,landslide_report.pdf,579,Slide number: MZ/AZL/84A10/2024/117 | State: Mizoram | District: Aizawl | Location: Tachhip | Latitude: 23.5925 | Longitude: 92.71666667 | Material: Debris | Movement: Slide | History: 28 May 2024,valid_explicit_date
GSI-E8693A77BF5E,GSI-REVIEW-002113,28-05-2024,2024-05-28,2024,5,23.58722222,92.71361111,Aizawl,landslide_report.pdf,579,Slide number: MZ/AZL/84A10/2024/118 | State: Mizoram | District: Aizawl | Location: Tachhip | Latitude: 23.58722222 | Longitude: 92.71361111 | Material: Debris | Movement: Slide | History: 28 May 2024,valid_explicit_date
GSI-AACF9D6F49A7,GSI-REVIEW-002114,28-05-2024,2024-05-28,2024,5,23.57694444,92.71305556,Aizawl,landslide_report.pdf,579,Slide number: MZ/AZL/84A10/2024/119 | State: Mizoram | District: Aizawl | Location: Tachhip | Latitude: 23.57694444 | Longitude: 92.71305556 | Material: Debris | Movement: Slide | History: 28 May 2024,valid_explicit_date
GSI-CFA3A2B7892A,GSI-REVIEW-002115,28-05-2024,2024-05-28,2024,5,23.58027778,92.715,Aizawl,landslide_report.pdf,579,Slide number: MZ/AZL/84A10/2024/121 | State: Mizoram | District: Aizawl | Location: Tachhip | Latitude: 23.58027778 | Longitude: 92.715 | Material: Earth | Movement: Slide | History: 28 May 2024,valid_explicit_date
GSI-42E2B7574326,GSI-REVIEW-002116,28-05-2024,2024-05-28,2024,5,23.58138889,92.71416667,Aizawl,landslide_report.pdf,579,Slide number: MZ/AZL/84A10/2024/122 | State: Mizoram | District: Aizawl | Location: Tachhip | Latitude: 23.58138889 | Longitude: 92.71416667 | Material: Debris | Movement: Slide | History: 28 May 2024,valid_explicit_date
GSI-BE624FD1B92B,GSI-REVIEW-002117,28-05-2024,2024-05-28,2024,5,23.58694444,92.7175,Aizawl,landslide_report.pdf,579,Slide number: MZ/AZL/84A10/2024/123 | State: Mizoram | District: Aizawl | Location: Tachhip | Latitude: 23.58694444 | Longitude: 92.7175 | Material: Debris | Movement: Slide | History: 28 May 2024,valid_explicit_date
GSI-1152E36B33D3,GSI-REVIEW-002118,28-05-2024,2024-05-28,2024,5,23.58583333,92.71638889,Aizawl,landslide_report.pdf,579,Slide number: MZ/AZL/84A10/2024/125 | State: Mizoram | District: Aizawl | Location: Tachhip | Latitude: 23.58583333 | Longitude: 92.71638889 | Material: Debris | Movement: Slide | History: 28 May 2024,valid_explicit_date
GSI-52D299CBD5AB,GSI-REVIEW-002119,28-05-2024,2024-05-28,2024,5,23.58638889,92.71583333,Aizawl,landslide_report.pdf,579,Slide number: MZ/AZL/84A10/2024/126 | State: Mizoram | District: Aizawl | Location: Tachhip | Latitude: 23.58638889 | Longitude: 92.71583333 | Material: Debris | Movement: Slide | History: 28 May 2024,valid_explicit_date
GSI-109ABEB99616,GSI-REVIEW-002120,28-05-2024,2024-05-28,2024,5,23.65388889,92.72444444,Aizawl,landslide_report.pdf,579,Slide number: MZ/AZL/84A10/2024/127 | State: Mizoram | District: Aizawl | Location: Hualngohmun | Latitude: 23.65388889 | Longitude: 92.72444444 | Material: Debris | Movement: Slide | History: 28 May 2024,valid_explicit_date
GSI-A3E794F48053,GSI-REVIEW-002121,28-05-2024,2024-05-28,2024,5,23.65416667,92.71777778,Aizawl,landslide_report.pdf,579,Slide number: MZ/AZL/84A10/2024/128 | State: Mizoram | District: Aizawl | Location: Hualngohmun | Latitude: 23.65416667 | Longitude: 92.71777778 | Material: Debris | Movement: Slide | History: 28 May 2024,valid_explicit_date
GSI-20E7BD05FF6A,GSI-REVIEW-002122,28-05-2024,2024-05-28,2024,5,23.655,92.71444444,Aizawl,landslide_report.pdf,579,Slide number: MZ/AZL/84A10/2024/129 | State: Mizoram | District: Aizawl | Location: Melriat to Samtlang road | Latitude: 23.655 | Longitude: 92.71444444 | Material: Rock | Movement: Slide | History: 28 May 2024,valid_explicit_date
GSI-1EA9B35891D7,GSI-REVIEW-002123,28-05-2024,2024-05-28,2024,5,23.65416667,92.69,Aizawl,landslide_report.pdf,579,Slide number: MZ/AZL/84A10/2024/130 | State: Mizoram | District: Aizawl | Location: Melriat to Samtlang road | Latitude: 23.65416667 | Longitude: 92.69 | Material: Debris | Movement: Slide | History: 28 May 2024,valid_explicit_date
GSI-53B686AAB12B,GSI-REVIEW-002124,28-05-2024,2024-05-28,2024,5,23.66055556,92.67277778,Aizawl,landslide_report.pdf,579,Slide number: MZ/AZL/84A10/2024/131 | State: Mizoram | District: Aizawl | Location: N Lungleng | Latitude: 23.66055556 | Longitude: 92.67277778 | Material: Earth | Movement: Slide | History: 28 May 2024,valid_explicit_date
GSI-60E3BEF0ACCF,GSI-REVIEW-002125,28-05-2024,2024-05-28,2024,5,23.66083333,92.67277778,Aizawl,landslide_report.pdf,579,Slide number: MZ/AZL/84A10/2024/132 | State: Mizoram | District: Aizawl | Location: N Lungleng | Latitude: 23.66083333 | Longitude: 92.67277778 | Material: Debris | Movement: Slide | History: 28 May 2024,valid_explicit_date
GSI-A72CE0AF13F8,GSI-REVIEW-002126,28-05-2024,2024-05-28,2024,5,23.65777778,92.67444444,Aizawl,landslide_report.pdf,579,Slide number: MZ/AZL/84A10/2024/133 | State: Mizoram | District: Aizawl | Location: N Lungleng | Latitude: 23.65777778 | Longitude: 92.67444444 | Material: Earth | Movement: Slide | History: 28 May 2024,valid_explicit_date
GSI-702030ECD500,GSI-REVIEW-002127,28-05-2024,2024-05-28,2024,5,23.65861111,92.70583333,Aizawl,landslide_report.pdf,579,Slide number: MZ/AZL/84A10/2024/134 | State: Mizoram | District: Aizawl | Location: Samtlang Junction | Latitude: 23.65861111 | Longitude: 92.70583333 | Material: Debris | Movement: Slide | History: 28 May 2024,valid_explicit_date
GSI-B33E9DDFF406,GSI-REVIEW-002128,28-05-2024,2024-05-28,2024,5,23.68143611,92.72144167,Aizawl,landslide_report.pdf,579,Slide number: MZ/AZL/84A10/2024/135 | State: Mizoram | District: Aizawl | Location: Melthum | Latitude: 23.68143611 | Longitude: 92.72144167 | Material: Debris | Movement: Slide | History: 28 May 2024,valid_explicit_date
GSI-0463557F6B73,GSI-REVIEW-002129,28-05-2024,2024-05-28,2024,5,23.73555556,92.78833333,Aizawl,landslide_report.pdf,580,Slide number: MZ/AZL/84A14/2024/136 | State: Mizoram | District: Aizawl | Location: Zemabawk to Tuirial Airfield | Latitude: 23.73555556 | Longitude: 92.78833333 | Material: Rock | Movement: Slide | History: 28 May 2024,valid_explicit_date
GSI-E05CBED67B18,GSI-REVIEW-002130,28-05-2024,2024-05-28,2024,5,23.72694444,92.79527778,Aizawl,landslide_report.pdf,580,Slide number: MZ/AZL/84A14/2024/137 | State: Mizoram | District: Aizawl | Location: Tuirial | Latitude: 23.72694444 | Longitude: 92.79527778 | Material: Debris | Movement: Slide | History: 28 May 2024,valid_explicit_date
GSI-3A214A5EE0CB,GSI-REVIEW-002131,28-05-2024,2024-05-28,2024,5,23.73277778,92.79722222,Aizawl,landslide_report.pdf,580,Slide number: MZ/AZL/84A14/2024/138 | State: Mizoram | District: Aizawl | Location: Tuirial Airfield | Latitude: 23.73277778 | Longitude: 92.79722222 | Material: Debris | Movement: Slide | History: 28 May 2024,valid_explicit_date
GSI-EA1735D29DAA,GSI-REVIEW-002132,28-05-2024,2024-05-28,2024,5,23.73416667,92.79861111,Aizawl,landslide_report.pdf,580,Slide number: MZ/AZL/84A14/2024/139 | State: Mizoram | District: Aizawl | Location: Tuirial Airfield Cemetery | Latitude: 23.73416667 | Longitude: 92.79861111 | Material: Debris | Movement: Slide | History: 28 May 2024,valid_explicit_date
GSI-16BD3BF8EE34,GSI-REVIEW-002133,28-05-2024,2024-05-28,2024,5,23.74555556,92.79444444,Aizawl,landslide_report.pdf,580,Slide number: MZ/AZL/84A14/2024/140 | State: Mizoram | District: Aizawl | Location: Tuirial Airfield | Latitude: 23.74555556 | Longitude: 92.79444444 | Material: Debris | Movement: Slide | History: 28 May 2024,valid_explicit_date
GSI-3FA39FF23412,GSI-REVIEW-002134,28-05-2024,2024-05-28,2024,5,23.73638889,92.79805556,Aizawl,landslide_report.pdf,580,Slide number: MZ/AZL/84A14/2024/142 | State: Mizoram | District: Aizawl | Location: Tuirial Airfield | Latitude: 23.73638889 | Longitude: 92.79805556 | Material: Earth | Movement: Slide | History: 28 May 2024,valid_explicit_date
GSI-AAA3E3E30984,GSI-REVIEW-002135,28-05-2024,2024-05-28,2024,5,23.73583333,92.79888889,Aizawl,landslide_report.pdf,580,Slide number: MZ/AZL/84A14/2024/143 | State: Mizoram | District: Aizawl | Location: Tuirial Airfield | Latitude: 23.73583333 | Longitude: 92.79888889 | Material: Earth | Movement: Slide | History: 28 May 2024,valid_explicit_date
GSI-09E4D26278A8,GSI-REVIEW-002136,28-05-2024,2024-05-28,2024,5,23.73638889,92.8,Aizawl,landslide_report.pdf,580,Slide number: MZ/AZL/84A14/2024/144 | State: Mizoram | District: Aizawl | Location: Tuirial Airfield | Latitude: 23.73638889 | Longitude: 92.8 | Material: Earth | Movement: Slide | History: 28 May 2024,valid_explicit_date
GSI-D6B25360590A,GSI-REVIEW-002137,28-05-2024,2024-05-28,2024,5,23.73555556,92.80027778,Aizawl,landslide_report.pdf,580,Slide number: MZ/AZL/84A14/2024/145 | State: Mizoram | District: Aizawl | Location: Tuirial Airfield | Latitude: 23.73555556 | Longitude: 92.80027778 | Material: Debris | Movement: Slide | History: 28 May 2024,valid_explicit_date
GSI-086F873B9333,GSI-REVIEW-002138,28-05-2024,2024-05-28,2024,5,23.71972222,92.79777778,Aizawl,landslide_report.pdf,580,Slide number: MZ/AZL/84A14/2024/146 | State: Mizoram | District: Aizawl | Location: Tuirial | Latitude: 23.71972222 | Longitude: 92.79777778 | Material: Earth | Movement: Slide | History: 28 May 2024,valid_explicit_date
GSI-4E27CCDB586E,GSI-REVIEW-002139,28-05-2024,2024-05-28,2024,5,23.72222222,92.80138889,Aizawl,landslide_report.pdf,580,Slide number: MZ/AZL/84A14/2024/0147 | State: Mizoram | District: Aizawl | Location: Tuirial | Latitude: 23.72222222 | Longitude: 92.80138889 | Material: Rock | Movement: Slide | History: 28 May 2024,valid_explicit_date
GSI-C57D1D99A057,GSI-REVIEW-002140,,,,,23.73111111,92.84944444,Aizawl,landslide_report.pdf,580,Slide number: MZ/AZL/84A14/2024/148 | State: Mizoram | District: Aizawl | Location: Tuirial to Seling town | Latitude: 23.73111111 | Longitude: 92.84944444 | Material: Debris | Movement: Slide | History: July 2023,missing_date
GSI-9ABD5408A980,GSI-REVIEW-002141,28-05-2024,2024-05-28,2024,5,23.73305556,92.84777778,Aizawl,landslide_report.pdf,580,Slide number: MZ/AZL/84A14/2024/149 | State: Mizoram | District: Aizawl | Location: Seling to Sesawng | Latitude: 23.73305556 | Longitude: 92.84777778 | Material: Debris | Movement: Slide | History: 28 May 2024,valid_explicit_date
GSI-A8F043848B6A,GSI-REVIEW-002142,28-05-2024,2024-05-28,2024,5,23.76083333,92.8475,Aizawl,landslide_report.pdf,580,Slide number: MZ/AZL/84A13/2024/150 | State: Mizoram | District: Aizawl | Location: Sesawng | Latitude: 23.76083333 | Longitude: 92.8475 | Material: Debris | Movement: Slide | History: 28 May 2024,valid_explicit_date
GSI-152C4EA2FCFE,GSI-REVIEW-002143,28-05-2024,2024-05-28,2024,5,23.86972222,92.87611111,Aizawl,landslide_report.pdf,580,Slide number: MZ/AZL/84A13/2024/151 | State: Mizoram | District: Aizawl | Location: Khawruhlian | Latitude: 23.86972222 | Longitude: 92.87611111 | Material: Debris | Movement: Slide | History: 28 May 2024,valid_explicit_date
GSI-EF0E8F4F374B,GSI-REVIEW-002144,28-05-2024,2024-05-28,2024,5,23.80750556,92.83417222,Aizawl,landslide_report.pdf,580,Slide number: MZ/AZL/84A13/2024/152 | State: Mizoram | District: Aizawl | Location: Mualmam | Latitude: 23.80750556 | Longitude: 92.83417222 | Material: Earth | Movement: Slide | History: 28 May 2024,valid_explicit_date
