system:index,date,dates_found,district,districts_found,elevation_m,event_id,extraction_confidence,landslide_type,location,manual_review_reason,manually_verified,ocr_used,slope_deg,source_excerpt,source_page,source_pdf,state,﻿review_id,.geo
000000000000000000e2_0,,,Aizawl,Aizawl,1819.9227,GSI-E60AD17932D9,0.7,debris_flow,~ 3 km from Vanzao,missing_event_date,false,false,15.0770445,Slide number: MIZ/AIZ/84A13/2016/1 | State: Mizoram | District: Aizawl | Location: ~ 3 km from Vanzao | Latitude: 23.849497 | Longitude: 92.928202 | Material: Debris | Movement: Flow | History: 2016,565,landslide_report.pdf,Mizoram,GSI-REVIEW-001612,"{""geodesic"":false,""type"":""Point"",""coordinates"":[92.92813520995603,23.84962616303466]}"
000000000000000000ec_0,,,Aizawl,Aizawl,175.55267,GSI-4A3610DD50B2,0.7,debris_flow,~19 km from Khawruhlian towards Sesawng on NH 150,missing_event_date,false,false,32.95011,Slide number: MIZ/AIZ/84A13/2016/33 | State: Mizoram | District: Aizawl | Location: ~19 km from Khawruhlian towards Sesawng on NH 150 | Latitude: 23.856821 | Longitude: 92.833784 | Material: Debris | Movement: Flow | History: 2016,565,landslide_report.pdf,Mizoram,GSI-REVIEW-001625,"{""geodesic"":false,""type"":""Point"",""coordinates"":[92.83381210512347,23.85690251683603]}"
000000000000000000fc_0,,,Aizawl,Aizawl,712.4439,GSI-AE9F5A84B8F5,0.7,debris_flow,~6.5 km S of Khawruhlian towards Sesawng on NH 150,missing_event_date,false,false,28.648512,Slide number: MIZ/AIZ/84A13/2016/25 | State: Mizoram | District: Aizawl | Location: ~6.5 km S of Khawruhlian towards Sesawng on NH 150 | Latitude: 23.883306 | Longitude: 92.861917 | Material: Debris | Movement: Flow | History: 2016,567,landslide_report.pdf,Mizoram,GSI-REVIEW-001669,"{""geodesic"":false,""type"":""Point"",""coordinates"":[92.861839541988,23.883312986189143]}"
00000000000000000101_0,,,Aizawl,Aizawl,517.0938,GSI-307B8378E0DA,0.7,debris_flow,11 km Khawruhlian milestone towards Sesawng on NH 150,missing_event_date,false,false,28.46885,Slide number: MIZ/AIZ/84A13/2016/30 | State: Mizoram | District: Aizawl | Location: 11 km Khawruhlian milestone towards Sesawng on NH 150 | Latitude: 23.887333 | Longitude: 92.851111 | Material: Debris | Movement: Flow | History: 2016,567,landslide_report.pdf,Mizoram,GSI-REVIEW-001679,"{""geodesic"":false,""type"":""Point"",""coordinates"":[92.85105975857857,23.887355404967682]}"
00000000000000000134_0,,,Aizawl,Aizawl,1078.3896,GSI-C8A50C36A406,0.7,debris_flow,SuangpuilawnLamherh section,missing_event_date,false,false,33.80676,Slide number: MZ/AIZ/84E01/2017/50 | State: Mizoram | District: Aizawl | Location: SuangpuilawnLamherh section | Latitude: 23.966917 | Longitude: 93.041473 | Material: Debris | Movement: Flow | History: NA,569,landslide_report.pdf,Mizoram,GSI-REVIEW-001751,"{""geodesic"":false,""type"":""Point"",""coordinates"":[93.04159243034032,23.96685630761226]}"
00000000000000000000_0,,,Aizawl,Aizawl,720.4096,GSI-BA9D54E4B021,0.7,debris_slide,"About 4.2km Northwest of Sailam Bazar, SH-Aizawl- Thenzawl-Lunglei Road",missing_event_date,false,false,38.09998,"Slide number: MZ/SER/84A15/2016/124 | State: Mizoram | District: Aizawl | Location: About 4.2km Northwest of Sailam Bazar, SH-Aizawl- Thenzawl-Lunglei Road | Latitude: 23.333984 | Longitude: 92.781878 | Material: Debris | Movement: Slide | History: 2016",540,landslide_report.pdf,Mizoram,GSI-REVIEW-000917,"{""geodesic"":false,""type"":""Point"",""coordinates"":[92.78179965017296,23.33408302147847]}"
00000000000000000003_0,,,Aizawl,Aizawl,1364.7075,GSI-60D808B3D1FF,0.7,debris_slide,"Sailam, PMGSY Sialsuk-Sailam Road",missing_event_date,false,false,27.1064,"Slide number: MZ/SER/84A15/2016/112 | State: Mizoram | District: Aizawl | Location: Sailam, PMGSY Sialsuk-Sailam Road | Latitude: 23.353803 | Longitude: 92.794306 | Material: Debris | Movement: Slide | History: 2016",540,landslide_report.pdf,Mizoram,GSI-REVIEW-000933,"{""geodesic"":false,""type"":""Point"",""coordinates"":[92.7941964010938,23.353756126200686]}"
0000000000000000000a_0,,,Aizawl,Aizawl,1165.0525,GSI-D751EE19EECF,0.7,debris_slide,"North of Sialsuk, SH-Sialsuk- Samlukhai-Damdia Road",missing_event_date,false,false,33.310825,"Slide number: MZ/AIZ/84A11/2016/98 | State: Mizoram | District: Aizawl | Location: North of Sialsuk, SH-Sialsuk- Samlukhai-Damdia Road | Latitude: 23.411146 | Longitude: 92.752193 | Material: Debris | Movement: Slide | History: 2016",542,landslide_report.pdf,Mizoram,GSI-REVIEW-001003,"{""geodesic"":false,""type"":""Point"",""coordinates"":[92.75215524579701,23.411158472855924]}"
0000000000000000000d_0,,,Aizawl,Aizawl,1101.5039,GSI-8AA2E35062AE,0.7,debris_slide,"About 200m West of Smalukhai, SH-Sialsuk-Samlukhai-Damdia Road",missing_event_date,false,false,33.135334,"Slide number: MZ/AIZ/84A11/2016/96 | State: Mizoram | District: Aizawl | Location: About 200m West of Smalukhai, SH-Sialsuk-Samlukhai-Damdia Road | Latitude: 23.413501 | Longitude: 92.725781 | Material: Debris | Movement: Slide | History: 2016",543,landslide_report.pdf,Mizoram,GSI-REVIEW-001009,"{""geodesic"":false,""type"":""Point"",""coordinates"":[92.72574477644389,23.413583924123046]}"
00000000000000000011_0,,,Aizawl,Aizawl,997.9419,GSI-0BC4587B638D,0.7,debris_slide,"About 2.5 km Northwest of Samlukhai, SH-Sialsuk- Samlukhai-Damdia Road",missing_event_date,false,false,25.935928,"Slide number: MZ/AIZ/84A11/2016/93 | State: Mizoram | District: Aizawl | Location: About 2.5 km Northwest of Samlukhai, SH-Sialsuk- Samlukhai-Damdia Road | Latitude: 23.423348 | Longitude: 92.715571 | Material: Debris | Movement: Slide | History: 2016",543,landslide_report.pdf,Mizoram,GSI-REVIEW-001018,"{""geodesic"":false,""type"":""Point"",""coordinates"":[92.71550398220494,23.423285729191537]}"
00000000000000000012_0,,,Aizawl,Aizawl,948.0335,GSI-68686D5543A5,0.7,debris_slide,"About 3 km Northwest of Samlukhai, SH-Sialsuk- Samlukhai-Damdia Road",missing_event_date,false,false,19.489288,"Slide number: MZ/AIZ/84A11/2016/92 | State: Mizoram | District: Aizawl | Location: About 3 km Northwest of Samlukhai, SH-Sialsuk- Samlukhai-Damdia Road | Latitude: 23.425424 | Longitude: 92.716106 | Material: Debris | Movement: Slide | History: 2016",543,landslide_report.pdf,Mizoram,GSI-REVIEW-001022,"{""geodesic"":false,""type"":""Point"",""coordinates"":[92.7160429713754,23.425441685873423]}"
00000000000000000013_0,,,Aizawl,Aizawl,915.7166,GSI-9CA0B4EBF786,0.7,debris_slide,"About 4 km Northwest of Samlukhai, SH-Sialsuk- Samlukhai-Damdia Road",missing_event_date,false,false,31.41102,"Slide number: MZ/AIZ/84A11/2016/91 | State: Mizoram | District: Aizawl | Location: About 4 km Northwest of Samlukhai, SH-Sialsuk- Samlukhai-Damdia Road | Latitude: 23.427681 | Longitude: 92.714959 | Material: Debris | Movement: Slide | History: 2016",543,landslide_report.pdf,Mizoram,GSI-REVIEW-001026,"{""geodesic"":false,""type"":""Point"",""coordinates"":[92.71496499303446,23.42759764255531]}"
00000000000000000014_0,,,Aizawl,Aizawl,580.0604,GSI-C62E0462EBAB,0.7,debris_slide,"Southeast of Lungsai village, SH- Sialsuk-Samlukhai-Damdia Road",missing_event_date,false,false,30.50749,"Slide number: MZ/AIZ/84A11/2016/101 | State: Mizoram | District: Aizawl | Location: Southeast of Lungsai village, SH- Sialsuk-Samlukhai-Damdia Road | Latitude: 23.439894 | Longitude: 92.702301 | Material: Debris | Movement: Slide | History: 2016",544,landslide_report.pdf,Mizoram,GSI-REVIEW-001039,"{""geodesic"":false,""type"":""Point"",""coordinates"":[92.70229874752837,23.43999439347616]}"
00000000000000000016_0,,,Aizawl,Aizawl,464.91742,GSI-A6B8AF0C634B,0.7,debris_slide,"About 15km south of Damdia, SH-Sialsuk-Samlukhai-Damdia Road",missing_event_date,false,false,31.847878,"Slide number: MZ/AIZ/84A11/2016/102 | State: Mizoram | District: Aizawl | Location: About 15km south of Damdia, SH-Sialsuk-Samlukhai-Damdia Road | Latitude: 23.442296 | Longitude: 92.695903 | Material: Debris | Movement: Slide | History: 2016",544,landslide_report.pdf,Mizoram,GSI-REVIEW-001046,"{""geodesic"":false,""type"":""Point"",""coordinates"":[92.69583087748272,23.442419844743284]}"
00000000000000000024_0,,,Aizawl,Aizawl,971.10925,GSI-D9FDA01AD703,0.7,debris_slide,"Hualthu Near the Foundation Stone (MPLADS) by CL Raula, PMGSY Chhingchhip-Hualto Road",missing_event_date,false,false,27.1131,"Slide number: MZ/AIZ/84A15/2016/55 | State: Mizoram | District: Aizawl | Location: Hualthu Near the Foundation Stone (MPLADS) by CL Raula, PMGSY Chhingchhip-Hualto Road | Latitude: 23.499418 | Longitude: 92.905021 | Material: Debris | Movement: Slide | History: 2017",550,landslide_report.pdf,Mizoram,GSI-REVIEW-001181,"{""geodesic"":false,""type"":""Point"",""coordinates"":[92.90495867562574,23.499552696813286]}"
00000000000000000026_0,,,Aizawl,Aizawl,1187.5135,GSI-C660FBEFA5A4,0.7,debris_slide,"500m South of Baktwang village, NH 54",missing_event_date,false,false,25.765038,"Slide number: MZ/AIZ/84A14/2015/61 | State: Mizoram | District: Aizawl | Location: 500m South of Baktwang village, NH 54 | Latitude: 23.535189 | Longitude: 92.846042 | Material: Debris | Movement: Slide | History: NA",550,landslide_report.pdf,Mizoram,GSI-REVIEW-001199,"{""geodesic"":false,""type"":""Point"",""coordinates"":[92.84593936145909,23.535125982064418]}"
00000000000000000027_0,,,Aizawl,Aizawl,515.12933,GSI-505CEC1FE96E,0.7,debris_slide,"Tlungvel, On Turini lui near cultivation area",missing_event_date,false,false,30.267609,"Slide number: MZ/AIZ/84A14/2015/60 | State: Mizoram | District: Aizawl | Location: Tlungvel, On Turini lui near cultivation area | Latitude: 23.566631 | Longitude: 92.876781 | Material: Debris | Movement: Slide | History: NA",551,landslide_report.pdf,Mizoram,GSI-REVIEW-001219,"{""geodesic"":false,""type"":""Point"",""coordinates"":[92.87666174417598,23.56665684853701]}"
00000000000000000028_0,,,Aizawl,Aizawl,842.1312,GSI-9C573D504FA0,0.7,debris_slide,Near Kumthung junction in Aizawl-lunglei road,missing_event_date,false,false,29.482805,Slide number: MZ/AIZ/84A10/2015/72 | State: Mizoram | District: Aizawl | Location: Near Kumthung junction in Aizawl-lunglei road | Latitude: 23.604611 | Longitude: 92.726417 | Material: Debris | Movement: Slide | History: NA,552,landslide_report.pdf,Mizoram,GSI-REVIEW-001251,"{""geodesic"":false,""type"":""Point"",""coordinates"":[92.72628376561437,23.60465558505527]}"
00000000000000000029_0,,,Aizawl,Aizawl,571.1503,GSI-0776B34F74F7,0.7,debris_slide,"East of Tlungvel, about 3km along the foot tracks",missing_event_date,false,false,25.506077,"Slide number: MZ/AIZ/84A14/2015/78 | State: Mizoram | District: Aizawl | Location: East of Tlungvel, about 3km along the foot tracks | Latitude: 23.607347 | Longitude: 92.879114 | Material: Debris | Movement: Slide | History: NA",552,landslide_report.pdf,Mizoram,GSI-REVIEW-001256,"{""geodesic"":false,""type"":""Point"",""coordinates"":[92.87908719544309,23.607350530907627]}"
0000000000000000002d_0,,,Aizawl,Aizawl,489.61475,GSI-AF01F8225C82,0.7,debris_slide,13.5km S OF Dulte,missing_event_date,false,false,32.505783,Slide number: MZ/AIZ/84E02/2017/30 | State: Mizoram | District: Aizawl | Location: 13.5km S OF Dulte | Latitude: 23.639484 | Longitude: 93.032189 | Material: Debris | Movement: Slide | History: NA,554,landslide_report.pdf,Mizoram,GSI-REVIEW-001290,"{""geodesic"":false,""type"":""Point"",""coordinates"":[93.03216011985707,23.639420386550693]}"
0000000000000000002e_0,,,Aizawl,Aizawl,1240.0469,GSI-8AD0DD824AF7,0.7,debris_slide,"East of Ruallung village, on Ruallung-Mualpheng road",missing_event_date,false,false,20.666903,"Slide number: MZ/AIZ/84A14/2015/109 | State: Mizoram | District: Aizawl | Location: East of Ruallung village, on Ruallung-Mualpheng road | Latitude: 23.6445 | Longitude: 92.990194 | Material: Debris | Movement: Slide | History: NA",554,landslide_report.pdf,Mizoram,GSI-REVIEW-001296,"{""geodesic"":false,""type"":""Point"",""coordinates"":[92.99011896456027,23.644540783670173]}"
0000000000000000002f_0,,,Aizawl,Aizawl,469.65283,GSI-85C1DD092DD7,0.7,debris_slide,15km S of Dulte,missing_event_date,false,false,24.818775,Slide number: MZ/AIZ/84E02/2017/32 | State: Mizoram | District: Aizawl | Location: 15km S of Dulte | Latitude: 23.650925 | Longitude: 93.030704 | Material: Debris | Movement: Slide | History: NA,554,landslide_report.pdf,Mizoram,GSI-REVIEW-001304,"{""geodesic"":false,""type"":""Point"",""coordinates"":[93.03081264693088,23.651008653715834]}"
00000000000000000030_0,,,Aizawl,Aizawl,929.6883,GSI-758F15BBB986,0.7,debris_slide,"1km Southwest of Samtlang, N. Lungleng - Aizawl Rd",missing_event_date,false,false,36.13956,"Slide number: MZ/AIZ/84A10/2015/193 | State: Mizoram | District: Aizawl | Location: 1km Southwest of Samtlang, N. Lungleng - Aizawl Rd | Latitude: 23.652972 | Longitude: 92.6985 | Material: Debris | Movement: Slide | History: NA",554,landslide_report.pdf,Mizoram,GSI-REVIEW-001305,"{""geodesic"":false,""type"":""Point"",""coordinates"":[92.69852582333507,23.652895115812488]}"
00000000000000000031_0,,,Aizawl,Aizawl,483.99673,GSI-97D8ACEF4EB3,0.7,debris_slide,20.5km E of Keifang,missing_event_date,false,false,33.14759,Slide number: MZ/AIZ/84E02/2017/37 | State: Mizoram | District: Aizawl | Location: 20.5km E of Keifang | Latitude: 23.653812 | Longitude: 93.029927 | Material: Debris | Movement: Slide | History: NA,554,landslide_report.pdf,Mizoram,GSI-REVIEW-001306,"{""geodesic"":false,""type"":""Point"",""coordinates"":[93.03000416317518,23.653703599568193]}"
00000000000000000033_0,,,Aizawl,Aizawl,1242.8824,GSI-93F9A29A6253,0.7,debris_slide,South of Keifang village on SH Keifang-Seling road.,missing_event_date,false,false,47.45085,Slide number: MZ/AIZ/84A14/2015/101 | State: Mizoram | District: Aizawl | Location: South of Keifang village on SH Keifang-Seling road. | Latitude: 23.654556 | Longitude: 92.965056 | Material: Debris | Movement: Slide | History: NA,554,landslide_report.pdf,Mizoram,GSI-REVIEW-001309,"{""geodesic"":false,""type"":""Point"",""coordinates"":[92.96505596813334,23.6545120833239]}"
00000000000000000035_0,,,Aizawl,Aizawl,913.6691,GSI-FA5F3EEA49F6,0.7,debris_slide,"NW of Lenchim village, Mualpheng-Lenchim Rd",missing_event_date,false,false,29.763687,"Slide number: MZ/AIZ/84A14/2015/102 | State: Mizoram | District: Aizawl | Location: NW of Lenchim village, Mualpheng-Lenchim Rd | Latitude: 23.655417 | Longitude: 92.957167 | Material: Debris | Movement: Slide | History: NA",554,landslide_report.pdf,Mizoram,GSI-REVIEW-001311,"{""geodesic"":false,""type"":""Point"",""coordinates"":[92.95724062516149,23.65532056707961]}"
00000000000000000038_0,,,Aizawl,Aizawl,898.8944,GSI-D86439B13898,0.7,debris_slide,"2.5 km West of Samtlang, N.Lungleng - Aizawl Rd",missing_event_date,false,false,29.076347,"Slide number: MZ/AIZ/84A10/2015/192 | State: Mizoram | District: Aizawl | Location: 2.5 km West of Samtlang, N.Lungleng - Aizawl Rd | Latitude: 23.657278 | Longitude: 92.704583 | Material: Debris | Movement: Slide | History: NA",554,landslide_report.pdf,Mizoram,GSI-REVIEW-001317,"{""geodesic"":false,""type"":""Point"",""coordinates"":[92.70445470421026,23.65720702917626]}"
0000000000000000003a_0,,,Aizawl,Aizawl,1131.2532,GSI-9FB0B3CFDE36,0.7,debris_slide,1.9 km south of Keifang village on SH Keifang-Seling road near water reservoir,missing_event_date,false,false,37.04612,Slide number: MZ/AIZ/84A14/2015/107 | State: Mizoram | District: Aizawl | Location: 1.9 km south of Keifang village on SH Keifang-Seling road near water reservoir | Latitude: 23.658861 | Longitude: 92.963722 | Material: Debris | Movement: Slide | History: NA,555,landslide_report.pdf,Mizoram,GSI-REVIEW-001320,"{""geodesic"":false,""type"":""Point"",""coordinates"":[92.96370849520716,23.658823996687676]}"
0000000000000000003f_0,,,Aizawl,Aizawl,1173.5892,GSI-48BE3636C2C1,0.7,debris_slide,"Keifang, SH- Keifang- Champhai road",missing_event_date,false,false,25.871,"Slide number: MZ/AIZ/84A14/2015/95 | State: Mizoram | District: Aizawl | Location: Keifang, SH- Keifang- Champhai road | Latitude: 23.666361 | Longitude: 92.975972 | Material: Debris | Movement: Slide | History: NA",555,landslide_report.pdf,Mizoram,GSI-REVIEW-001328,"{""geodesic"":false,""type"":""Point"",""coordinates"":[92.976105246128,23.66636984507428]}"
00000000000000000040_0,,,Aizawl,Aizawl,364.50372,GSI-5BBB3BBC80E9,0.7,debris_slide,16 Km stone (seling) on SH Keifang-Seling.,missing_event_date,false,false,40.69428,Slide number: MZ/AIZ/84A14/2015/115 | State: Mizoram | District: Aizawl | Location: 16 Km stone (seling) on SH Keifang-Seling. | Latitude: 23.666722 | Longitude: 92.890889 | Material: Debris | Movement: Slide | History: NA,555,landslide_report.pdf,Mizoram,GSI-REVIEW-001330,"{""geodesic"":false,""type"":""Point"",""coordinates"":[92.89094495719347,23.666639339659515]}"
00000000000000000048_0,,,Aizawl,Aizawl,429.75897,GSI-A4BB553376B4,0.7,debris_slide,"Seling-Champhai SH about 1.3km South of Turini bridge, on SH Seling-Champhai rd",missing_event_date,false,false,32.46091,"Slide number: MZ/AIZ/84A14/2015/111 | State: Mizoram | District: Aizawl | Location: Seling-Champhai SH about 1.3km South of Turini bridge, on SH Seling-Champhai rd | Latitude: 23.671 | Longitude: 92.888333 | Material: Debris | Movement: Slide | History: NA",555,landslide_report.pdf,Mizoram,GSI-REVIEW-001340,"{""geodesic"":false,""type"":""Point"",""coordinates"":[92.88825001134111,23.67095125302329]}"
00000000000000000049_0,,,Aizawl,Aizawl,555.2317,GSI-32B3742704E5,0.7,debris_slide,18.5km E of Keifang (kawlkulh road),missing_event_date,false,false,31.441912,Slide number: MZ/AIZ/84E02/2017/33 | State: Mizoram | District: Aizawl | Location: 18.5km E of Keifang (kawlkulh road) | Latitude: 23.675142 | Longitude: 93.023551 | Material: Debris | Movement: Slide | History: NA,556,landslide_report.pdf,Mizoram,GSI-REVIEW-001346,"{""geodesic"":false,""type"":""Point"",""coordinates"":[93.02353629312951,23.67526316638706]}"
0000000000000000004a_0,,,Aizawl,Aizawl,605.84515,GSI-6B7AEBDD006A,0.7,debris_slide,16.5 km E of Keifang (Kawlkulh road),missing_event_date,false,false,38.075256,Slide number: MZ/AIZ/84E02/2017/34 | State: Mizoram | District: Aizawl | Location: 16.5 km E of Keifang (Kawlkulh road) | Latitude: 23.68054 | Longitude: 93.020091 | Material: Debris | Movement: Slide | History: NA,556,landslide_report.pdf,Mizoram,GSI-REVIEW-001350,"{""geodesic"":false,""type"":""Point"",""coordinates"":[93.02003286352145,23.680653058091778]}"
0000000000000000004b_0,,,Aizawl,Aizawl,1048.6875,GSI-5110706FCB01,0.7,debris_slide,"western slope of 1052 peak, S of Thingsultliah Hospital",missing_event_date,false,false,1.090256,"Slide number: MZ/AIZ/84A14/2015/89 | State: Mizoram | District: Aizawl | Location: western slope of 1052 peak, S of Thingsultliah Hospital | Latitude: 23.680931 | Longitude: 92.859617 | Material: Debris | Movement: Slide | History: NA",556,landslide_report.pdf,Mizoram,GSI-REVIEW-001352,"{""geodesic"":false,""type"":""Point"",""coordinates"":[92.85968358530612,23.680922552677014]}"
0000000000000000004c_0,,,Aizawl,Aizawl,592.7032,GSI-0FE4AD94752A,0.7,debris_slide,14.5km E of Keifang (Kawlkulh road),missing_event_date,false,false,22.314571,Slide number: MZ/AIZ/84E02/2017/36 | State: Mizoram | District: Aizawl | Location: 14.5km E of Keifang (Kawlkulh road) | Latitude: 23.681206 | Longitude: 93.019927 | Material: Debris | Movement: Slide | History: NA,556,landslide_report.pdf,Mizoram,GSI-REVIEW-001353,"{""geodesic"":false,""type"":""Point"",""coordinates"":[93.02003286352145,23.68119204726225]}"
0000000000000000004e_0,,,Aizawl,Aizawl,986.55756,GSI-7C2AA6046D3F,0.7,debris_slide,"About 2km south of thingsulthliah, 1km SW Thingsultliah Hospital",missing_event_date,false,false,9.513264,"Slide number: MZ/AIZ/84A14/2015/65 | State: Mizoram | District: Aizawl | Location: About 2km south of thingsulthliah, 1km SW Thingsultliah Hospital | Latitude: 23.682158 | Longitude: 92.858383 | Material: Debris | Movement: Slide | History: NA",556,landslide_report.pdf,Mizoram,GSI-REVIEW-001357,"{""geodesic"":false,""type"":""Point"",""coordinates"":[92.85833611237993,23.682270025603195]}"
00000000000000000052_0,,,Aizawl,Aizawl,927.71124,GSI-F4B26ACEAA4E,0.7,debris_slide,"North of Thingsultliah along NH 54, NW slope of 982 peak",missing_event_date,false,false,31.305706,"Slide number: MZ/AIZ/84A14/2015/64 | State: Mizoram | District: Aizawl | Location: North of Thingsultliah along NH 54, NW slope of 982 peak | Latitude: 23.695444 | Longitude: 92.861667 | Material: Debris | Movement: Slide | History: NA",557,landslide_report.pdf,Mizoram,GSI-REVIEW-001383,"{""geodesic"":false,""type"":""Point"",""coordinates"":[92.86157004740276,23.695475260279753]}"
00000000000000000054_0,,,Aizawl,Aizawl,412.60022,GSI-7B98653E64B2,0.7,debris_slide,About 9 Km SE of Seling on SH Seling-Champhai road,missing_event_date,false,false,38.94534,Slide number: MZ/AIZ/84A14/2015/87 | State: Mizoram | District: Aizawl | Location: About 9 Km SE of Seling on SH Seling-Champhai road | Latitude: 23.697056 | Longitude: 92.877944 | Material: Debris | Movement: Slide | History: NA,557,landslide_report.pdf,Mizoram,GSI-REVIEW-001386,"{""geodesic"":false,""type"":""Point"",""coordinates"":[92.87800921710216,23.697092227791167]}"
00000000000000000056_0,,,Aizawl,Aizawl,993.8508,GSI-C669F0C237F2,0.7,debris_slide,"Tlangnuan, CP Road",missing_event_date,false,false,35.097046,"Slide number: MZ/AIZ/84A10/2014/04 | State: Mizoram | District: Aizawl | Slide name: CP Road | Location: Tlangnuan, CP Road | Latitude: 23.6995 | Longitude: 92.71617 | Material: Rock cum Debris | Movement: Slide | History: NA",557,landslide_report.pdf,Mizoram,GSI-REVIEW-001389,"{""geodesic"":false,""type"":""Point"",""coordinates"":[92.7160429713754,23.69951767905829]}"
00000000000000000057_0,,,Aizawl,Aizawl,429.5277,GSI-C3A20D414C73,0.7,debris_slide,About 8.5 Km SE of Seling along SH Seling-Champhai road,missing_event_date,false,false,25.94321,Slide number: MZ/AIZ/84A14/2015/59 | State: Mizoram | District: Aizawl | Location: About 8.5 Km SE of Seling along SH Seling-Champhai road | Latitude: 23.699611 | Longitude: 92.874917 | Material: Debris | Movement: Slide | History: NA,557,landslide_report.pdf,Mizoram,GSI-REVIEW-001390,"{""geodesic"":false,""type"":""Point"",""coordinates"":[92.87504477666457,23.69951767905829]}"
00000000000000000059_0,,,Aizawl,Aizawl,496.17648,GSI-447B50CF30DD,0.7,debris_slide,About 8 km SE of Seling on SH Seling-Champhai road,missing_event_date,false,false,42.36737,Slide number: MZ/AIZ/84A14/2015/83 | State: Mizoram | District: Aizawl | Location: About 8 km SE of Seling on SH Seling-Champhai road | Latitude: 23.700889 | Longitude: 92.878361 | Material: Debris | Movement: Slide | History: NA,558,landslide_report.pdf,Mizoram,GSI-REVIEW-001392,"{""geodesic"":false,""type"":""Point"",""coordinates"":[92.87827871168739,23.70086515198447]}"
0000000000000000005f_0,,,Aizawl,Aizawl,492.106,GSI-E15143A89A7C,0.7,debris_slide,About 7.5 km SE of Seling on SH Seling-Champhai road,missing_event_date,false,false,30.340658,Slide number: MZ/AIZ/84A14/2015/84 | State: Mizoram | District: Aizawl | Location: About 7.5 km SE of Seling on SH Seling-Champhai road | Latitude: 23.705117 | Longitude: 92.877669 | Material: Debris | Movement: Slide | History: NA,558,landslide_report.pdf,Mizoram,GSI-REVIEW-001400,"{""geodesic"":false,""type"":""Point"",""coordinates"":[92.87773972251692,23.70517706534824]}"
00000000000000000062_0,,,Aizawl,Aizawl,846.0418,GSI-FF92497858C3,0.7,debris_slide,"Berawtlang Tourist Lodge, DGM Check Gate, South of Berawtlang Lodge",missing_event_date,false,false,42.538975,"Slide number: MZ/AIZ/84A14/2015/68 | State: Mizoram | District: Aizawl | Location: Berawtlang Tourist Lodge, DGM Check Gate, South of Berawtlang Lodge | Latitude: 23.708217 | Longitude: 92.761489 | Material: Debris | Movement: Slide | History: NA",558,landslide_report.pdf,Mizoram,GSI-REVIEW-001405,"{""geodesic"":false,""type"":""Point"",""coordinates"":[92.76158755628026,23.708141505785836]}"
00000000000000000063_0,,,Aizawl,Aizawl,659.38293,GSI-DF3515449461,0.7,debris_slide,"West of Mission Veng, Dumping Site, Tlawng - Aizawl Rd",missing_event_date,false,false,38.65038,"Slide number: MZ/AIZ/84A10/2015/194 | State: Mizoram | District: Aizawl | Location: West of Mission Veng, Dumping Site, Tlawng - Aizawl Rd | Latitude: 23.71 | Longitude: 92.692528 | Material: Debris | Movement: Slide | History: NA",558,landslide_report.pdf,Mizoram,GSI-REVIEW-001408,"{""geodesic"":false,""type"":""Point"",""coordinates"":[92.69259694245989,23.71002796788249]}"
00000000000000000064_0,,,Aizawl,Aizawl,602.4524,GSI-39AEB66CABB5,0.7,debris_slide,North of Salem veng on world bank road,missing_event_date,false,false,24.426897,Slide number: MZ/AIZ/84A10/2015/69 | State: Mizoram | District: Aizawl | Location: North of Salem veng on world bank road | Latitude: 23.710194 | Longitude: 92.741167 | Material: Debris | Movement: Slide | History: NA,558,landslide_report.pdf,Mizoram,GSI-REVIEW-001409,"{""geodesic"":false,""type"":""Point"",""coordinates"":[92.74110596780234,23.710297462467725]}"
00000000000000000065_0,,,Aizawl,Aizawl,261.542,GSI-49F6864977A6,0.7,debris_slide,"South of Tlawng Hydro-Project, Oasis picnic spot, SH- Aizawl - Reiek",missing_event_date,false,false,14.248636,"Slide number: MZ/AIZ/84A10/2015/182 | State: Mizoram | District: Aizawl | Location: South of Tlawng Hydro-Project, Oasis picnic spot, SH- Aizawl - Reiek | Latitude: 23.71125 | Longitude: 92.660167 | Material: Debris | Movement: Slide | History: NA",558,landslide_report.pdf,Mizoram,GSI-REVIEW-001412,"{""geodesic"":false,""type"":""Point"",""coordinates"":[92.66025759223159,23.711375440808666]}"
00000000000000000066_0,,,Aizawl,Aizawl,867.9288,GSI-1FFF679B86AD,0.7,debris_slide,Tlangnuam area alon NH54,missing_event_date,false,false,36.15341,Slide number: MZ/AIZ/84A14/2015/63 | State: Mizoram | District: Aizawl | Location: Tlangnuam area alon NH54 | Latitude: 23.711722 | Longitude: 92.858394 | Material: Debris | Movement: Slide | History: NA,558,landslide_report.pdf,Mizoram,GSI-REVIEW-001413,"{""geodesic"":false,""type"":""Point"",""coordinates"":[92.85833611237993,23.711644935393903]}"
00000000000000000067_0,,,Aizawl,Aizawl,191.2861,GSI-FC8A7FD57FD9,0.7,debris_slide,"1km South of Tlawng Hydro- Project view point of Azauli Falls, SH- Aizawl - Reiek",missing_event_date,false,false,40.181114,"Slide number: MZ/AIZ/84A10/2015/183 | State: Mizoram | District: Aizawl | Location: 1km South of Tlawng Hydro- Project view point of Azauli Falls, SH- Aizawl - Reiek | Latitude: 23.712694 | Longitude: 92.66025 | Material: Debris | Movement: Slide | History: NA",558,landslide_report.pdf,Mizoram,GSI-REVIEW-001417,"{""geodesic"":false,""type"":""Point"",""coordinates"":[92.66025759223159,23.712722913734847]}"
00000000000000000068_0,,,Aizawl,Aizawl,216.065,GSI-951FC297D9E4,0.7,debris_slide,"Tuirial, 200m upstream from turial bridge",missing_event_date,false,false,38.80605,"Slide number: MZ/AIZ/84A14/2015/67 | State: Mizoram | District: Aizawl | Location: Tuirial, 200m upstream from turial bridge | Latitude: 23.713131 | Longitude: 92.798942 | Material: Debris | Movement: Slide | History: NA",558,landslide_report.pdf,Mizoram,GSI-REVIEW-001418,"{""geodesic"":false,""type"":""Point"",""coordinates"":[92.79904730362804,23.71326190290532]}"
00000000000000000069_0,,,Aizawl,Aizawl,838.54376,GSI-9B637C1E525C,0.7,debris_slide,"Mualpui Bethel, Salem Veng - World Bank Rd",missing_event_date,false,false,38.003204,"Slide number: MZ/AIZ/84A10/2015/219 | State: Mizoram | District: Aizawl | Location: Mualpui Bethel, Salem Veng - World Bank Rd | Latitude: 23.714694 | Longitude: 92.728694 | Material: Debris | Movement: Slide | History: NA",558,landslide_report.pdf,Mizoram,GSI-REVIEW-001419,"{""geodesic"":false,""type"":""Point"",""coordinates"":[92.72870921688148,23.714609375831497]}"
0000000000000000006b_0,,,Aizawl,Aizawl,730.0786,GSI-04CEAE2C3C43,0.7,debris_slide,"West of Mission Veng, Tlawng - Aizawl Rd",missing_event_date,false,false,29.904799,"Slide number: MZ/AIZ/84A10/2015/195 | State: Mizoram | District: Aizawl | Location: West of Mission Veng, Tlawng - Aizawl Rd | Latitude: 23.715278 | Longitude: 92.697611 | Material: Debris | Movement: Slide | History: NA",559,landslide_report.pdf,Mizoram,GSI-REVIEW-001421,"{""geodesic"":false,""type"":""Point"",""coordinates"":[92.69771733957937,23.71514836500197]}"
0000000000000000006f_0,,,Aizawl,Aizawl,832.1213,GSI-3C79670718F5,0.7,debris_slide,"Mualpui Bethel, Salem Veng - World Bank Rd",missing_event_date,false,false,27.936195,"Slide number: MZ/AIZ/84A10/2015/218 | State: Mizoram | District: Aizawl | Location: Mualpui Bethel, Salem Veng - World Bank Rd | Latitude: 23.716278 | Longitude: 92.727694 | Material: Debris | Movement: Slide | History: NA",559,landslide_report.pdf,Mizoram,GSI-REVIEW-001426,"{""geodesic"":false,""type"":""Point"",""coordinates"":[92.72763123854055,23.716226343342914]}"
00000000000000000070_0,,,Aizawl,Aizawl,610.80493,GSI-EBBB875D8A4D,0.7,debris_slide,"West of Mission Veng, Tlawng - Aizawl Rd",missing_event_date,false,false,18.404675,"Slide number: MZ/AIZ/84A10/2015/205 | State: Mizoram | District: Aizawl | Location: West of Mission Veng, Tlawng - Aizawl Rd | Latitude: 23.716333 | Longitude: 92.688639 | Material: Debris | Movement: Slide | History: NA",559,landslide_report.pdf,Mizoram,GSI-REVIEW-001427,"{""geodesic"":false,""type"":""Point"",""coordinates"":[92.68855452368135,23.716226343342914]}"
00000000000000000071_0,,,Aizawl,Aizawl,756.07324,GSI-17F75C180B70,0.7,debris_slide,"West of Mission Veng, Tlawng - Aizawl Rd",missing_event_date,false,false,30.358274,"Slide number: MZ/AIZ/84A10/2015/196 | State: Mizoram | District: Aizawl | Location: West of Mission Veng, Tlawng - Aizawl Rd | Latitude: 23.716556 | Longitude: 92.699056 | Material: Debris | Movement: Slide | History: NA",559,landslide_report.pdf,Mizoram,GSI-REVIEW-001428,"{""geodesic"":false,""type"":""Point"",""coordinates"":[92.69906481250554,23.71649583792815]}"
00000000000000000076_0,,,Aizawl,Aizawl,771.5474,GSI-4D35E5834F89,0.7,debris_slide,2km West of Seswang along NH 150,missing_event_date,false,false,11.401863,Slide number: MZ/AIZ/84A14/2015/62 | State: Mizoram | District: Aizawl | Location: 2km West of Seswang along NH 150 | Latitude: 23.719306 | Longitude: 92.869058 | Material: Debris | Movement: Slide | History: NA,559,landslide_report.pdf,Mizoram,GSI-REVIEW-001434,"{""geodesic"":false,""type"":""Point"",""coordinates"":[92.86911589578938,23.71919078378051]}"
00000000000000000077_0,,,Aizawl,Aizawl,484.2057,GSI-102FEF0BBF03,0.7,debris_slide,"Near Police Post Forest, Tlawng - Aizawl Rd",missing_event_date,false,false,27.314924,"Slide number: MZ/AIZ/84A10/2015/202 | State: Mizoram | District: Aizawl | Location: Near Police Post Forest, Tlawng - Aizawl Rd | Latitude: 23.719389 | Longitude: 92.675083 | Material: Debris | Movement: Slide | History: NA",559,landslide_report.pdf,Mizoram,GSI-REVIEW-001435,"{""geodesic"":false,""type"":""Point"",""coordinates"":[92.67507979441956,23.719460278365744]}"
00000000000000000078_0,,,Aizawl,Aizawl,493.52847,GSI-4ED359756913,0.7,debris_slide,"Northwest of Mission, 500m from Police Post Forest, Tlawng - Aizawl Rd",missing_event_date,false,false,18.432661,"Slide number: MZ/AIZ/84A10/2015/200 | State: Mizoram | District: Aizawl | Location: Northwest of Mission, 500m from Police Post Forest, Tlawng - Aizawl Rd | Latitude: 23.719472 | Longitude: 92.676444 | Material: Debris | Movement: Slide | History: NA",559,landslide_report.pdf,Mizoram,GSI-REVIEW-001436,"{""geodesic"":false,""type"":""Point"",""coordinates"":[92.67642726734573,23.719460278365744]}"
00000000000000000079_0,,,Aizawl,Aizawl,488.11172,GSI-B8E9B6392883,0.7,debris_slide,"Near Police Post Forest, Tlawng - Aizawl Rd",missing_event_date,false,false,24.067804,"Slide number: MZ/AIZ/84A10/2015/201 | State: Mizoram | District: Aizawl | Location: Near Police Post Forest, Tlawng - Aizawl Rd | Latitude: 23.7195 | Longitude: 92.675528 | Material: Debris | Movement: Slide | History: NA",559,landslide_report.pdf,Mizoram,GSI-REVIEW-001437,"{""geodesic"":false,""type"":""Point"",""coordinates"":[92.67561878359002,23.719460278365744]}"
0000000000000000007a_0,,,Aizawl,Aizawl,720.4898,GSI-EC78F9045BD6,0.7,debris_slide,Seling dumping site on SH Seling- Champhai road,missing_event_date,false,false,33.91472,Slide number: MZ/AIZ/84A14/2015/86 | State: Mizoram | District: Aizawl | Location: Seling dumping site on SH Seling- Champhai road | Latitude: 23.719694 | Longitude: 92.868053 | Material: Debris | Movement: Slide | History: NA,559,landslide_report.pdf,Mizoram,GSI-REVIEW-001438,"{""geodesic"":false,""type"":""Point"",""coordinates"":[92.86803791744843,23.71972977295098]}"
0000000000000000007e_0,,,Aizawl,Aizawl,888.87946,GSI-20ABEC56127C,0.7,debris_slide,"5.3 km south of Dilkhan village, Saitual - Dilkhan Rd",missing_event_date,false,false,19.62844,"Slide number: MZ/AIZ/84A14/2015/97 | State: Mizoram | District: Aizawl | Location: 5.3 km south of Dilkhan village, Saitual - Dilkhan Rd | Latitude: 23.720833 | Longitude: 92.978 | Material: Debris | Movement: Slide | History: NA",559,landslide_report.pdf,Mizoram,GSI-REVIEW-001442,"{""geodesic"":false,""type"":""Point"",""coordinates"":[92.97799170822465,23.72080775129192]}"
0000000000000000007f_0,,,Aizawl,Aizawl,557.0606,GSI-BF806024ECCB,0.7,debris_slide,"Southwest of Lawipu, 500m from Power House, Lawipu - Tlawng Rd",missing_event_date,false,false,31.131178,"Slide number: MZ/AIZ/84A10/2015/199 | State: Mizoram | District: Aizawl | Location: Southwest of Lawipu, 500m from Power House, Lawipu - Tlawng Rd | Latitude: 23.721167 | Longitude: 92.675056 | Material: Debris | Movement: Slide | History: NA",559,landslide_report.pdf,Mizoram,GSI-REVIEW-001443,"{""geodesic"":false,""type"":""Point"",""coordinates"":[92.67507979441956,23.721077245877158]}"
00000000000000000080_0,,,Aizawl,Aizawl,689.3205,GSI-8A53087F05B0,0.7,debris_slide,"Southwest of Lawipu, Power House, Lawipu - Tlawng Rd",missing_event_date,false,false,31.409708,"Slide number: MZ/AIZ/84A10/2015/197 | State: Mizoram | District: Aizawl | Location: Southwest of Lawipu, Power House, Lawipu - Tlawng Rd | Latitude: 23.722111 | Longitude: 92.681472 | Material: Debris | Movement: Slide | History: NA",560,landslide_report.pdf,Mizoram,GSI-REVIEW-001444,"{""geodesic"":false,""type"":""Point"",""coordinates"":[92.68154766446521,23.722155224218103]}"
00000000000000000081_0,,,Aizawl,Aizawl,689.8902,GSI-4E649C3B4D58,0.7,debris_slide,"Southwest of Lawipu, Near Power House, Lawipu - Tlawng Rd",missing_event_date,false,false,21.986277,"Slide number: MZ/AIZ/84A10/2015/198 | State: Mizoram | District: Aizawl | Location: Southwest of Lawipu, Near Power House, Lawipu - Tlawng Rd | Latitude: 23.722222 | Longitude: 92.682278 | Material: Debris | Movement: Slide | History: NA",560,landslide_report.pdf,Mizoram,GSI-REVIEW-001445,"{""geodesic"":false,""type"":""Point"",""coordinates"":[92.68235614822092,23.722155224218103]}"
00000000000000000084_0,,,Aizawl,Aizawl,729.66034,GSI-89FEC4B5860D,0.7,debris_slide,N/A,missing_event_date,false,false,27.243084,Slide number: MZ/AIZ/84A10/2015/74 | State: Mizoram | District: Aizawl | Slide name: N/A | Location: N/A | Latitude: 23.727694 | Longitude: 92.736 | Material: Debris | Movement: Slide | History: NA,560,landslide_report.pdf,Mizoram,GSI-REVIEW-001449,"{""geodesic"":false,""type"":""Point"",""coordinates"":[92.73598557068286,23.727814610508055]}"
00000000000000000086_0,,,Aizawl,Aizawl,547.3984,GSI-A61A0C3E435E,0.7,debris_slide,Paibawk Turial section along NH54,missing_event_date,false,false,30.66962,Slide number: MZ/AIZ/84A14/2015/66 | State: Mizoram | District: Aizawl | Location: Paibawk Turial section along NH54 | Latitude: 23.732867 | Longitude: 92.825842 | Material: Debris | Movement: Slide | History: NA,560,landslide_report.pdf,Mizoram,GSI-REVIEW-001452,"{""geodesic"":false,""type"":""Point"",""coordinates"":[92.82572726756639,23.732935007627535]}"
00000000000000000087_0,,,Aizawl,Aizawl,894.4491,GSI-04F0451094D8,0.7,debris_slide,"East of Zemabawk, near MRF showroom on NH 54 Aizawl- Seling road",missing_event_date,false,false,31.79033,"Slide number: MZ/AIZ/84A14/2015/76 | State: Mizoram | District: Aizawl | Location: East of Zemabawk, near MRF showroom on NH 54 Aizawl- Seling road | Latitude: 23.732894 | Longitude: 92.753033 | Material: Debris | Movement: Slide | History: NA",560,landslide_report.pdf,Mizoram,GSI-REVIEW-001453,"{""geodesic"":false,""type"":""Point"",""coordinates"":[92.75296372955272,23.732935007627535]}"
00000000000000000088_0,,,Aizawl,Aizawl,791.7698,GSI-C384A6A42FFF,0.7,debris_slide,Mizoram university-Aizawl road,missing_event_date,false,false,32.776848,Slide number: MZ/AIZ/84A10/2015/117 | State: Mizoram | District: Aizawl | Location: Mizoram university-Aizawl road | Latitude: 23.733083 | Longitude: 92.675611 | Material: Debris | Movement: Slide | History: NA,560,landslide_report.pdf,Mizoram,GSI-REVIEW-001454,"{""geodesic"":false,""type"":""Point"",""coordinates"":[92.67561878359002,23.73320450221277]}"
00000000000000000090_0,,,Aizawl,Aizawl,913.8025,GSI-5FD746E8E617,0.7,debris_slide,"Thuampi Vengthar, Thuampui Vengthar - Chite Lui Rd",missing_event_date,false,false,21.262589,"Slide number: MZ/AIZ/84A10/2015/217 | State: Mizoram | District: Aizawl | Location: Thuampi Vengthar, Thuampui Vengthar - Chite Lui Rd | Latitude: 23.739306 | Longitude: 92.743111 | Material: Debris | Movement: Slide | History: NA",560,landslide_report.pdf,Mizoram,GSI-REVIEW-001466,"{""geodesic"":false,""type"":""Point"",""coordinates"":[92.74299242989899,23.739402877673196]}"
00000000000000000093_0,,,Aizawl,Aizawl,816.5607,GSI-08A274E966F3,0.7,debris_slide,"SE of Dilkhan Village, Saitual- Dilkhan-Phullen Rd",missing_event_date,false,false,25.998203,"Slide number: MZ/AIZ/84A14/2015/99 | State: Mizoram | District: Aizawl | Location: SE of Dilkhan Village, Saitual- Dilkhan-Phullen Rd | Latitude: 23.740306 | Longitude: 92.965389 | Material: Debris | Movement: Slide | History: NA",561,landslide_report.pdf,Mizoram,GSI-REVIEW-001469,"{""geodesic"":false,""type"":""Point"",""coordinates"":[92.96532546271857,23.740211361428905]}"
00000000000000000095_0,,,Aizawl,Aizawl,967.54834,GSI-A23143F3A1E1,0.7,debris_slide,"Thuampui, Kendriya Vidhyalaya Pushpak Aizawl",missing_event_date,false,false,28.900282,"Slide number: MZ/AIZ/84A10/2015/216 | State: Mizoram | District: Aizawl | Location: Thuampui, Kendriya Vidhyalaya Pushpak Aizawl | Latitude: 23.741389 | Longitude: 92.739528 | Material: Debris | Movement: Slide | History: NA",561,landslide_report.pdf,Mizoram,GSI-REVIEW-001471,"{""geodesic"":false,""type"":""Point"",""coordinates"":[92.73948900029093,23.741289339769846]}"
00000000000000000098_0,,,Aizawl,Aizawl,977.47424,GSI-A1149C0A0B94,0.7,debris_slide,Laiputlang,missing_event_date,false,false,36.82917,Slide number: MZ/AIZ/84A10/2014/01 | State: Mizoram | District: Aizawl | Slide name: Laiputlang | Location: Laiputlang | Latitude: 23.74372 | Longitude: 92.72417 | Material: Rock cum Debris | Movement: Slide | History: NA,561,landslide_report.pdf,Mizoram,GSI-REVIEW-001477,"{""geodesic"":false,""type"":""Point"",""coordinates"":[92.72412780893248,23.74371479103697]}"
0000000000000000009b_0,,,Aizawl,Aizawl,722.7182,GSI-4E619ED5CFF0,0.7,debris_slide,"4 km south of Dilkhan village, Saitual-Dilkhan Rd",missing_event_date,false,false,27.198383,"Slide number: MZ/AIZ/84A14/2015/98 | State: Mizoram | District: Aizawl | Location: 4 km south of Dilkhan village, Saitual-Dilkhan Rd | Latitude: 23.74425 | Longitude: 92.968472 | Material: Debris | Movement: Slide | History: NA",561,landslide_report.pdf,Mizoram,GSI-REVIEW-001480,"{""geodesic"":false,""type"":""Point"",""coordinates"":[92.9685593977414,23.74425378020744]}"
0000000000000000009e_0,,,Aizawl,Aizawl,925.62665,GSI-AD446DFC61FD,0.7,debris_slide,"Luangmual, Mizoram Univ. - Aizawl via NH 44A",missing_event_date,false,false,42.87828,"Slide number: MZ/AIZ/84A10/2015/187 | State: Mizoram | District: Aizawl | Location: Luangmual, Mizoram Univ. - Aizawl via NH 44A | Latitude: 23.745083 | Longitude: 92.6955 | Material: Debris | Movement: Slide | History: NA",561,landslide_report.pdf,Mizoram,GSI-REVIEW-001483,"{""geodesic"":false,""type"":""Point"",""coordinates"":[92.69556138289748,23.74506226396315]}"
000000000000000000a1_0,,,Aizawl,Aizawl,793.6635,GSI-150292E1DC76,0.7,debris_slide,"Rangvamul, NH-54 Aizawl - Lengpui(Airport) - Silchar",missing_event_date,false,false,37.300777,"Slide number: MZ/AIZ/84A10/2015/222 | State: Mizoram | District: Aizawl | Location: Rangvamul, NH-54 Aizawl - Lengpui(Airport) - Silchar | Latitude: 23.746722 | Longitude: 92.695972 | Material: Debris | Movement: Slide | History: NA",561,landslide_report.pdf,Mizoram,GSI-REVIEW-001486,"{""geodesic"":false,""type"":""Point"",""coordinates"":[92.69610037206795,23.746679231474566]}"
000000000000000000a5_0,,,Aizawl,Aizawl,836.311,GSI-9B2341C67B35,0.7,debris_slide,Phungchawng section,missing_event_date,false,false,23.772696,Slide number: MIZ/AIZ/84A09/2016/80 | State: Mizoram | District: Aizawl | Location: Phungchawng section | Latitude: 23.750676 | Longitude: 92.679635 | Material: Debris | Movement: Slide | History: 2016,562,landslide_report.pdf,Mizoram,GSI-REVIEW-001495,"{""geodesic"":false,""type"":""Point"",""coordinates"":[92.67966120236856,23.7507216502531]}"
000000000000000000a6_0,,,Aizawl,Aizawl,870.88495,GSI-70F4872CF0F0,0.7,debris_slide,Zuangtui slide,missing_event_date,false,false,28.63076,Slide number: MIZO/AIZ/84A10/2007/E-2 | State: Mizoram | District: Aizawl | Slide name: Zuangtui slide | Latitude: 23.750722 | Longitude: 92.744 | Material: Debris | Movement: Slide | History: 08 Septemebr 2007,562,landslide_report.pdf,Mizoram,GSI-REVIEW-001496,"{""geodesic"":false,""type"":""Point"",""coordinates"":[92.74407040823993,23.7507216502531]}"
000000000000000000a9_0,,,Aizawl,Aizawl,704.9771,GSI-6E9EEA79E21F,0.7,debris_slide,"Gate for Mizoram Truck Owners' Association, 57 km Khawnpui milestone",missing_event_date,false,false,27.920687,"Slide number: MIZ/AIZ/84A09/2016/78 | State: Mizoram | District: Aizawl | Location: Gate for Mizoram Truck Owners' Association, 57 km Khawnpui milestone | Latitude: 23.754359 | Longitude: 92.690207 | Material: Debris | Movement: Slide | History: 2016",562,landslide_report.pdf,Mizoram,GSI-REVIEW-001502,"{""geodesic"":false,""type"":""Point"",""coordinates"":[92.69017149119276,23.75422507986117]}"
000000000000000000aa_0,,,Aizawl,Aizawl,1025.908,GSI-5323D0161D8E,0.7,debris_slide,Aizawl-Sairang road,missing_event_date,false,false,30.383003,Slide number: MIZ/AIZ/84A09/2016/61 | State: Mizoram | District: Aizawl | Location: Aizawl-Sairang road | Latitude: 23.754475 | Longitude: 92.722754 | Material: Debris | Movement: Slide | History: 2016,562,landslide_report.pdf,Mizoram,GSI-REVIEW-001503,"{""geodesic"":false,""type"":""Point"",""coordinates"":[92.7227803360063,23.754494574446404]}"
000000000000000000ae_0,,,Aizawl,Aizawl,1262.7766,GSI-7E72532EBB14,0.7,debris_slide,Hunther area,missing_event_date,false,false,46.106964,Slide number: MIZ/AIZ/84A09/2016/133 | State: Mizoram | District: Aizawl | Location: Hunther area | Latitude: 23.771587 | Longitude: 92.732129 | Material: Debris | Movement: Slide | History: NA,562,landslide_report.pdf,Mizoram,GSI-REVIEW-001512,"{""geodesic"":false,""type"":""Point"",""coordinates"":[92.73221264648956,23.771472733316262]}"
000000000000000000b0_0,,,Aizawl,Aizawl,550.7774,GSI-843832118310,0.7,debris_slide,14 lm from Dilkhan,missing_event_date,false,false,27.696215,Slide number: MZ/AIZ/84E01/2017/55 | State: Mizoram | District: Aizawl | Location: 14 lm from Dilkhan | Latitude: 23.777805 | Longitude: 93.00489 | Material: Debris | Movement: Slide | History: NA,562,landslide_report.pdf,Mizoram,GSI-REVIEW-001515,"{""geodesic"":false,""type"":""Point"",""coordinates"":[93.00494116674824,23.777671108776687]}"
000000000000000000b1_0,,,Aizawl,Aizawl,428.89694,GSI-8E6FFFF8DE14,0.7,debris_slide,ThanglailungSaitual section,missing_event_date,false,false,24.003891,Slide number: MZ/AIZ/84E01/2017/94 | State: Mizoram | District: Aizawl | Location: ThanglailungSaitual section | Latitude: 23.779444 | Longitude: 93.023918 | Material: Debris | Movement: Slide | History: NA,562,landslide_report.pdf,Mizoram,GSI-REVIEW-001516,"{""geodesic"":false,""type"":""Point"",""coordinates"":[93.02380578771475,23.77955757087334]}"
000000000000000000b2_0,,,Aizawl,Aizawl,534.506,GSI-CB029A78A48A,0.7,debris_slide,~ 10 m from prev location,missing_event_date,false,false,28.07647,Slide number: MIZ/AIZ/84A13/2016/45 | State: Mizoram | District: Aizawl | Location: ~ 10 m from prev location | Latitude: 23.78 | Longitude: 92.84 | Material: Debris | Movement: Slide | History: 2016,562,landslide_report.pdf,Mizoram,GSI-REVIEW-001517,"{""geodesic"":false,""type"":""Point"",""coordinates"":[92.8400104805839,23.780096560043813]}"
000000000000000000b4_0,,,Aizawl,Aizawl,1251.4879,GSI-00D2ADD5741B,0.7,debris_slide,Hunther area,missing_event_date,false,false,33.061386,Slide number: MIZ/AIZ/84A09/2016/131 | State: Mizoram | District: Aizawl | Location: Hunther area | Latitude: 23.787414 | Longitude: 92.725278 | Material: Debris | Movement: Slide | History: NA,562,landslide_report.pdf,Mizoram,GSI-REVIEW-001528,"{""geodesic"":false,""type"":""Point"",""coordinates"":[92.72520578727342,23.78737291384518]}"
000000000000000000b5_0,,,Aizawl,Aizawl,1140.0376,GSI-A10A680439B3,0.7,debris_slide,Hunther area,missing_event_date,false,false,40.72892,Slide number: MIZ/AIZ/84A09/2016/135 | State: Mizoram | District: Aizawl | Location: Hunther area | Latitude: 23.788032 | Longitude: 92.729443 | Material: Debris | Movement: Slide | History: NA,563,landslide_report.pdf,Mizoram,GSI-REVIEW-001530,"{""geodesic"":false,""type"":""Point"",""coordinates"":[92.7295177006372,23.78791190301565]}"
000000000000000000b7_0,,,Aizawl,Aizawl,625.35535,GSI-1EC2E705646C,0.7,debris_slide,~1.5 km from Mualman on NH 150,missing_event_date,false,false,38.310795,Slide number: MIZ/AIZ/84A13/2016/42 | State: Mizoram | District: Aizawl | Location: ~1.5 km from Mualman on NH 150 | Latitude: 23.788722 | Longitude: 92.837833 | Material: Debris | Movement: Slide | History: 2016,563,landslide_report.pdf,Mizoram,GSI-REVIEW-001533,"{""geodesic"":false,""type"":""Point"",""coordinates"":[92.83785452390201,23.78872038677136]}"
000000000000000000b8_0,,,Aizawl,Aizawl,625.35535,GSI-8783FF5C4F07,0.7,debris_slide,,missing_event_date,false,false,38.310795,Slide number: MIZ/AIZ/84A13/2016/43 | State: Mizoram | District: Aizawl | Latitude: 23.788722 | Longitude: 92.837833 | Material: Debris | Movement: Slide | History: 2016,563,landslide_report.pdf,Mizoram,GSI-REVIEW-001534,"{""geodesic"":false,""type"":""Point"",""coordinates"":[92.83785452390201,23.78872038677136]}"
000000000000000000bb_0,,,Aizawl,Aizawl,1168.1987,GSI-EA8161A0C06B,0.7,debris_slide,Hunther area,missing_event_date,false,false,38.712135,Slide number: MIZ/AIZ/84A09/2016/132 | State: Mizoram | District: Aizawl | Location: Hunther area | Latitude: 23.791511 | Longitude: 92.730515 | Material: Debris | Movement: Slide | History: NA,563,landslide_report.pdf,Mizoram,GSI-REVIEW-001541,"{""geodesic"":false,""type"":""Point"",""coordinates"":[92.73059567897815,23.791415332623718]}"
000000000000000000bd_0,,,Aizawl,Aizawl,568.60864,GSI-80E9728CFBCC,0.7,debris_slide,ThanglailungSaitual section,missing_event_date,false,false,13.933499,Slide number: MZ/AIZ/84E01/2017/84 | State: Mizoram | District: Aizawl | Location: ThanglailungSaitual section | Latitude: 23.794195 | Longitude: 93.025055 | Material: Debris | Movement: Slide | History: NA,563,landslide_report.pdf,Mizoram,GSI-REVIEW-001545,"{""geodesic"":false,""type"":""Point"",""coordinates"":[93.02515326064093,23.794110278476076]}"
000000000000000000bf_0,,,Aizawl,Aizawl,557.48944,GSI-A0F529D71A2D,0.7,debris_slide,9.5 km from Thanglailung along PhullenSaitual section,missing_event_date,false,false,37.98173,Slide number: MZ/AIZ/84E01/2017/101 | State: Mizoram | District: Aizawl | Location: 9.5 km from Thanglailung along PhullenSaitual section | Latitude: 23.797361 | Longitude: 93.040916 | Material: Debris | Movement: Slide | History: NA,563,landslide_report.pdf,Mizoram,GSI-REVIEW-001549,"{""geodesic"":false,""type"":""Point"",""coordinates"":[93.04078394658461,23.797344213498906]}"
000000000000000000c5_0,,,Aizawl,Aizawl,520.33575,GSI-40CA7003072C,0.7,debris_slide,~9.5 km N of Sesawng on NH 150,missing_event_date,false,false,34.529022,Slide number: MIZ/AIZ/84A13/2016/41 | State: Mizoram | District: Aizawl | Location: ~9.5 km N of Sesawng on NH 150 | Latitude: 23.810083 | Longitude: 92.833861 | Material: Debris | Movement: Slide | History: 2015,564,landslide_report.pdf,Mizoram,GSI-REVIEW-001569,"{""geodesic"":false,""type"":""Point"",""coordinates"":[92.83381210512347,23.810010459004992]}"
000000000000000000c6_0,,,Aizawl,Aizawl,1329.8977,GSI-86E66EE60C75,0.7,debris_slide,Buhban village,missing_event_date,false,false,41.844704,Slide number: MIZ/AIZ/84A13/2016/134 | State: Mizoram | District: Aizawl | Location: Buhban village | Latitude: 23.811722 | Longitude: 92.959917 | Material: Debris | Movement: Slide | History: 2016,564,landslide_report.pdf,Mizoram,GSI-REVIEW-001571,"{""geodesic"":false,""type"":""Point"",""coordinates"":[92.95993557101386,23.811627426516406]}"
000000000000000000c9_0,,,Aizawl,Aizawl,287.93018,GSI-336F656A219E,0.7,debris_slide,~08-10 m from prev location,missing_event_date,false,false,28.332329,Slide number: MIZ/AIZ/84A13/2016/27 | State: Mizoram | District: Aizawl | Location: ~08-10 m from prev location | Latitude: 23.816 | Longitude: 92.84 | Material: Debris | Movement: Slide | History: 2016,564,landslide_report.pdf,Mizoram,GSI-REVIEW-001575,"{""geodesic"":false,""type"":""Point"",""coordinates"":[92.8400104805839,23.81593933988018]}"
000000000000000000ca_0,,,Aizawl,Aizawl,136.62408,GSI-0467576AEBBF,0.7,debris_slide,Sairang road (near bridge),missing_event_date,false,false,31.096188,Slide number: MIZ/AIZ/84A09/2016/84 | State: Mizoram | District: Aizawl | Location: Sairang road (near bridge) | Latitude: 23.816611 | Longitude: 92.662306 | Material: Debris | Movement: Slide | History: 2016,564,landslide_report.pdf,Mizoram,GSI-REVIEW-001576,"{""geodesic"":false,""type"":""Point"",""coordinates"":[92.66241354891346,23.81647832905065]}"
000000000000000000cc_0,,,Aizawl,Aizawl,438.9328,GSI-81149BA052FE,0.7,debris_slide,~ 10 m from prev location,missing_event_date,false,false,30.531364,Slide number: MIZ/AIZ/84A13/2016/36 | State: Mizoram | District: Aizawl | Location: ~ 10 m from prev location | Latitude: 23.819269 | Longitude: 92.826983 | Material: Debris | Movement: Slide | History: 2016,564,landslide_report.pdf,Mizoram,GSI-REVIEW-001578,"{""geodesic"":false,""type"":""Point"",""coordinates"":[92.82707474049258,23.81917327490301]}"
000000000000000000cd_0,,,Aizawl,Aizawl,438.9328,GSI-0290D84F9EEC,0.7,debris_slide,27 km Khawruhlian milestone towards Sesawng on NH 150,missing_event_date,false,false,30.531364,Slide number: MIZ/AIZ/84A13/2016/35 | State: Mizoram | District: Aizawl | Location: 27 km Khawruhlian milestone towards Sesawng on NH 150 | Latitude: 23.819269 | Longitude: 92.826983 | Material: Debris | Movement: Slide | History: 2016,564,landslide_report.pdf,Mizoram,GSI-REVIEW-001579,"{""geodesic"":false,""type"":""Point"",""coordinates"":[92.82707474049258,23.81917327490301]}"
000000000000000000ce_0,,,Aizawl,Aizawl,432.85947,GSI-F57DBE60FEBC,0.7,debris_slide,~27.3 km from Khawruhlian towards Sesawng on NH 150,missing_event_date,false,false,38.290867,Slide number: MIZ/AIZ/84A13/2016/37 | State: Mizoram | District: Aizawl | Location: ~27.3 km from Khawruhlian towards Sesawng on NH 150 | Latitude: 23.822054 | Longitude: 92.826453 | Material: Debris | Movement: Slide | History: 2016,564,landslide_report.pdf,Mizoram,GSI-REVIEW-001581,"{""geodesic"":false,""type"":""Point"",""coordinates"":[92.82653575132211,23.822137715340606]}"
000000000000000000d0_0,,,Aizawl,Aizawl,410.3019,GSI-2C122251451D,0.7,debris_slide,E of Sairang,missing_event_date,false,false,25.978582,Slide number: MIZ/AIZ/84A09/2016/124 | State: Mizoram | District: Aizawl | Location: E of Sairang | Latitude: 23.823222 | Longitude: 92.674861 | Material: Debris | Movement: Slide | History: 2015,564,landslide_report.pdf,Mizoram,GSI-REVIEW-001583,"{""geodesic"":false,""type"":""Point"",""coordinates"":[92.67481029983432,23.823215693681547]}"
000000000000000000d3_0,,,Aizawl,Aizawl,398.48578,GSI-9AA3FFC261F6,0.7,debris_slide,~25.8 km from Khawruhlian towards Sesawng on NH 150,missing_event_date,false,false,32.327404,Slide number: MIZ/AIZ/84A13/2016/34 | State: Mizoram | District: Aizawl | Location: ~25.8 km from Khawruhlian towards Sesawng on NH 150 | Latitude: 23.825205 | Longitude: 92.830469 | Material: Debris | Movement: Slide | History: 2016,564,landslide_report.pdf,Mizoram,GSI-REVIEW-001586,"{""geodesic"":false,""type"":""Point"",""coordinates"":[92.83057817010064,23.8251021557782]}"
000000000000000000d5_0,,,Aizawl,Aizawl,1126.9595,GSI-3E105C886D7E,0.7,debris_slide,~1km from Lailak village,missing_event_date,false,false,25.976599,Slide number: MIZ/AIZ/84A13/2016/130 | State: Mizoram | District: Aizawl | Location: ~1km from Lailak village | Latitude: 23.83675 | Longitude: 92.916556 | Material: Debris | Movement: Slide | History: 2016,564,landslide_report.pdf,Mizoram,GSI-REVIEW-001594,"{""geodesic"":false,""type"":""Point"",""coordinates"":[92.91654694279089,23.83669042294334]}"
000000000000000000d6_0,,,Aizawl,Aizawl,1142.0597,GSI-8A1BA3E51F8C,0.7,debris_slide,Lailak village,missing_event_date,false,false,19.93596,Slide number: MIZ/AIZ/84A13/2016/129 | State: Mizoram | District: Aizawl | Location: Lailak village | Latitude: 23.839417 | Longitude: 92.910972 | Material: Debris | Movement: Slide | History: 2016,564,landslide_report.pdf,Mizoram,GSI-REVIEW-001595,"{""geodesic"":false,""type"":""Point"",""coordinates"":[92.91088755650092,23.8393853687957]}"
000000000000000000d9_0,,,Aizawl,Aizawl,1817.757,GSI-9FBA7337C209,0.7,debris_slide,near Vanzao,missing_event_date,false,false,30.839874,Slide number: MIZ/AIZ/84A13/2016/4 | State: Mizoram | District: Aizawl | Location: near Vanzao | Latitude: 23.844109 | Longitude: 92.928779 | Material: Debris | Movement: Slide | History: 2016,565,landslide_report.pdf,Mizoram,GSI-REVIEW-001600,"{""geodesic"":false,""type"":""Point"",""coordinates"":[92.92867419912649,23.844236271329944]}"
000000000000000000dd_0,,,Aizawl,Aizawl,1796.6119,GSI-E420949E5F00,0.7,debris_slide,~2 km from Vanzao,missing_event_date,false,false,21.116688,Slide number: MIZ/AIZ/84A13/2016/2 | State: Mizoram | District: Aizawl | Location: ~2 km from Vanzao | Latitude: 23.847224 | Longitude: 92.927508 | Material: Debris | Movement: Slide | History: 2015,565,landslide_report.pdf,Mizoram,GSI-REVIEW-001607,"{""geodesic"":false,""type"":""Point"",""coordinates"":[92.92759622078555,23.847200711767538]}"
000000000000000000de_0,,,Aizawl,Aizawl,1786.1984,GSI-4CA49DB14A19,0.7,debris_slide,"~2 km from Vanzao, 2m from previous slide",missing_event_date,false,false,20.939163,"Slide number: MIZ/AIZ/84A13/2016/3 | State: Mizoram | District: Aizawl | Location: ~2 km from Vanzao, 2m from previous slide | Latitude: 23.847246 | Longitude: 92.927341 | Material: Debris | Movement: Slide | History: 2016",565,landslide_report.pdf,Mizoram,GSI-REVIEW-001608,"{""geodesic"":false,""type"":""Point"",""coordinates"":[92.92732672620032,23.847200711767538]}"
000000000000000000df_0,,,Aizawl,Aizawl,1011.39966,GSI-BC65564ED758,0.7,debris_slide,Phullen,missing_event_date,false,false,28.107792,Slide number: MZ/AIZ/84E01/2017/60 | State: Mizoram | District: Aizawl | Location: Phullen | Latitude: 23.848 | Longitude: 93.041885 | Material: Debris | Movement: Slide | History: NA,565,landslide_report.pdf,Mizoram,GSI-REVIEW-001609,"{""geodesic"":false,""type"":""Point"",""coordinates"":[93.04186192492556,23.848009195523247]}"
000000000000000000ea_0,,,Aizawl,Aizawl,937.7031,GSI-7EE70DBCE98C,0.7,debris_slide,Phullen,missing_event_date,false,false,35.658085,Slide number: MZ/AIZ/84E01/2017/99 | State: Mizoram | District: Aizawl | Location: Phullen | Latitude: 23.855028 | Longitude: 93.041695 | Material: Debris | Movement: Slide | History: NA,565,landslide_report.pdf,Mizoram,GSI-REVIEW-001622,"{""geodesic"":false,""type"":""Point"",""coordinates"":[93.04159243034032,23.85501605473938]}"
000000000000000000eb_0,,,Aizawl,Aizawl,387.38843,GSI-6B316EA75004,0.7,debris_slide,Towards Piggery Farm,missing_event_date,false,false,25.121061,Slide number: MIZ/AIZ/84A09/2016/125 | State: Mizoram | District: Aizawl | Location: Towards Piggery Farm | Latitude: 23.855092 | Longitude: 92.666553 | Material: Debris | Movement: Slide | History: 2015,565,landslide_report.pdf,Mizoram,GSI-REVIEW-001623,"{""geodesic"":false,""type"":""Point"",""coordinates"":[92.666455967692,23.85501605473938]}"
000000000000000000ed_0,,,Aizawl,Aizawl,1363.852,GSI-C355E53759DD,0.7,debris_slide,Siphir-Lungdai section,missing_event_date,false,false,36.768223,Slide number: MIZ/AIZ/84A09/2016/50 | State: Mizoram | District: Aizawl | Location: Siphir-Lungdai section | Latitude: 23.856861 | Longitude: 92.743028 | Material: Debris | Movement: Slide | History: 2016,565,landslide_report.pdf,Mizoram,GSI-REVIEW-001626,"{""geodesic"":false,""type"":""Point"",""coordinates"":[92.74299242989899,23.85690251683603]}"
000000000000000000ee_0,,,Aizawl,Aizawl,1262.6697,GSI-C5B24AA0159A,0.7,debris_slide,Khanpui-Khawkawi section,missing_event_date,false,false,29.352999,Slide number: MIZ/AIZ/84A13/2016/126 | State: Mizoram | District: Aizawl | Location: Khanpui-Khawkawi section | Latitude: 23.859417 | Longitude: 92.917333 | Material: Debris | Movement: Slide | History: NA,565,landslide_report.pdf,Mizoram,GSI-REVIEW-001628,"{""geodesic"":false,""type"":""Point"",""coordinates"":[92.91735542654659,23.859327968103152]}"
000000000000000000ef_0,,,Aizawl,Aizawl,197.4811,GSI-D8C7AA6693C0,0.7,debris_slide,~16 km from Khawruhlian towards Sesawng on NH 150,missing_event_date,false,false,35.806896,Slide number: MIZ/AIZ/84A13/2016/32 | State: Mizoram | District: Aizawl | Location: ~16 km from Khawruhlian towards Sesawng on NH 150 | Latitude: 23.860102 | Longitude: 92.834056 | Material: Debris | Movement: Slide | History: 2016,566,landslide_report.pdf,Mizoram,GSI-REVIEW-001631,"{""geodesic"":false,""type"":""Point"",""coordinates"":[92.83408159970871,23.86013645185886]}"
000000000000000000f2_0,,,Aizawl,Aizawl,970.87067,GSI-6EA9E90F91F3,0.7,debris_slide,Khawruhlian village on NH150,missing_event_date,false,false,19.61694,Slide number: MIZ/AIZ/84A13/2016/15 | State: Mizoram | District: Aizawl | Location: Khawruhlian village on NH150 | Latitude: 23.869861 | Longitude: 92.877444 | Material: Debris | Movement: Slide | History: 2016,566,landslide_report.pdf,Mizoram,GSI-REVIEW-001643,"{""geodesic"":false,""type"":""Point"",""coordinates"":[92.87747022793168,23.869838256927352]}"
000000000000000000f4_0,,,Aizawl,Aizawl,703.5027,GSI-4EF00396DF61,0.7,debris_slide,Ainawl village,missing_event_date,false,false,29.632122,Slide number: MZ/AIZ/84E01/2017/65 | State: Mizoram | District: Aizawl | Location: Ainawl village | Latitude: 23.87075 | Longitude: 93.078529 | Material: Debris | Movement: Slide | History: 2017,566,landslide_report.pdf,Mizoram,GSI-REVIEW-001649,"{""geodesic"":false,""type"":""Point"",""coordinates"":[93.07851318851763,23.870646740683057]}"
000000000000000000f5_0,,,Aizawl,Aizawl,1190.3191,GSI-A2B7EFF87C7B,0.7,debris_slide,near Pehlawn,missing_event_date,false,false,38.966732,Slide number: MIZ/AIZ/84A13/2016/7 | State: Mizoram | District: Aizawl | Location: near Pehlawn | Latitude: 23.871694 | Longitude: 92.919955 | Material: Debris | Movement: Slide | History: 2016,566,landslide_report.pdf,Mizoram,GSI-REVIEW-001650,"{""geodesic"":false,""type"":""Point"",""coordinates"":[92.92005037239895,23.871724719024]}"
000000000000000000f9_0,,,Aizawl,Aizawl,851.5255,GSI-162C8C75D423,0.7,debris_slide,ZawnginPhullen section,missing_event_date,false,false,35.14273,Slide number: MZ/AIZ/84E01/2017/57 | State: Mizoram | District: Aizawl | Location: ZawnginPhullen section | Latitude: 23.882055 | Longitude: 93.041222 | Material: Debris | Movement: Slide | History: NA,566,landslide_report.pdf,Mizoram,GSI-REVIEW-001665,"{""geodesic"":false,""type"":""Point"",""coordinates"":[93.04132293575508,23.881965513262966]}"
000000000000000000fa_0,,,Aizawl,Aizawl,877.1721,GSI-983832631E81,0.7,debris_slide,2.5 km S of Khawruhlian towards Sesawng on NH 150,missing_event_date,false,false,28.266659,Slide number: MIZ/AIZ/84A13/2016/22 | State: Mizoram | District: Aizawl | Location: 2.5 km S of Khawruhlian towards Sesawng on NH 150 | Latitude: 23.882583 | Longitude: 92.877639 | Material: Debris | Movement: Slide | History: 2016,566,landslide_report.pdf,Mizoram,GSI-REVIEW-001667,"{""geodesic"":false,""type"":""Point"",""coordinates"":[92.87773972251692,23.882504502433438]}"
000000000000000000fb_0,,,Aizawl,Aizawl,626.2329,GSI-DBC122CB420B,0.7,debris_slide,4.2 km S of Khawruhlian towards Sesawng on NH 150,missing_event_date,false,false,30.443333,Slide number: MIZ/AIZ/84A13/2016/23 | State: Mizoram | District: Aizawl | Location: 4.2 km S of Khawruhlian towards Sesawng on NH 150 | Latitude: 23.88319 | Longitude: 92.869 | Material: Debris | Movement: Slide | History: 2016,566,landslide_report.pdf,Mizoram,GSI-REVIEW-001668,"{""geodesic"":false,""type"":""Point"",""coordinates"":[92.86911589578938,23.883312986189143]}"
000000000000000000fd_0,,,Aizawl,Aizawl,703.4564,GSI-CBF8D7111BC6,0.7,debris_slide,~4.8 km S of Khawruhlian towards Sesawng on NH 150,missing_event_date,false,false,32.970345,Slide number: MIZ/AIZ/84A13/2016/24 | State: Mizoram | District: Aizawl | Location: ~4.8 km S of Khawruhlian towards Sesawng on NH 150 | Latitude: 23.88375 | Longitude: 92.866778 | Material: Debris | Movement: Slide | History: 2016,567,landslide_report.pdf,Mizoram,GSI-REVIEW-001670,"{""geodesic"":false,""type"":""Point"",""coordinates"":[92.86669044452225,23.883851975359615]}"
000000000000000000fe_0,,,Aizawl,Aizawl,884.1163,GSI-B7B5AE22D9B7,0.7,debris_slide,2km Khawruhlian milestone towards Sesawng on NH 150,missing_event_date,false,false,30.489038,Slide number: MIZ/AIZ/84A13/2016/21 | State: Mizoram | District: Aizawl | Location: 2km Khawruhlian milestone towards Sesawng on NH 150 | Latitude: 23.883944 | Longitude: 92.880528 | Material: Debris | Movement: Slide | History: 2016,567,landslide_report.pdf,Mizoram,GSI-REVIEW-001671,"{""geodesic"":false,""type"":""Point"",""coordinates"":[92.88043466836928,23.883851975359615]}"
000000000000000000ff_0,,,Aizawl,Aizawl,731.1224,GSI-188DD2259667,0.7,debris_slide,~7.3 km S of Khawruhlian towards Sesawng on NH 150,missing_event_date,false,false,38.916714,Slide number: MIZ/AIZ/84A13/2016/26 | State: Mizoram | District: Aizawl | Location: ~7.3 km S of Khawruhlian towards Sesawng on NH 150 | Latitude: 23.885639 | Longitude: 92.857861 | Material: Debris | Movement: Slide | History: NA,567,landslide_report.pdf,Mizoram,GSI-REVIEW-001676,"{""geodesic"":false,""type"":""Point"",""coordinates"":[92.85779712320947,23.885738437456265]}"
00000000000000000100_0,,,Aizawl,Aizawl,637.4036,GSI-8062C07B3A91,0.7,debris_slide,"Ainawl village, near Tuivai river",missing_event_date,false,false,26.7432,"Slide number: MZ/AIZ/84E01/2017/93 | State: Mizoram | District: Aizawl | Location: Ainawl village, near Tuivai river | Latitude: 23.887251 | Longitude: 93.095612 | Material: Debris | Movement: Slide | History: NA",567,landslide_report.pdf,Mizoram,GSI-REVIEW-001678,"{""geodesic"":false,""type"":""Point"",""coordinates"":[93.0954913473875,23.887355404967682]}"
00000000000000000102_0,,,Aizawl,Aizawl,954.1565,GSI-0C5E4DA3BBF0,0.7,debris_slide,ZawnginPhullen section,missing_event_date,false,false,32.56848,Slide number: MZ/AIZ/84E01/2017/66 | State: Mizoram | District: Aizawl | Location: ZawnginPhullen section | Latitude: 23.888081 | Longitude: 93.026642 | Material: Debris | Movement: Slide | History: NA,567,landslide_report.pdf,Mizoram,GSI-REVIEW-001680,"{""geodesic"":false,""type"":""Point"",""coordinates"":[93.02677022815234,23.88816388872339]}"
00000000000000000105_0,,,Aizawl,Aizawl,579.0737,GSI-7652DB41E467,0.7,debris_slide,10 km Khawruhlian milestone towards Sesawng on NH 150,missing_event_date,false,false,29.304522,Slide number: MIZ/AIZ/84A13/2016/28 | State: Mizoram | District: Aizawl | Location: 10 km Khawruhlian milestone towards Sesawng on NH 150 | Latitude: 23.891722 | Longitude: 92.84925 | Material: Debris | Movement: Slide | History: 2016,567,landslide_report.pdf,Mizoram,GSI-REVIEW-001684,"{""geodesic"":false,""type"":""Point"",""coordinates"":[92.84917329648192,23.891667318331454]}"
00000000000000000106_0,,,Aizawl,Aizawl,579.0737,GSI-19926DAEA3F6,0.7,debris_slide,~07 m from prev location,missing_event_date,false,false,29.304522,Slide number: MIZ/AIZ/84A13/2016/29 | State: Mizoram | District: Aizawl | Location: ~07 m from prev location | Latitude: 23.891722 | Longitude: 92.84925 | Material: Debris | Movement: Slide | History: 2016,567,landslide_report.pdf,Mizoram,GSI-REVIEW-001685,"{""geodesic"":false,""type"":""Point"",""coordinates"":[92.84917329648192,23.891667318331454]}"
00000000000000000107_0,,,Aizawl,Aizawl,1048.4382,GSI-56B580429309,0.7,debris_slide,ZawnginPhullen section,missing_event_date,false,false,37.64063,Slide number: MZ/AIZ/84E01/2017/69 | State: Mizoram | District: Aizawl | Location: ZawnginPhullen section | Latitude: 23.894444 | Longitude: 93.019279 | Material: Debris | Movement: Slide | History: NA,567,landslide_report.pdf,Mizoram,GSI-REVIEW-001686,"{""geodesic"":false,""type"":""Point"",""coordinates"":[93.01922437976575,23.894362264183815]}"
00000000000000000108_0,,,Aizawl,Aizawl,97.05406,GSI-228B207AAA22,0.7,debris_slide,NH 54,missing_event_date,false,false,29.564806,Slide number: MZ/AIZ/84A09/2014/06 | State: Mizoram | District: Aizawl | Location: NH 54 | Latitude: 23.8985 | Longitude: 92.64739 | Material: Rock cum Debris | Movement: Slide | History: NA,567,landslide_report.pdf,Mizoram,GSI-REVIEW-001687,"{""geodesic"":false,""type"":""Point"",""coordinates"":[92.64732185214027,23.89840468296235]}"
0000000000000000010a_0,,,Aizawl,Aizawl,1074.626,GSI-A1735B0033C3,0.7,debris_slide,Zawngin village,missing_event_date,false,false,31.394924,Slide number: MZ/AIZ/84E01/2017/62 | State: Mizoram | District: Aizawl | Location: Zawngin village | Latitude: 23.900694 | Longitude: 93.015587 | Material: Debris | Movement: Slide | History: NA,567,landslide_report.pdf,Mizoram,GSI-REVIEW-001690,"{""geodesic"":false,""type"":""Point"",""coordinates"":[93.01545145557245,23.90056063964424]}"
0000000000000000010b_0,,,Aizawl,Aizawl,1140.0782,GSI-9FE990E1ED8B,0.7,debris_slide,Pehlawn,missing_event_date,false,false,27.090265,Slide number: MIZ/AIZ/84A13/2016/8 | State: Mizoram | District: Aizawl | Location: Pehlawn | Latitude: 23.902111 | Longitude: 92.922556 | Material: Debris | Movement: Slide | History: 2016,567,landslide_report.pdf,Mizoram,GSI-REVIEW-001692,"{""geodesic"":false,""type"":""Point"",""coordinates"":[92.92247582366608,23.902177607155654]}"
0000000000000000010c_0,,,Aizawl,Aizawl,1117.5383,GSI-EB9016D869AB,0.7,debris_slide,"Zawngin village, northern outskirts",missing_event_date,false,false,28.022299,"Slide number: MZ/AIZ/84E01/2017/91 | State: Mizoram | District: Aizawl | Location: Zawngin village, northern outskirts | Latitude: 23.907555 | Longitude: 93.015114 | Material: Debris | Movement: Slide | History: 2017",567,landslide_report.pdf,Mizoram,GSI-REVIEW-001694,"{""geodesic"":false,""type"":""Point"",""coordinates"":[93.0151819609872,23.90756749886037]}"
0000000000000000010e_0,,,Aizawl,Aizawl,1061.7656,GSI-C9A063F318ED,0.7,debris_slide,SuangpuilawnZawngin section,missing_event_date,false,false,43.9857,Slide number: MZ/AIZ/84E01/2017/88 | State: Mizoram | District: Aizawl | Location: SuangpuilawnZawngin section | Latitude: 23.913445 | Longitude: 93.023941 | Material: Debris | Movement: Slide | History: NA,568,landslide_report.pdf,Mizoram,GSI-REVIEW-001700,"{""geodesic"":false,""type"":""Point"",""coordinates"":[93.02407528229999,23.91349637973556]}"
00000000000000000110_0,,,Aizawl,Aizawl,1112.9753,GSI-6A9D10066E23,0.7,debris_slide,E Phaileng on NH 150,missing_event_date,false,false,30.296812,Slide number: MIZ/AIZ/84A13/2016/14 | State: Mizoram | District: Aizawl | Location: E Phaileng on NH 150 | Latitude: 23.918389 | Longitude: 92.923472 | Material: Debris | Movement: Slide | History: 2016,568,landslide_report.pdf,Mizoram,GSI-REVIEW-001703,"{""geodesic"":false,""type"":""Point"",""coordinates"":[92.92355380200702,23.918347282269806]}"
00000000000000000112_0,,,Aizawl,Aizawl,1041.6586,GSI-CDE2AF0F291D,0.7,debris_slide,~2 km from Serkhan towards Khawnpui,missing_event_date,false,false,15.169892,Slide number: MIZ/AIZ/84A09/2016/54 | State: Mizoram | District: Aizawl | Location: ~2 km from Serkhan towards Khawnpui | Latitude: 23.918694 | Longitude: 92.740389 | Material: Debris | Movement: Slide | History: 2016,568,landslide_report.pdf,Mizoram,GSI-REVIEW-001705,"{""geodesic"":false,""type"":""Point"",""coordinates"":[92.74029748404664,23.918616776855043]}"
00000000000000000113_0,,,Aizawl,Aizawl,867.4702,GSI-995F653371AC,0.7,debris_slide,~3.5 km from Serkhan,missing_event_date,false,false,32.77744,Slide number: MIZ/AIZ/84A09/2016/56 | State: Mizoram | District: Aizawl | Location: ~3.5 km from Serkhan | Latitude: 23.922639 | Longitude: 92.736528 | Material: Debris | Movement: Slide | History: 2016,568,landslide_report.pdf,Mizoram,GSI-REVIEW-001707,"{""geodesic"":false,""type"":""Point"",""coordinates"":[92.73652455985334,23.922659195633578]}"
00000000000000000114_0,,,Aizawl,Aizawl,107.99958,GSI-D23F4AC83814,0.7,debris_slide,NH 54,missing_event_date,false,false,36.426373,Slide number: MZ/AIZ/84A09/2014/07 | State: Mizoram | District: Aizawl | Location: NH 54 | Latitude: 23.92294 | Longitude: 92.65703 | Material: Debris | Movement: Slide | History: 2013,568,landslide_report.pdf,Mizoram,GSI-REVIEW-001708,"{""geodesic"":false,""type"":""Point"",""coordinates"":[92.65702365720875,23.922928690218814]}"
00000000000000000115_0,,,Aizawl,Aizawl,99.99271,GSI-5E75AE237792,0.7,debris_slide,Silchar road,missing_event_date,false,false,32.195614,Slide number: MIZ/AIZ/84A09/2016/87 | State: Mizoram | District: Aizawl | Location: Silchar road | Latitude: 23.923047 | Longitude: 92.656696 | Material: Debris | Movement: Slide | History: 2014,568,landslide_report.pdf,Mizoram,GSI-REVIEW-001709,"{""geodesic"":false,""type"":""Point"",""coordinates"":[92.65675416262351,23.922928690218814]}"
00000000000000000116_0,,,Aizawl,Aizawl,1114.9641,GSI-2731767EEF5E,0.7,debris_slide,~1km N of Pehlawn at 4 km Kepran milestone,missing_event_date,false,false,30.43844,Slide number: MIZ/AIZ/84A13/2016/9 | State: Mizoram | District: Aizawl | Location: ~1km N of Pehlawn at 4 km Kepran milestone | Latitude: 23.92425 | Longitude: 92.925222 | Material: Debris | Movement: Slide | History: 2016,568,landslide_report.pdf,Mizoram,GSI-REVIEW-001710,"{""geodesic"":false,""type"":""Point"",""coordinates"":[92.92517076951843,23.924276163144995]}"
00000000000000000118_0,,,Aizawl,Aizawl,1057.1139,GSI-86D05E98D094,0.7,debris_slide,SuangpuilawnZawngin section,missing_event_date,false,false,29.299984,Slide number: MZ/AIZ/84E01/2017/77 | State: Mizoram | District: Aizawl | Location: SuangpuilawnZawngin section | Latitude: 23.927389 | Longitude: 93.02803 | Material: Debris | Movement: Slide | History: NA,568,landslide_report.pdf,Mizoram,GSI-REVIEW-001712,"{""geodesic"":false,""type"":""Point"",""coordinates"":[93.02811770107853,23.927510098167826]}"
0000000000000000011c_0,,,Aizawl,Aizawl,788.7169,GSI-461827E41394,0.7,debris_slide,"Serkhan-Khawnpui section, Silchar road",missing_event_date,false,false,26.51081,"Slide number: MIZ/AIZ/84A09/2016/57 | State: Mizoram | District: Aizawl | Location: Serkhan-Khawnpui section, Silchar road | Latitude: 23.934222 | Longitude: 92.730611 | Material: Debris | Movement: Slide | History: 2016",568,landslide_report.pdf,Mizoram,GSI-REVIEW-001717,"{""geodesic"":false,""type"":""Point"",""coordinates"":[92.73059567897815,23.93424746279872]}"
0000000000000000011e_0,,,Aizawl,Aizawl,1503.8221,GSI-E436EE55AB41,0.7,debris_slide,PhuaibuangKhawlian section,missing_event_date,false,false,34.49233,Slide number: MZ/AIZ/84E01/2017/72 | State: Mizoram | District: Aizawl | Location: PhuaibuangKhawlian section | Latitude: 23.936333 | Longitude: 93.118858 | Material: Debris | Movement: Slide | History: NA,568,landslide_report.pdf,Mizoram,GSI-REVIEW-001721,"{""geodesic"":false,""type"":""Point"",""coordinates"":[93.11893737630301,23.93640341948061]}"
00000000000000000120_0,,,Aizawl,Aizawl,1218.7157,GSI-595E12B72F62,0.7,debris_slide,1.5 km S of Kepran,missing_event_date,false,false,36.476494,Slide number: MIZ/AIZ/84A13/2016/11 | State: Mizoram | District: Aizawl | Location: 1.5 km S of Kepran | Latitude: 23.9395 | Longitude: 92.927889 | Material: Debris | Movement: Slide | History: 2016,568,landslide_report.pdf,Mizoram,GSI-REVIEW-001726,"{""geodesic"":false,""type"":""Point"",""coordinates"":[92.92786571537079,23.939367859918203]}"
00000000000000000121_0,,,Aizawl,Aizawl,257.59622,GSI-2139076454DF,0.7,debris_slide,Silchar road,missing_event_date,false,false,36.097733,Slide number: MIZ/AIZ/84A09/2016/89 | State: Mizoram | District: Aizawl | Location: Silchar road | Latitude: 23.940106 | Longitude: 92.680592 | Material: Debris | Movement: Slide | History: 2016,568,landslide_report.pdf,Mizoram,GSI-REVIEW-001728,"{""geodesic"":false,""type"":""Point"",""coordinates"":[92.68046968612427,23.940176343673908]}"
00000000000000000123_0,,,Aizawl,Aizawl,1259.9817,GSI-D7089EF654DF,0.7,debris_slide,Kepran on NH-150,missing_event_date,false,false,26.364033,Slide number: MIZ/AIZ/84A13/2016/12 | State: Mizoram | District: Aizawl | Slide name: Kepran slide | Location: Kepran on NH-150 | Latitude: 23.943241 | Longitude: 92.933604 | Material: Debris | Movement: Slide | History: 2016,568,landslide_report.pdf,Mizoram,GSI-REVIEW-001731,"{""geodesic"":false,""type"":""Point"",""coordinates"":[92.93352510166073,23.943140784111502]}"
00000000000000000124_0,,,Aizawl,Aizawl,1259.9817,GSI-3337955BBD69,0.7,debris_slide,Kepran village on NH 150,missing_event_date,false,false,26.364033,Slide number: MZ/AZL/84A13/2016/03 | State: Mizoram | District: Aizawl | Slide name: Kepran slide | Location: Kepran village on NH 150 | Latitude: 23.94325 | Longitude: 92.933611 | Material: Debris | Movement: Slide | History: 2016,568,landslide_report.pdf,Mizoram,GSI-REVIEW-001732,"{""geodesic"":false,""type"":""Point"",""coordinates"":[92.93352510166073,23.943140784111502]}"
00000000000000000127_0,,,Aizawl,Aizawl,1058.5464,GSI-ED7D3C458310,0.7,debris_slide,S of Suangpuilawn,missing_event_date,false,false,30.306946,Slide number: MZ/AIZ/84E01/2017/86 | State: Mizoram | District: Aizawl | Location: S of Suangpuilawn | Latitude: 23.950417 | Longitude: 93.037109 | Material: Debris | Movement: Slide | History: 2017,569,landslide_report.pdf,Mizoram,GSI-REVIEW-001738,"{""geodesic"":false,""type"":""Point"",""coordinates"":[93.03701102239131,23.950417137912872]}"
00000000000000000129_0,,,Aizawl,Aizawl,944.3267,GSI-8B227AE6F932,0.7,debris_slide,SuangpuilawnE. Phaileng section,missing_event_date,false,false,35.150177,Slide number: MZ/AIZ/84E01/2017/98 | State: Mizoram | District: Aizawl | Location: SuangpuilawnE. Phaileng section | Latitude: 23.957556 | Longitude: 93.026558 | Material: Debris | Movement: Slide | History: NA,569,landslide_report.pdf,Mizoram,GSI-REVIEW-001740,"{""geodesic"":false,""type"":""Point"",""coordinates"":[93.0265007335671,23.957423997129005]}"
0000000000000000012a_0,,,Aizawl,Aizawl,911.683,GSI-71FCE3A79319,0.7,debris_slide,SuangpuilawnE. Phaileng section,missing_event_date,false,false,35.840855,Slide number: MZ/AIZ/84E01/2017/87 | State: Mizoram | District: Aizawl | Location: SuangpuilawnE. Phaileng section | Latitude: 23.958944 | Longitude: 93.022781 | Material: Debris | Movement: Slide | History: NA,569,landslide_report.pdf,Mizoram,GSI-REVIEW-001741,"{""geodesic"":false,""type"":""Point"",""coordinates"":[93.0227278093738,23.95904096464042]}"
0000000000000000012b_0,,,Aizawl,Aizawl,911.683,GSI-E2D73A773952,0.7,debris_slide,SuangpuilawnE. Phaileng section,missing_event_date,false,false,35.840855,Slide number: MZ/AIZ/84E01/2017/102 | State: Mizoram | District: Aizawl | Location: SuangpuilawnE. Phaileng section | Latitude: 23.958944 | Longitude: 93.022781 | Material: Debris | Movement: Slide | History: NA,569,landslide_report.pdf,Mizoram,GSI-REVIEW-001742,"{""geodesic"":false,""type"":""Point"",""coordinates"":[93.0227278093738,23.95904096464042]}"
0000000000000000012c_0,,,Aizawl,Aizawl,877.5114,GSI-A86595612962,0.7,debris_slide,SuangpuilawnE. Phaileng section,missing_event_date,false,false,37.708336,Slide number: MZ/AIZ/84E01/2017/63 | State: Mizoram | District: Aizawl | Location: SuangpuilawnE. Phaileng section | Latitude: 23.959278 | Longitude: 93.020859 | Material: Debris | Movement: Slide | History: NA,569,landslide_report.pdf,Mizoram,GSI-REVIEW-001743,"{""geodesic"":false,""type"":""Point"",""coordinates"":[93.02084134727716,23.959310459225655]}"
0000000000000000012d_0,,,Aizawl,Aizawl,1380.0742,GSI-1DA025D3990D,0.7,debris_slide,,missing_event_date,false,false,38.367947,Slide number: MZ/AIZ/84E01/2017/109 | State: Mizoram | District: Aizawl | Latitude: 23.959278 | Longitude: 93.123558 | Material: Debris | Movement: Slide | History: NA,569,landslide_report.pdf,Mizoram,GSI-REVIEW-001744,"{""geodesic"":false,""type"":""Point"",""coordinates"":[93.12351878425201,23.959310459225655]}"
0000000000000000012e_0,,,Aizawl,Aizawl,991.19257,GSI-5C682AEA74A4,0.7,debris_slide,SE of Sawleng,missing_event_date,false,false,44.981518,Slide number: MIZ/AIZ/84A13/2016/132 | State: Mizoram | District: Aizawl | Location: SE of Sawleng | Latitude: 23.95942 | Longitude: 92.943345 | Material: Debris | Movement: Slide | History: 2016,569,landslide_report.pdf,Mizoram,GSI-REVIEW-001745,"{""geodesic"":false,""type"":""Point"",""coordinates"":[92.94322690672924,23.959310459225655]}"
0000000000000000012f_0,,,Aizawl,Aizawl,952.16455,GSI-21CCDDAA6E4B,0.7,debris_slide,SuangpuilawnE. Phaileng section,missing_event_date,false,false,30.0949,Slide number: MZ/AIZ/84E01/2017/103 | State: Mizoram | District: Aizawl | Location: SuangpuilawnE. Phaileng section | Latitude: 23.961 | Longitude: 93.028969 | Material: Debris | Movement: Slide | History: NA,569,landslide_report.pdf,Mizoram,GSI-REVIEW-001746,"{""geodesic"":false,""type"":""Point"",""coordinates"":[93.02892618483423,23.960927426737072]}"
00000000000000000130_0,,,Aizawl,Aizawl,1013.62213,GSI-2AD4B723A8A0,0.7,debris_slide,Suangpuilawn village,missing_event_date,false,false,39.063007,Slide number: MZ/AIZ/84E01/2017/110 | State: Mizoram | District: Aizawl | Location: Suangpuilawn village | Latitude: 23.962278 | Longitude: 93.035309 | Material: Debris | Movement: Slide | History: 2017,569,landslide_report.pdf,Mizoram,GSI-REVIEW-001747,"{""geodesic"":false,""type"":""Point"",""coordinates"":[93.03539405487989,23.96227489966325]}"
00000000000000000136_0,,,Aizawl,Aizawl,1226.4172,GSI-ACEA551E2C26,0.7,debris_slide,~2.5 km S of Sawleng at 5 km N of Kepran milestone,missing_event_date,false,false,18.424015,Slide number: MIZ/AIZ/84A13/2016/13 | State: Mizoram | District: Aizawl | Location: ~2.5 km S of Sawleng at 5 km N of Kepran milestone | Latitude: 23.970444 | Longitude: 92.927167 | Material: Debris | Movement: Slide | History: 2016,569,landslide_report.pdf,Mizoram,GSI-REVIEW-001753,"{""geodesic"":false,""type"":""Point"",""coordinates"":[92.92705723161508,23.970359737220324]}"
00000000000000000138_0,,,Aizawl,Aizawl,674.8415,GSI-7D4F3D3AD226,0.7,debris_slide,SuangpuilawnE. Phaileng section,missing_event_date,false,false,28.581753,Slide number: MZ/AIZ/84E01/2017/59 | State: Mizoram | District: Aizawl | Location: SuangpuilawnE. Phaileng section | Latitude: 23.982639 | Longitude: 93.011055 | Material: Debris | Movement: Slide | History: 2017,569,landslide_report.pdf,Mizoram,GSI-REVIEW-001764,"{""geodesic"":false,""type"":""Point"",""coordinates"":[93.01113954220867,23.982756488141174]}"
0000000000000000013a_0,,,Aizawl,Aizawl,615.0641,GSI-623FA760FE0D,0.7,debris_slide,Lungmuat-N Chaltlang section,missing_event_date,false,false,13.775385,Slide number: MIZ/AIZ/84A09/2016/123 | State: Mizoram | District: Aizawl | Location: Lungmuat-N Chaltlang section | Latitude: 23.984972 | Longitude: 92.772028 | Material: Debris | Movement: Slide | History: 2016,570,landslide_report.pdf,Mizoram,GSI-REVIEW-001767,"{""geodesic"":false,""type"":""Point"",""coordinates"":[92.77209784510447,23.984912444823063]}"
0000000000000000013b_0,,,Aizawl,Aizawl,597.3744,GSI-364C5577AA41,0.7,debris_slide,SuangpuilawnE. Phaileng section,missing_event_date,false,false,25.19901,Slide number: MZ/AIZ/84E01/2017/71 | State: Mizoram | District: Aizawl | Location: SuangpuilawnE. Phaileng section | Latitude: 23.990028 | Longitude: 93.010582 | Material: Debris | Movement: Slide | History: NA,570,landslide_report.pdf,Mizoram,GSI-REVIEW-001770,"{""geodesic"":false,""type"":""Point"",""coordinates"":[93.0106005530382,23.990032841942543]}"
0000000000000000013d_0,,,Aizawl,Aizawl,426.65173,GSI-8AF2DE1505F5,0.7,debris_slide,"SuangpuilawnE. Phaileng section, near Rungdil",missing_event_date,false,false,32.353664,"Slide number: MZ/AIZ/84E01/2017/56 | State: Mizoram | District: Aizawl | Location: SuangpuilawnE. Phaileng section, near Rungdil | Latitude: 23.993778 | Longitude: 93.004524 | Material: Debris | Movement: Slide | History: NA",570,landslide_report.pdf,Mizoram,GSI-REVIEW-001773,"{""geodesic"":false,""type"":""Point"",""coordinates"":[93.00440217757777,23.993805766135846]}"
0000000000000000013e_0,,,Aizawl,Aizawl,1183.2083,GSI-A431828184EE,0.7,debris_slide,SuangpuilawnLamherh section,missing_event_date,false,false,32.208473,Slide number: MZ/AIZ/83H04/2017/4 | State: Mizoram | District: Aizawl | Location: SuangpuilawnLamherh section | Latitude: 24.001167 | Longitude: 93.037613 | Material: Debris | Movement: Slide | History: NA,570,landslide_report.pdf,Mizoram,GSI-REVIEW-001777,"{""geodesic"":false,""type"":""Point"",""coordinates"":[93.03755001156178,24.001082119937212]}"
00000000000000000143_0,,,Aizawl,Aizawl,1236.7122,GSI-27AFBFB56FDF,0.7,debris_slide,3.5 km from Vanbawng,missing_event_date,false,false,36.29933,Slide number: MZ/AIZ/83H04/2017/15 | State: Mizoram | District: Aizawl | Location: 3.5 km from Vanbawng | Latitude: 24.012472 | Longitude: 93.047249 | Material: Debris | Movement: Slide | History: NA,570,landslide_report.pdf,Mizoram,GSI-REVIEW-001785,"{""geodesic"":false,""type"":""Point"",""coordinates"":[93.04725181663028,24.012400892517118]}"
00000000000000000144_0,,,Aizawl,Aizawl,1054.6456,GSI-8D2782A44E24,0.7,debris_slide,Darlawn (water harvesting structure),missing_event_date,false,false,30.049675,Slide number: MZ/AIZ/83D16/2016/100 | State: Mizoram | District: Aizawl | Location: Darlawn (water harvesting structure) | Latitude: 24.013044 | Longitude: 92.920237 | Material: Debris | Movement: Slide | History: NA,570,landslide_report.pdf,Mizoram,GSI-REVIEW-001786,"{""geodesic"":false,""type"":""Point"",""coordinates"":[92.92031986698419,24.01293988168759]}"
00000000000000000145_0,,,Aizawl,Aizawl,1113.2253,GSI-01119D97E1F6,0.7,debris_slide,NW of darlawn,missing_event_date,false,false,33.033546,Slide number: MZ/AIZ/83D16/2016/99 | State: Mizoram | District: Aizawl | Location: NW of darlawn | Latitude: 24.014332 | Longitude: 92.924018 | Material: Debris | Movement: Slide | History: NA,570,landslide_report.pdf,Mizoram,GSI-REVIEW-001787,"{""geodesic"":false,""type"":""Point"",""coordinates"":[92.92409279117749,24.01428735461377]}"
0000000000000000014c_0,,,Aizawl,Aizawl,855.6732,GSI-BF6BB9A9F959,0.7,debris_slide,North Chaltlang,missing_event_date,false,false,11.244879,Slide number: MZ/AIZ/83D16/2016/41 | State: Mizoram | District: Aizawl | Location: North Chaltlang | Latitude: 24.024289 | Longitude: 92.771361 | Material: Debris | Movement: Slide | History: 2016,570,landslide_report.pdf,Mizoram,GSI-REVIEW-001799,"{""geodesic"":false,""type"":""Point"",""coordinates"":[92.77128936134875,24.024258654267495]}"
00000000000000000159_0,,,Aizawl,Aizawl,907.10486,GSI-06368677F280,0.7,debris_slide,6km south of Sailutar,missing_event_date,false,false,26.040115,Slide number: MZ/AIZ/83D16/2016/77 | State: Mizoram | District: Aizawl | Location: 6km south of Sailutar | Latitude: 24.037336 | Longitude: 92.922455 | Material: Debris | Movement: Slide | History: 2016,571,landslide_report.pdf,Mizoram,GSI-REVIEW-001816,"{""geodesic"":false,""type"":""Point"",""coordinates"":[92.92247582366608,24.037463888944053]}"
0000000000000000015a_0,,,Aizawl,Aizawl,907.10486,GSI-E595D3180956,0.7,debris_slide,6km S of Sailut,missing_event_date,false,false,26.040115,Slide number: MZ/KOL/83D12/2016/14 | State: Mizoram | District: Aizawl | Location: 6km S of Sailut | Latitude: 24.037395 | Longitude: 92.922461 | Material: Debris | Movement: Slide | History: NA,571,landslide_report.pdf,Mizoram,GSI-REVIEW-001817,"{""geodesic"":false,""type"":""Point"",""coordinates"":[92.92247582366608,24.037463888944053]}"
00000000000000000160_0,,,Aizawl,Aizawl,641.3196,GSI-B64AD4D93608,0.7,debris_slide,"Near Tuivai R, east of Vanbawng",missing_event_date,false,false,39.50845,"Slide number: MZ/AIZ/83H04/2017/9 | State: Mizoram | District: Aizawl | Location: Near Tuivai R, east of Vanbawng | Latitude: 24.040972 | Longitude: 93.078697 | Material: Debris | Movement: Slide | History: NA",571,landslide_report.pdf,Mizoram,GSI-REVIEW-001824,"{""geodesic"":false,""type"":""Point"",""coordinates"":[93.07878268310287,24.04096731855212]}"
00000000000000000162_0,,,Aizawl,Aizawl,912.9722,GSI-CB7B7E32258E,0.7,debris_slide,"VanbawngTuivai R, east of Vanbawng",missing_event_date,false,false,37.236843,"Slide number: MZ/AIZ/83H04/2017/13 | State: Mizoram | District: Aizawl | Location: VanbawngTuivai R, east of Vanbawng | Latitude: 24.043417 | Longitude: 93.066307 | Material: Debris | Movement: Slide | History: NA",571,landslide_report.pdf,Mizoram,GSI-REVIEW-001826,"{""geodesic"":false,""type"":""Point"",""coordinates"":[93.06638593218202,24.043392769819242]}"
00000000000000000166_0,,,Aizawl,Aizawl,1212.4877,GSI-DE1E9032DA27,0.7,debris_slide,VanbawngTuivai R,missing_event_date,false,false,43.497887,Slide number: MZ/AIZ/83H04/2017/11 | State: Mizoram | District: Aizawl | Location: VanbawngTuivai R | Latitude: 24.047916 | Longitude: 93.056946 | Material: Debris | Movement: Slide | History: NA,571,landslide_report.pdf,Mizoram,GSI-REVIEW-001830,"{""geodesic"":false,""type"":""Point"",""coordinates"":[93.05695362169877,24.047974177768253]}"
00000000000000000167_0,,,Aizawl,Aizawl,1110.9238,GSI-EE46493E7924,0.7,debris_slide,"VanbawngTuivai R, east of Vanbawng",missing_event_date,false,false,44.70726,"Slide number: MZ/AIZ/83H04/2017/3 | State: Mizoram | District: Aizawl | Location: VanbawngTuivai R, east of Vanbawng | Latitude: 24.048695 | Longitude: 93.061638 | Material: Debris | Movement: Slide | History: NA",571,landslide_report.pdf,Mizoram,GSI-REVIEW-001831,"{""geodesic"":false,""type"":""Point"",""coordinates"":[93.06153502964777,24.04878266152396]}"
0000000000000000017d_0,,,Aizawl,Aizawl,916.11847,GSI-E5F034895D60,0.7,debris_slide,N of Bukpui,missing_event_date,false,false,29.736095,Slide number: MZ/AIZ/83D16/2016/47 | State: Mizoram | District: Aizawl | Location: N of Bukpui | Latitude: 24.09109 | Longitude: 92.795724 | Material: Debris | Movement: Slide | History: 2016,572,landslide_report.pdf,Mizoram,GSI-REVIEW-001862,"{""geodesic"":false,""type"":""Point"",""coordinates"":[92.79581336860522,24.091093311405988]}"
0000000000000000017f_0,,,Aizawl,Aizawl,918.5436,GSI-243C165E96D5,0.7,debris_slide,N of Bukpui,missing_event_date,false,false,30.640253,Slide number: MZ/AIZ/83D16/2016/49 | State: Mizoram | District: Aizawl | Location: N of Bukpui | Latitude: 24.091359 | Longitude: 92.796008 | Material: Debris | Movement: Slide | History: 2016,572,landslide_report.pdf,Mizoram,GSI-REVIEW-001864,"{""geodesic"":false,""type"":""Point"",""coordinates"":[92.79608286319045,24.091362805991224]}"
00000000000000000188_0,,,Aizawl,Aizawl,707.10455,GSI-F79340365F5B,0.7,debris_slide,N of Bukpui,missing_event_date,false,false,11.431355,Slide number: MZ/AIZ/83D16/2016/53 | State: Mizoram | District: Aizawl | Location: N of Bukpui | Latitude: 24.125294 | Longitude: 92.805847 | Material: Debris | Movement: Slide | History: 2016,572,landslide_report.pdf,Mizoram,GSI-REVIEW-001880,"{""geodesic"":false,""type"":""Point"",""coordinates"":[92.80578466825895,24.125319123730943]}"
00000000000000000189_0,,,Aizawl,Aizawl,688.16504,GSI-CA22533CD618,0.7,debris_slide,N of Bukpui,missing_event_date,false,false,35.040108,Slide number: MZ/AIZ/83D16/2016/54 | State: Mizoram | District: Aizawl | Location: N of Bukpui | Latitude: 24.125631 | Longitude: 92.805948 | Material: Debris | Movement: Slide | History: NA,572,landslide_report.pdf,Mizoram,GSI-REVIEW-001881,"{""geodesic"":false,""type"":""Point"",""coordinates"":[92.80605416284418,24.12558861831618]}"
0000000000000000018a_0,,,Aizawl,Aizawl,701.597,GSI-84EA830B565D,0.7,debris_slide,N of Bukpui,missing_event_date,false,false,24.119942,Slide number: MZ/AIZ/83D16/2016/55 | State: Mizoram | District: Aizawl | Location: N of Bukpui | Latitude: 24.125996 | Longitude: 92.805874 | Material: Debris | Movement: Slide | History: NA,572,landslide_report.pdf,Mizoram,GSI-REVIEW-001882,"{""geodesic"":false,""type"":""Point"",""coordinates"":[92.80578466825895,24.12612760748665]}"
00000000000000000190_0,,,Aizawl,Aizawl,450.48065,GSI-A11D860470AA,0.7,debris_slide,"New Vervek, 18km Tipaimukh, milestone NH 150",missing_event_date,false,false,31.824726,"Slide number: MZ/AIZ/83D16/2016/115 | State: Mizoram | District: Aizawl | Location: New Vervek, 18km Tipaimukh, milestone NH 150 | Latitude: 24.183115 | Longitude: 92.949989 | Material: Debris | Movement: Slide | History: NA",573,landslide_report.pdf,Mizoram,GSI-REVIEW-001898,"{""geodesic"":false,""type"":""Point"",""coordinates"":[92.94996427136013,24.182990964971417]}"
00000000000000000192_0,,,Aizawl,Aizawl,454.3351,GSI-A920655A297F,0.7,debris_slide,towards Tipaimukh,missing_event_date,false,false,32.534115,Slide number: MZ/AIZ/83D16/2016/118 | State: Mizoram | District: Aizawl | Location: towards Tipaimukh | Latitude: 24.184022 | Longitude: 92.951257 | Material: Debris | Movement: Slide | History: NA,573,landslide_report.pdf,Mizoram,GSI-REVIEW-001900,"{""geodesic"":false,""type"":""Point"",""coordinates"":[92.9513117442863,24.184068943312358]}"
00000000000000000193_0,,,Aizawl,Aizawl,480.78992,GSI-DD0F0BD18F46,0.7,debris_slide,N. Of New Vervek,missing_event_date,false,false,31.718433,Slide number: MZ/AIZ/83D16/2016/103 | State: Mizoram | District: Aizawl | Location: N. Of New Vervek | Latitude: 24.188702 | Longitude: 92.943036 | Material: Debris | Movement: Slide | History: NA,573,landslide_report.pdf,Mizoram,GSI-REVIEW-001903,"{""geodesic"":false,""type"":""Point"",""coordinates"":[92.942957412144,24.18865035126137]}"
00000000000000000194_0,,,Aizawl,Aizawl,519.5053,GSI-F69F569B9C2B,0.7,debris_slide,N. Of New Vervek,missing_event_date,false,false,36.68839,Slide number: MZ/AIZ/83D16/2016/104 | State: Mizoram | District: Aizawl | Location: N. Of New Vervek | Latitude: 24.190369 | Longitude: 92.94432 | Material: Debris | Movement: Slide | History: 2016,573,landslide_report.pdf,Mizoram,GSI-REVIEW-001905,"{""geodesic"":false,""type"":""Point"",""coordinates"":[92.94430488507018,24.190267318772783]}"
0000000000000000019a_0,,,Aizawl,Aizawl,564.76697,GSI-807829EA18A2,0.7,debris_slide,N. Of New Vervek,missing_event_date,false,false,30.822586,Slide number: MZ/AIZ/83D16/2016/110 | State: Mizoram | District: Aizawl | Location: N. Of New Vervek | Latitude: 24.193682 | Longitude: 92.946417 | Material: Debris | Movement: Slide | History: 2016,573,landslide_report.pdf,Mizoram,GSI-REVIEW-001911,"{""geodesic"":false,""type"":""Point"",""coordinates"":[92.94646084175206,24.19377074838085]}"
000000000000000001a4_0,,,Aizawl,Aizawl,267.373,GSI-D693E2EFC1BE,0.7,debris_slide,9 km wast of Tipaimukh,missing_event_date,false,false,24.6714,Slide number: MZ/AIZ/83D16/2016/121 | State: Mizoram | District: Aizawl | Location: 9 km wast of Tipaimukh | Latitude: 24.200746 | Longitude: 92.98517 | Material: Debris | Movement: Slide | History: NA,573,landslide_report.pdf,Mizoram,GSI-REVIEW-001922,"{""geodesic"":false,""type"":""Point"",""coordinates"":[92.98526806202602,24.200777607596983]}"
000000000000000001ab_0,,,Aizawl,Aizawl,584.83875,GSI-1FBBCDEBDE66,0.7,debris_slide,East of North Hlimen,missing_event_date,false,false,31.031837,Slide number: MZ/AIZ/83D16/2016/24 | State: Mizoram | District: Aizawl | Location: East of North Hlimen | Latitude: 24.225579 | Longitude: 92.805884 | Material: Debris | Movement: Slide | History: 2016,574,landslide_report.pdf,Mizoram,GSI-REVIEW-001932,"{""geodesic"":false,""type"":""Point"",""coordinates"":[92.80578466825895,24.225571109438683]}"
000000000000000001ac_0,,,Aizawl,Aizawl,582.1768,GSI-13BA4320CC52,0.7,debris_slide,E. Of N. Hlimen,missing_event_date,false,false,29.21244,Slide number: MZ/AIZ/83D16/2016/28 | State: Mizoram | District: Aizawl | Location: E. Of N. Hlimen | Latitude: 24.225691 | Longitude: 92.805445 | Material: Debris | Movement: Slide | History: 2016,574,landslide_report.pdf,Mizoram,GSI-REVIEW-001933,"{""geodesic"":false,""type"":""Point"",""coordinates"":[92.80551517367371,24.225571109438683]}"
000000000000000001ad_0,,,Aizawl,Aizawl,603.16406,GSI-863A5FB5A79A,0.7,debris_slide,East of North Hlimen,missing_event_date,false,false,31.938414,Slide number: MZ/AIZ/83D16/2016/23 | State: Mizoram | District: Aizawl | Location: East of North Hlimen | Latitude: 24.225969 | Longitude: 92.805611 | Material: Debris | Movement: Slide | History: 2016,574,landslide_report.pdf,Mizoram,GSI-REVIEW-001934,"{""geodesic"":false,""type"":""Point"",""coordinates"":[92.80551517367371,24.22584060402392]}"
000000000000000001b1_0,,,Aizawl,Aizawl,651.7988,GSI-0EB318CC98B8,0.7,debris_slide,N. Hlimen (on the way to pump house),missing_event_date,false,false,16.596294,Slide number: MZ/AIZ/83D16/2016/33 | State: Mizoram | District: Aizawl | Location: N. Hlimen (on the way to pump house) | Latitude: 24.237794 | Longitude: 92.805727 | Material: Debris | Movement: Slide | History: 2016,574,landslide_report.pdf,Mizoram,GSI-REVIEW-001938,"{""geodesic"":false,""type"":""Point"",""coordinates"":[92.80578466825895,24.237698365774296]}"
000000000000000001b2_0,,,Aizawl,Aizawl,483.41406,GSI-09C80CDA6932,0.7,debris_slide,West of N. Hlimen (near pump house),missing_event_date,false,false,18.492786,Slide number: MZ/AIZ/83D16/2016/32 | State: Mizoram | District: Aizawl | Location: West of N. Hlimen (near pump house) | Latitude: 24.237872 | Longitude: 92.798117 | Material: Debris | Movement: Slide | History: 2016,574,landslide_report.pdf,Mizoram,GSI-REVIEW-001940,"{""geodesic"":false,""type"":""Point"",""coordinates"":[92.79823881987234,24.237967860359532]}"
000000000000000001b4_0,,,Aizawl,Aizawl,672.93665,GSI-A7CF5F99ACB8,0.7,debris_slide,Near Sakawrdai,missing_event_date,false,false,14.26106,Slide number: MZ/AIZ/83D16/2016/130 | State: Mizoram | District: Aizawl | Location: Near Sakawrdai | Latitude: 24.242764 | Longitude: 92.955406 | Material: Debris | Movement: Slide | History: NA,574,landslide_report.pdf,Mizoram,GSI-REVIEW-001946,"{""geodesic"":false,""type"":""Point"",""coordinates"":[92.95535416306484,24.242818762893776]}"
000000000000000001b5_0,,,Aizawl,Aizawl,696.30945,GSI-34FDF7911329,0.7,debris_slide,west of Sakawrdai towards North Khawdungsei,missing_event_date,false,false,15.856244,Slide number: MZ/AIZ/83D16/2016/132 | State: Mizoram | District: Aizawl | Location: west of Sakawrdai towards North Khawdungsei | Latitude: 24.246076 | Longitude: 92.948994 | Material: Debris | Movement: Slide | History: NA,574,landslide_report.pdf,Mizoram,GSI-REVIEW-001950,"{""geodesic"":false,""type"":""Point"",""coordinates"":[92.94888629301919,24.246052697916607]}"
000000000000000001b6_0,,,Aizawl,Aizawl,718.37213,GSI-CE3E98AFC724,0.7,debris_slide,west of Sakawrdai towards North Khawdungsei,missing_event_date,false,false,23.892214,Slide number: MZ/AIZ/83D16/2016/131 | State: Mizoram | District: Aizawl | Location: west of Sakawrdai towards North Khawdungsei | Latitude: 24.248558 | Longitude: 92.954177 | Material: Debris | Movement: Slide | History: 2016,574,landslide_report.pdf,Mizoram,GSI-REVIEW-001951,"{""geodesic"":false,""type"":""Point"",""coordinates"":[92.9542761847239,24.24847814918373]}"
000000000000000001ba_0,,,Aizawl,Aizawl,132.68701,GSI-254C1F19FAF9,0.7,debris_slide,Saipum-Tuirial dam- Mauchhar road section,missing_event_date,false,false,27.234755,Slide number: MZ/AIZ/83D15/2020/1 | State: Mizoram | District: Aizawl | Slide name: Saipum-Tuirial dam slide 1 | Location: Saipum-Tuirial dam- Mauchhar road section | Latitude: 24.37 | Longitude: 92.9 | Material: Debris | Movement: Slide | History: 2019,576,landslide_report.pdf,Mizoram,GSI-REVIEW-002000,"{""geodesic"":false,""type"":""Point"",""coordinates"":[92.90010777309149,24.3700202071251]}"
000000000000000001bc_0,,,Aizawl,Aizawl,31.7547,GSI-BDA4A0E2860E,0.7,debris_slide,Saipum-Tuirial dam- Mauchhar road section,missing_event_date,false,false,14.93656,Slide number: MZ/AIZ/83D15/2020/3 | State: Mizoram | District: Aizawl | Slide name: Saipum-Tuirial dam slide 3 | Location: Saipum-Tuirial dam- Mauchhar road section | Latitude: 24.37 | Longitude: 92.89 | Material: Debris | Movement: Slide | History: 2019,576,landslide_report.pdf,Mizoram,GSI-REVIEW-002002,"{""geodesic"":false,""type"":""Point"",""coordinates"":[92.88986697885254,24.3700202071251]}"
000000000000000001be_0,,,Aizawl,Aizawl,31.7547,GSI-C06D0CE4F69C,0.7,debris_slide,Saipum-Tuirial dam- Mauchhar road section,missing_event_date,false,false,14.93656,Slide number: MZ/AIZ/83D15/2020/5 | State: Mizoram | District: Aizawl | Slide name: Saipum-Tuirial dam slide 5 | Location: Saipum-Tuirial dam- Mauchhar road section | Latitude: 24.37 | Longitude: 92.89 | Material: Debris | Movement: Slide | History: 2019,576,landslide_report.pdf,Mizoram,GSI-REVIEW-002004,"{""geodesic"":false,""type"":""Point"",""coordinates"":[92.88986697885254,24.3700202071251]}"
000000000000000001bf_0,,,Aizawl,Aizawl,31.7547,GSI-19A3A3B1CDF3,0.7,debris_slide,Saipum-Tuirial dam- Mauchhar road section,missing_event_date,false,false,14.93656,Slide number: MZ/AIZ/83D15/2020/6 | State: Mizoram | District: Aizawl | Slide name: Saipum-Tuirial dam slide 6 | Location: Saipum-Tuirial dam- Mauchhar road section | Latitude: 24.37 | Longitude: 92.89 | Material: Debris | Movement: Slide | History: 2019,576,landslide_report.pdf,Mizoram,GSI-REVIEW-002005,"{""geodesic"":false,""type"":""Point"",""coordinates"":[92.88986697885254,24.3700202071251]}"
000000000000000001c9_0,,,Aizawl,Aizawl,950.30304,GSI-7C9632AA21AB,0.7,debris_slide,"Zonuam, Aizawl",missing_event_date,false,false,20.747486,"Slide number: MZ/AZL/84A10/2024/013 | State: Mizoram | District: Aizawl | Location: Zonuam, Aizawl | Latitude: 23.73416667 | Longitude: 92.69805556 | Material: Debris | Movement: Slide | History: July 2023",577,landslide_report.pdf,Mizoram,GSI-REVIEW-002030,"{""geodesic"":false,""type"":""Point"",""coordinates"":[92.6979868341646,23.734282480553716]}"
000000000000000001cf_0,,,Aizawl,Aizawl,887.3987,GSI-D07F02E69C3C,0.7,debris_slide,"Chawnpui, Aizawl",missing_event_date,false,false,32.731236,"Slide number: MZ/AZL/84A10/2024/019 | State: Mizoram | District: Aizawl | Location: Chawnpui, Aizawl | Latitude: 23.731 | Longitude: 92.70644444 | Material: Debris | Movement: Slide | History: June 2023",577,landslide_report.pdf,Mizoram,GSI-REVIEW-002036,"{""geodesic"":false,""type"":""Point"",""coordinates"":[92.70634116630691,23.731048545530886]}"
000000000000000001df_0,,,Aizawl,Aizawl,805.9646,GSI-D301439DA24C,0.7,debris_slide,"ITI Cemetery, Aizawl",missing_event_date,false,false,27.705671,"Slide number: MZ/AZL/84A10/2024/039 | State: Mizoram | District: Aizawl | Location: ITI Cemetery, Aizawl | Latitude: 23.71996389 | Longitude: 92.73328889 | Material: Debris | Movement: Slide | History: 1998 & 2020",577,landslide_report.pdf,Mizoram,GSI-REVIEW-002052,"{""geodesic"":false,""type"":""Point"",""coordinates"":[92.7332906248305,23.719999267536213]}"
000000000000000001e3_0,,,Aizawl,Aizawl,1018.02594,GSI-E8340492F9D6,0.7,debris_slide,"Kulikawn, Aizawl",missing_event_date,false,false,30.494974,"Slide number: MZ/AZL/84A10/2024/046 | State: Mizoram | District: Aizawl | Location: Kulikawn, Aizawl | Latitude: 23.70777778 | Longitude: 92.71611111 | Material: Debris | Movement: Slide | History: January 2023",578,landslide_report.pdf,Mizoram,GSI-REVIEW-002056,"{""geodesic"":false,""type"":""Point"",""coordinates"":[92.7160429713754,23.7078720112006]}"
00000000000000000237_0,,,Aizawl,Aizawl,804.8781,GSI-C57D1D99A057,0.7,debris_slide,Tuirial to Seling town,missing_event_date,false,false,35.75236,Slide number: MZ/AZL/84A14/2024/148 | State: Mizoram | District: Aizawl | Location: Tuirial to Seling town | Latitude: 23.73111111 | Longitude: 92.84944444 | Material: Debris | Movement: Slide | History: July 2023,580,landslide_report.pdf,Mizoram,GSI-REVIEW-002140,"{""geodesic"":false,""type"":""Point"",""coordinates"":[92.84944279106715,23.731048545530886]}"
00000000000000000001_0,,,Aizawl,Aizawl,854.41736,GSI-1F4718011E48,0.7,landslide,"About 15.7km North of Thenzawl, SH-Aizawl-Thenzawl- Lunglei Road",missing_event_date,false,false,43.380566,"Slide number: MZ/SER/84A15/2016/123 | State: Mizoram | District: Aizawl | Location: About 15.7km North of Thenzawl, SH-Aizawl-Thenzawl- Lunglei Road | Latitude: 23.349857 | Longitude: 92.780208 | Material: Rock | Movement: Slide | History: 2015",540,landslide_report.pdf,Mizoram,GSI-REVIEW-000928,"{""geodesic"":false,""type"":""Point"",""coordinates"":[92.78018268266153,23.349983202007383]}"
00000000000000000002_0,,,Aizawl,Aizawl,906.5062,GSI-4C29247564BE,0.7,landslide,"16km Milestone, SH-Aizawl- Thenzawl-Lunglei Road",missing_event_date,false,false,38.161114,"Slide number: MZ/SER/84A15/2016/122 | State: Mizoram | District: Aizawl | Location: 16km Milestone, SH-Aizawl- Thenzawl-Lunglei Road | Latitude: 23.351772 | Longitude: 92.781701 | Material: Rock | Movement: Slide | History: 2015",540,landslide_report.pdf,Mizoram,GSI-REVIEW-000931,"{""geodesic"":false,""type"":""Point"",""coordinates"":[92.78179965017296,23.351869664104036]}"
00000000000000000004_0,,,Aizawl,Aizawl,1283.5112,GSI-DCB0465A9029,0.7,landslide,"About 500m of Sialsuk Junction towards Thenzawl, SH-Aizawl- Thenzawl-Lunglei Road",missing_event_date,false,false,38.218678,"Slide number: MZ/AIZ/84A11/2016/111 | State: Mizoram | District: Aizawl | Location: About 500m of Sialsuk Junction towards Thenzawl, SH-Aizawl- Thenzawl-Lunglei Road | Latitude: 23.393332 | Longitude: 92.758148 | Material: Rock | Movement: Slide | History: 2016",541,landslide_report.pdf,Mizoram,GSI-REVIEW-000978,"{""geodesic"":false,""type"":""Point"",""coordinates"":[92.7580841266722,23.393371830230357]}"
00000000000000000005_0,,,Aizawl,Aizawl,1262.8561,GSI-923B53752F0B,0.7,landslide,"About 800m of Sialsuk Junction towards Thenzawl, SH-Aizawl- Thenzawl-Lunglei Road",missing_event_date,false,false,36.51409,"Slide number: MZ/AIZ/84A11/2016/110 | State: Mizoram | District: Aizawl | Location: About 800m of Sialsuk Junction towards Thenzawl, SH-Aizawl- Thenzawl-Lunglei Road | Latitude: 23.397126 | Longitude: 92.757203 | Material: Rock | Movement: Slide | History: 2016",542,landslide_report.pdf,Mizoram,GSI-REVIEW-000986,"{""geodesic"":false,""type"":""Point"",""coordinates"":[92.7572756429165,23.39714475442366]}"
00000000000000000006_0,,,Aizawl,Aizawl,1214.866,GSI-81F0EC93716A,0.7,landslide,"At 2km Mile Stone, North of Sialsuk, SH-Aizawl-Thenzawl- Lunglei Road",missing_event_date,false,false,33.130447,"Slide number: MZ/AIZ/84A11/2016/109 | State: Mizoram | District: Aizawl | Location: At 2km Mile Stone, North of Sialsuk, SH-Aizawl-Thenzawl- Lunglei Road | Latitude: 23.40178 | Longitude: 92.750005 | Material: Rock | Movement: Slide | History: 2016",542,landslide_report.pdf,Mizoram,GSI-REVIEW-000992,"{""geodesic"":false,""type"":""Point"",""coordinates"":[92.74999928911512,23.40172616237267]}"
00000000000000000007_0,,,Aizawl,Aizawl,1186.837,GSI-8CF04A0C1473,0.7,landslide,"About 2km North of Sialsuk near Two Sister Highway Hotel, SH-Aizawl-Thenzawl-Lunglei Road",missing_event_date,false,false,26.42337,"Slide number: MZ/AIZ/84A11/2016/108 | State: Mizoram | District: Aizawl | Location: About 2km North of Sialsuk near Two Sister Highway Hotel, SH-Aizawl-Thenzawl-Lunglei Road | Latitude: 23.403402 | Longitude: 92.750288 | Material: Rock | Movement: Slide | History: 2016",542,landslide_report.pdf,Mizoram,GSI-REVIEW-000993,"{""geodesic"":false,""type"":""Point"",""coordinates"":[92.75026878370036,23.403343129884085]}"
00000000000000000009_0,,,Aizawl,Aizawl,1185.819,GSI-2127A7822D24,0.7,landslide,"North of Sialsuk, SH-Sialsuk- Samlukhai-Damdia Road",missing_event_date,false,false,29.61546,"Slide number: MZ/AIZ/84A11/2016/97 | State: Mizoram | District: Aizawl | Location: North of Sialsuk, SH-Sialsuk- Samlukhai-Damdia Road | Latitude: 23.409674 | Longitude: 92.750935 | Material: Rock | Movement: Slide | History: 2016",542,landslide_report.pdf,Mizoram,GSI-REVIEW-001001,"{""geodesic"":false,""type"":""Point"",""coordinates"":[92.75080777287083,23.409541505344507]}"
0000000000000000000b_0,,,Aizawl,Aizawl,1156.3008,GSI-5C9D58B5D63F,0.7,landslide,"west of Samlukhai, SH-Sialsuk- Samlukhai-Damdia Road",missing_event_date,false,false,42.756702,"Slide number: MZ/AIZ/84A11/2016/99 | State: Mizoram | District: Aizawl | Location: west of Samlukhai, SH-Sialsuk- Samlukhai-Damdia Road | Latitude: 23.412046 | Longitude: 92.750099 | Material: Rock | Movement: Slide | History: 2016",542,landslide_report.pdf,Mizoram,GSI-REVIEW-001006,"{""geodesic"":false,""type"":""Point"",""coordinates"":[92.74999928911512,23.411966956611632]}"
0000000000000000000c_0,,,Aizawl,Aizawl,1075.0615,GSI-AB5771C46CC9,0.7,landslide,"About 4.5Km North of Sialsuk,SH-Aizawl-Thenzawl- Lunglei Road",missing_event_date,false,false,35.283833,"Slide number: MZ/AIZ/84A11/2016/107 | State: Mizoram | District: Aizawl | Location: About 4.5Km North of Sialsuk,SH-Aizawl-Thenzawl- Lunglei Road | Latitude: 23.412879 | Longitude: 92.75401 | Material: Rock | Movement: Slide | History: 2016",543,landslide_report.pdf,Mizoram,GSI-REVIEW-001008,"{""geodesic"":false,""type"":""Point"",""coordinates"":[92.75404170789366,23.412775440367337]}"
0000000000000000000e_0,,,Aizawl,Aizawl,1080.0975,GSI-0D8069EB520C,0.7,landslide,"About 800m Northwest of Samlukhai, SH-Sialsuk- Samlukhai-Damdia Road",missing_event_date,false,false,26.873035,"Slide number: MZ/AIZ/84A11/2016/95 | State: Mizoram | District: Aizawl | Location: About 800m Northwest of Samlukhai, SH-Sialsuk- Samlukhai-Damdia Road | Latitude: 23.415165 | Longitude: 92.722199 | Material: Rock | Movement: Slide | History: 2016",543,landslide_report.pdf,Mizoram,GSI-REVIEW-001011,"{""geodesic"":false,""type"":""Point"",""coordinates"":[92.72224134683583,23.415200891634463]}"
0000000000000000000f_0,,,Aizawl,Aizawl,1212.5421,GSI-DD98032FC44A,0.7,landslide,"South of Chamring, about 7.5km North of Sialsuk, SH- Aizawl-Thenzawl-Lunglei Road",missing_event_date,false,false,34.39717,"Slide number: MZ/AIZ/84A11/2016/106 | State: Mizoram | District: Aizawl | Location: South of Chamring, about 7.5km North of Sialsuk, SH- Aizawl-Thenzawl-Lunglei Road | Latitude: 23.417482 | Longitude: 92.770557 | Material: Rock | Movement: Slide | History: 2016",543,landslide_report.pdf,Mizoram,GSI-REVIEW-001012,"{""geodesic"":false,""type"":""Point"",""coordinates"":[92.77048087759304,23.41735684831635]}"
00000000000000000010_0,,,Aizawl,Aizawl,1022.0422,GSI-6D5876D96C8F,0.7,landslide,"About 2.3 km Northwest of Samlukhai, SH-Sialsuk- Samlukhai-Damdia Road",missing_event_date,false,false,23.060703,"Slide number: MZ/AIZ/84A11/2016/94 | State: Mizoram | District: Aizawl | Location: About 2.3 km Northwest of Samlukhai, SH-Sialsuk- Samlukhai-Damdia Road | Latitude: 23.421903 | Longitude: 92.715601 | Material: Rock | Movement: Slide | History: 2016",543,landslide_report.pdf,Mizoram,GSI-REVIEW-001016,"{""geodesic"":false,""type"":""Point"",""coordinates"":[92.71550398220494,23.421938256265356]}"
00000000000000000015_0,,,Aizawl,Aizawl,611.57,GSI-908286E9B503,0.7,landslide,"About 3km Southeast of Lungsai village, SH-Sialsuk-Samlukhai- Damdia Road",missing_event_date,false,false,32.2134,"Slide number: MZ/AIZ/84A11/2016/100 | State: Mizoram | District: Aizawl | Location: About 3km Southeast of Lungsai village, SH-Sialsuk-Samlukhai- Damdia Road | Latitude: 23.440648 | Longitude: 92.703726 | Material: Rock | Movement: Slide | History: 2016",544,landslide_report.pdf,Mizoram,GSI-REVIEW-001040,"{""geodesic"":false,""type"":""Point"",""coordinates"":[92.70364622045456,23.44053338264663]}"
00000000000000000017_0,,,Aizawl,Aizawl,1455.4204,GSI-80B7699E3C55,0.7,landslide,"About 900m Northwest of Hmuifan, SH-Aizawl-Thenzawl- Lunglei Road",missing_event_date,false,false,8.48293,"Slide number: MZ/SER/84A11/2017/152 | State: Mizoram | District: Aizawl | Location: About 900m Northwest of Hmuifan, SH-Aizawl-Thenzawl- Lunglei Road | Latitude: 23.460697 | Longitude: 92.747293 | Material: Rock | Movement: Slide | History: 2016",546,landslide_report.pdf,Mizoram,GSI-REVIEW-001088,"{""geodesic"":false,""type"":""Point"",""coordinates"":[92.74730434326277,23.46074547653932]}"
00000000000000000018_0,,,Aizawl,Aizawl,1219.0814,GSI-2A5387673BBB,0.7,landslide,"2km Southwest of Samsuih, SH- Aizawl-Thenzawl-Lunglei Road",missing_event_date,false,false,51.59576,"Slide number: MZ/SER/84A11/2017/147 | State: Mizoram | District: Aizawl | Location: 2km Southwest of Samsuih, SH- Aizawl-Thenzawl-Lunglei Road | Latitude: 23.463981 | Longitude: 92.736875 | Material: Rock | Movement: Slide | History: 2016",547,landslide_report.pdf,Mizoram,GSI-REVIEW-001102,"{""geodesic"":false,""type"":""Point"",""coordinates"":[92.73679405443856,23.46397941156215]}"
00000000000000000019_0,,,Aizawl,Aizawl,1263.0518,GSI-095C77704642,0.7,landslide,"1.5km Southwest of Samsuih, SH-Aizawl-Thenzawl-Lunglei Road",missing_event_date,false,false,51.11114,"Slide number: MZ/SER/84A11/2017/148 | State: Mizoram | District: Aizawl | Location: 1.5km Southwest of Samsuih, SH-Aizawl-Thenzawl-Lunglei Road | Latitude: 23.464206 | Longitude: 92.737583 | Material: Rock | Movement: Slide | History: NA",547,landslide_report.pdf,Mizoram,GSI-REVIEW-001103,"{""geodesic"":false,""type"":""Point"",""coordinates"":[92.73760253819427,23.464248906147386]}"
0000000000000000001b_0,,,Aizawl,Aizawl,1284.638,GSI-D12229AE96B6,0.7,landslide,"Near the viewpoint, about 150m Southwest of Samsiuh village, SH-Aizawl-Thenzawl- Lunglei Road",missing_event_date,false,false,40.430996,"Slide number: MZ/SER/84A11/2017/150 | State: Mizoram | District: Aizawl | Location: Near the viewpoint, about 150m Southwest of Samsiuh village, SH-Aizawl-Thenzawl- Lunglei Road | Latitude: 23.470109 | Longitude: 92.740615 | Material: Rock | Movement: Slide | History: NA",547,landslide_report.pdf,Mizoram,GSI-REVIEW-001120,"{""geodesic"":false,""type"":""Point"",""coordinates"":[92.74056697863186,23.470177787022575]}"
0000000000000000001c_0,,,Aizawl,Aizawl,370.51437,GSI-83D3DF07FE02,0.7,landslide,"Near 11km Mile Stone, SH- Sialsuk-Samlukhai-Damdia Road",missing_event_date,false,false,21.78537,"Slide number: MZ/AIZ/84A11/2016/103 | State: Mizoram | District: Aizawl | Location: Near 11km Mile Stone, SH- Sialsuk-Samlukhai-Damdia Road | Latitude: 23.470198 | Longitude: 92.693264 | Material: Rock | Movement: Slide | History: 2016",547,landslide_report.pdf,Mizoram,GSI-REVIEW-001122,"{""geodesic"":false,""type"":""Point"",""coordinates"":[92.69313593163035,23.470177787022575]}"
0000000000000000001d_0,,,Aizawl,Aizawl,1335.4725,GSI-B14464538A1F,0.7,landslide,"About 100m west if Sumsuih, SH-Aizawl-Thenzawl-Lunglei Road",missing_event_date,false,false,34.974976,"Slide number: MZ/SER/84A11/2017/151 | State: Mizoram | District: Aizawl | Location: About 100m west if Sumsuih, SH-Aizawl-Thenzawl-Lunglei Road | Latitude: 23.470794 | Longitude: 92.741413 | Material: Rock | Movement: Slide | History: 2016",548,landslide_report.pdf,Mizoram,GSI-REVIEW-001126,"{""geodesic"":false,""type"":""Point"",""coordinates"":[92.74137546238758,23.470716776193047]}"
0000000000000000001e_0,,,Aizawl,Aizawl,389.0501,GSI-57ACB24F3EA6,0.7,landslide,"About 10.5km South of Damdia, SH-Sialsuk-Samlukhai-Damdia Road",missing_event_date,false,false,35.227962,"Slide number: MZ/AIZ/84A11/2016/104 | State: Mizoram | District: Aizawl | Location: About 10.5km South of Damdia, SH-Sialsuk-Samlukhai-Damdia Road | Latitude: 23.470964 | Longitude: 92.692902 | Material: Rock | Movement: Slide | History: 2016",548,landslide_report.pdf,Mizoram,GSI-REVIEW-001128,"{""geodesic"":false,""type"":""Point"",""coordinates"":[92.69286643704513,23.470986270778283]}"
0000000000000000001f_0,,,Aizawl,Aizawl,993.2725,GSI-880D1E87B2E1,0.7,landslide,"About 1.5km Northwest of Thiak, SH-Aizawl-Thenzawl- Lunglei Road",missing_event_date,false,false,16.218447,"Slide number: MZ/SER/84A11/2017/146 | State: Mizoram | District: Aizawl | Location: About 1.5km Northwest of Thiak, SH-Aizawl-Thenzawl- Lunglei Road | Latitude: 23.476702 | Longitude: 92.705854 | Material: Rock | Movement: Slide | History: NA",548,landslide_report.pdf,Mizoram,GSI-REVIEW-001147,"{""geodesic"":false,""type"":""Point"",""coordinates"":[92.70580217713645,23.476645657068236]}"
00000000000000000020_0,,,Aizawl,Aizawl,633.48413,GSI-C89A39CFEDF1,0.7,landslide,About 1km West of Maubuang along Samlukhai- Damdia road,missing_event_date,false,false,39.26445,Slide number: MZ/AIZ/84A11/2016/105 | State: Mizoram | District: Aizawl | Location: About 1km West of Maubuang along Samlukhai- Damdia road | Latitude: 23.491004 | Longitude: 92.696873 | Material: Rock | Movement: Slide | History: 2016,549,landslide_report.pdf,Mizoram,GSI-REVIEW-001171,"{""geodesic"":false,""type"":""Point"",""coordinates"":[92.69690885582366,23.490928870085735]}"
00000000000000000021_0,,,Aizawl,Aizawl,957.11316,GSI-EFEDF1D3C086,0.7,landslide,"About 900m South of Oil India Drilling site, North Lungsai, SH- Aizawl-Thenzawl-Lunglei Road",missing_event_date,false,false,52.909027,"Slide number: MZ/SER/84A11/2017/145 | State: Mizoram | District: Aizawl | Location: About 900m South of Oil India Drilling site, North Lungsai, SH- Aizawl-Thenzawl-Lunglei Road | Latitude: 23.491497 | Longitude: 92.705503 | Material: Rock | Movement: Slide | History: 2016",549,landslide_report.pdf,Mizoram,GSI-REVIEW-001172,"{""geodesic"":false,""type"":""Point"",""coordinates"":[92.70553268255121,23.491467859256208]}"
00000000000000000022_0,,,Aizawl,Aizawl,933.30615,GSI-118EE2005BF2,0.7,landslide,"About 200m South of Tropic of cancer, North Lungsai, SH- Aizawl-Thenzawl-Lunglei Road",missing_event_date,false,false,47.351093,"Slide number: MZ/SER/84A11/2017/143 | State: Mizoram | District: Aizawl | Location: About 200m South of Tropic of cancer, North Lungsai, SH- Aizawl-Thenzawl-Lunglei Road | Latitude: 23.498881 | Longitude: 92.703251 | Material: Rock | Movement: Slide | History: 2016",549,landslide_report.pdf,Mizoram,GSI-REVIEW-001178,"{""geodesic"":false,""type"":""Point"",""coordinates"":[92.70337672586932,23.499013707642813]}"
00000000000000000023_0,,,Aizawl,Aizawl,911.95715,GSI-F8680F90DD33,0.7,landslide,"About 200m South of Tropic of cancer, North Lungsai, SH- Aizawl-Thenzawl-Lunglei Road",missing_event_date,false,false,34.94443,"Slide number: MZ/SER/84A11/2017/144 | State: Mizoram | District: Aizawl | Location: About 200m South of Tropic of cancer, North Lungsai, SH- Aizawl-Thenzawl-Lunglei Road | Latitude: 23.49901 | Longitude: 92.702759 | Material: Rock | Movement: Slide | History: 2016",550,landslide_report.pdf,Mizoram,GSI-REVIEW-001180,"{""geodesic"":false,""type"":""Point"",""coordinates"":[92.70283773669885,23.499013707642813]}"
00000000000000000025_0,,,Aizawl,Aizawl,686.84576,GSI-72424542AB6E,0.7,landslide,"NH 54, Near check post of Assam - Mizoram border",missing_event_date,false,false,36.78973,"Slide number: MZ/AIZ/84A10/2014/08 | State: Mizoram | District: Aizawl | Slide name: Variengte | Location: NH 54, Near check post of Assam - Mizoram border | Latitude: 23.50994 | Longitude: 92.76861 | Material: Rock | Movement: Slide | History: NA",550,landslide_report.pdf,Mizoram,GSI-REVIEW-001187,"{""geodesic"":false,""type"":""Point"",""coordinates"":[92.7685944154964,23.510062985637482]}"
0000000000000000002a_0,,,Aizawl,Aizawl,1109.6658,GSI-9B21A8DE2BC1,0.7,landslide,Tlungvel-Seling main road,missing_event_date,false,false,38.60785,Slide number: MZ/AZL/84A10/2016/01 | State: Mizoram | District: Aizawl | Slide name: Tlungvel slide | Location: Tlungvel-Seling main road | Latitude: 23.608306 | Longitude: 92.850583 | Material: Earth | Movement: Slide | History: 2016,552,landslide_report.pdf,Mizoram,GSI-REVIEW-001260,"{""geodesic"":false,""type"":""Point"",""coordinates"":[92.85052076940809,23.60842850924857]}"
0000000000000000002b_0,,,Aizawl,Aizawl,1377.3363,GSI-730D0DE4D756,0.7,landslide,Mualpheng village area on Ruallung-Mualpheng road,missing_event_date,false,false,19.594027,Slide number: MZ/AIZ/84A14/2015/103 | State: Mizoram | District: Aizawl | Location: Mualpheng village area on Ruallung-Mualpheng road | Latitude: 23.610611 | Longitude: 92.977722 | Material: Rock | Movement: Slide | History: NA,552,landslide_report.pdf,Mizoram,GSI-REVIEW-001263,"{""geodesic"":false,""type"":""Point"",""coordinates"":[92.97772221363942,23.610584465930458]}"
0000000000000000002c_0,,,Aizawl,Aizawl,1248.931,GSI-367BA45C7053,0.7,landslide,Towards Lenchim from Mualpheng-Lenchim-Ruallung cross road,missing_event_date,false,false,18.05803,Slide number: MZ/AIZ/84A14/2015/100 | State: Mizoram | District: Aizawl | Location: Towards Lenchim from Mualpheng-Lenchim-Ruallung cross road | Latitude: 23.626194 | Longitude: 92.962111 | Material: Rock | Movement: Slide | History: NA,553,landslide_report.pdf,Mizoram,GSI-REVIEW-001275,"{""geodesic"":false,""type"":""Point"",""coordinates"":[92.96209152769575,23.62621515187414]}"
00000000000000000032_0,,,Aizawl,Aizawl,836.58154,GSI-6749E96D52DF,0.7,landslide,About 17 Km from Seling on SH Seling-Keifang.,missing_event_date,false,false,18.516,Slide number: MZ/AIZ/84A14/2015/113 | State: Mizoram | District: Aizawl | Location: About 17 Km from Seling on SH Seling-Keifang. | Latitude: 23.654361 | Longitude: 92.932389 | Material: Rock | Movement: Slide | History: NA,554,landslide_report.pdf,Mizoram,GSI-REVIEW-001308,"{""geodesic"":false,""type"":""Point"",""coordinates"":[92.9324471233198,23.654242588738665]}"
00000000000000000034_0,,,Aizawl,Aizawl,831.22015,GSI-DB062E1497B9,0.7,landslide,"west of Samtlang, N. Lungleng - Aizawl Rd",missing_event_date,false,false,36.66821,"Slide number: MZ/AIZ/84A10/2015/190 | State: Mizoram | District: Aizawl | Location: west of Samtlang, N. Lungleng - Aizawl Rd | Latitude: 23.65475 | Longitude: 92.690083 | Material: Rock | Movement: Slide | History: NA",554,landslide_report.pdf,Mizoram,GSI-REVIEW-001310,"{""geodesic"":false,""type"":""Point"",""coordinates"":[92.69017149119276,23.654781577909137]}"
00000000000000000036_0,,,Aizawl,Aizawl,1185.597,GSI-E01D3C3C6E35,0.7,landslide,About 3km South of Keifang village on SH Keifang-Seling road.,missing_event_date,false,false,32.114944,Slide number: MZ/AIZ/84A14/2015/104 | State: Mizoram | District: Aizawl | Location: About 3km South of Keifang village on SH Keifang-Seling road. | Latitude: 23.656556 | Longitude: 92.964611 | Material: Rock | Movement: Slide | History: NA,554,landslide_report.pdf,Mizoram,GSI-REVIEW-001312,"{""geodesic"":false,""type"":""Point"",""coordinates"":[92.96451697896286,23.656668040005787]}"
00000000000000000037_0,,,Aizawl,Aizawl,491.4247,GSI-001223EAD59F,0.7,landslide,8.6km E of Saitual,missing_event_date,false,false,42.727364,Slide number: MZ/AIZ/84E02/2017/29 | State: Mizoram | District: Aizawl | Location: 8.6km E of Saitual | Latitude: 23.657 | Longitude: 93.028012 | Material: Rock | Movement: Slide | History: NA,554,landslide_report.pdf,Mizoram,GSI-REVIEW-001313,"{""geodesic"":false,""type"":""Point"",""coordinates"":[93.02811770107853,23.656937534591023]}"
00000000000000000039_0,,,Aizawl,Aizawl,1166.9032,GSI-91619EEDAF15,0.7,landslide,2.9 km south of Keifang village on SH Keifang-Seling road,missing_event_date,false,false,39.431087,Slide number: MZ/AIZ/84A14/2015/105 | State: Mizoram | District: Aizawl | Location: 2.9 km south of Keifang village on SH Keifang-Seling road | Latitude: 23.657444 | Longitude: 92.963889 | Material: Rock | Movement: Slide | History: NA,554,landslide_report.pdf,Mizoram,GSI-REVIEW-001318,"{""geodesic"":false,""type"":""Point"",""coordinates"":[92.9639779897924,23.657476523761495]}"
0000000000000000003b_0,,,Aizawl,Aizawl,1154.7029,GSI-F043A1401760,0.7,landslide,2 km south of Keifang village on SH Keifang-Seling road near water reservoir,missing_event_date,false,false,42.0662,Slide number: MZ/AIZ/84A14/2015/106 | State: Mizoram | District: Aizawl | Location: 2 km south of Keifang village on SH Keifang-Seling road near water reservoir | Latitude: 23.658944 | Longitude: 92.964056 | Material: Rock | Movement: Slide | History: NA,555,landslide_report.pdf,Mizoram,GSI-REVIEW-001321,"{""geodesic"":false,""type"":""Point"",""coordinates"":[92.9639779897924,23.658823996687676]}"
0000000000000000003c_0,,,Aizawl,Aizawl,522.4126,GSI-973B21905451,0.7,landslide,20km E of Keifang,missing_event_date,false,false,34.529915,Slide number: MZ/AIZ/84E02/2017/31 | State: Mizoram | District: Aizawl | Slide name: Keifang Slide | Location: 20km E of Keifang | Latitude: 23.663354 | Longitude: 93.023297 | Material: Rock | Movement: Slide | History: 2017,555,landslide_report.pdf,Mizoram,GSI-REVIEW-001324,"{""geodesic"":false,""type"":""Point"",""coordinates"":[93.02326679854428,23.663405404636684]}"
0000000000000000003d_0,,,Aizawl,Aizawl,1089.6708,GSI-C271CB3A0501,0.7,landslide,"East of Keifang, SH- Keifang- Champhai road",missing_event_date,false,false,30.197594,"Slide number: MZ/AIZ/84A14/2015/96 | State: Mizoram | District: Aizawl | Location: East of Keifang, SH- Keifang- Champhai road | Latitude: 23.665806 | Longitude: 92.969556 | Material: Rock | Movement: Slide | History: NA",555,landslide_report.pdf,Mizoram,GSI-REVIEW-001326,"{""geodesic"":false,""type"":""Point"",""coordinates"":[92.96963737608235,23.665830855903806]}"
0000000000000000003e_0,,,Aizawl,Aizawl,395.3508,GSI-ED6684B1DE06,0.7,landslide,16.5 Km from Seling aon SH Seling-Champhai rd,missing_event_date,false,false,39.395893,Slide number: MZ/AIZ/84A14/2015/114 | State: Mizoram | District: Aizawl | Location: 16.5 Km from Seling aon SH Seling-Champhai rd | Latitude: 23.665806 | Longitude: 92.892639 | Material: Rock | Movement: Slide | History: NA,555,landslide_report.pdf,Mizoram,GSI-REVIEW-001327,"{""geodesic"":false,""type"":""Point"",""coordinates"":[92.89256192470489,23.665830855903806]}"
00000000000000000041_0,,,Aizawl,Aizawl,1098.1368,GSI-6C848540B4CC,0.7,landslide,"Keifang, BRTF Quarry, SH- Keifang- Champhai road",missing_event_date,false,false,32.017494,"Slide number: MZ/AIZ/84A14/2015/93 | State: Mizoram | District: Aizawl | Location: Keifang, BRTF Quarry, SH- Keifang- Champhai road | Latitude: 23.667306 | Longitude: 92.978028 | Material: Rock | Movement: Slide | History: NA",555,landslide_report.pdf,Mizoram,GSI-REVIEW-001331,"{""geodesic"":false,""type"":""Point"",""coordinates"":[92.97799170822465,23.667178328829987]}"
00000000000000000042_0,,,Aizawl,Aizawl,1076.4502,GSI-DA8F29D869CC,0.7,landslide,"Keifang, SH- Keifang- Champhai road",missing_event_date,false,false,39.52952,"Slide number: MZ/AIZ/84A14/2015/91 | State: Mizoram | District: Aizawl | Location: Keifang, SH- Keifang- Champhai road | Latitude: 23.667361 | Longitude: 92.978 | Material: Rock | Movement: Slide | History: NA",555,landslide_report.pdf,Mizoram,GSI-REVIEW-001332,"{""geodesic"":false,""type"":""Point"",""coordinates"":[92.97799170822465,23.667447823415223]}"
00000000000000000043_0,,,Aizawl,Aizawl,1076.4502,GSI-5BEB5770E717,0.7,landslide,"Keifang, quarry section on SH- Keifang- Champhai road",missing_event_date,false,false,39.52952,"Slide number: MZ/AIZ/84A14/2015/92 | State: Mizoram | District: Aizawl | Location: Keifang, quarry section on SH- Keifang- Champhai road | Latitude: 23.667361 | Longitude: 92.978 | Material: Rock | Movement: Slide | History: NA",555,landslide_report.pdf,Mizoram,GSI-REVIEW-001333,"{""geodesic"":false,""type"":""Point"",""coordinates"":[92.97799170822465,23.667447823415223]}"
00000000000000000044_0,,,Aizawl,Aizawl,500.92587,GSI-BD9A41ED0942,0.7,landslide,"About 1.500km South of Turini bridge, on SH Seling-Champhai rd",missing_event_date,false,false,34.59303,"Slide number: MZ/AIZ/84A14/2015/112 | State: Mizoram | District: Aizawl | Location: About 1.500km South of Turini bridge, on SH Seling-Champhai rd | Latitude: 23.669056 | Longitude: 92.888889 | Material: Rock | Movement: Slide | History: NA",555,landslide_report.pdf,Mizoram,GSI-REVIEW-001334,"{""geodesic"":false,""type"":""Point"",""coordinates"":[92.8887890005116,23.669064790926637]}"
00000000000000000045_0,,,Aizawl,Aizawl,530.79663,GSI-72A6713071FB,0.7,landslide,19.5 km E of keifang (kawlkulh road),missing_event_date,false,false,24.79686,Slide number: MZ/AIZ/84E02/2017/38 | State: Mizoram | District: Aizawl | Location: 19.5 km E of keifang (kawlkulh road) | Latitude: 23.66958 | Longitude: 93.02425 | Material: Rock | Movement: Slide | History: NA,555,landslide_report.pdf,Mizoram,GSI-REVIEW-001336,"{""geodesic"":false,""type"":""Point"",""coordinates"":[93.02434477688523,23.66960378009711]}"
00000000000000000046_0,,,Aizawl,Aizawl,1057.6829,GSI-38C5D9E6E913,0.7,landslide,"Keifang village, Play Ground, Saitual - Phullen Rd",missing_event_date,false,false,31.278873,"Slide number: MZ/AIZ/84A14/2015/94 | State: Mizoram | District: Aizawl | Location: Keifang village, Play Ground, Saitual - Phullen Rd | Latitude: 23.670389 | Longitude: 92.964417 | Material: Rock | Movement: Slide | History: NA",555,landslide_report.pdf,Mizoram,GSI-REVIEW-001338,"{""geodesic"":false,""type"":""Point"",""coordinates"":[92.96451697896286,23.670412263852818]}"
00000000000000000047_0,,,Aizawl,Aizawl,723.19403,GSI-402CD2474265,0.7,landslide,"About 3km North of Hungohmun, SH-Aizawl - Lunglei road",missing_event_date,false,false,27.636608,"Slide number: MZ/AIZ/84A10/2015/73 | State: Mizoram | District: Aizawl | Location: About 3km North of Hungohmun, SH-Aizawl - Lunglei road | Latitude: 23.670556 | Longitude: 92.728528 | Material: Rock | Movement: Slide | History: NA",555,landslide_report.pdf,Mizoram,GSI-REVIEW-001339,"{""geodesic"":false,""type"":""Point"",""coordinates"":[92.72843972229626,23.670681758438054]}"
0000000000000000004d_0,,,Aizawl,Aizawl,1160.7695,GSI-C1DBBBDCAD44,0.7,landslide,"Hlimen, Hlimen Landslide on SH- Aizawl-Hlimen-Lungleng Rd",missing_event_date,false,false,31.717014,"Slide number: MZ/AIZ/84A10/2015/191 | State: Mizoram | District: Aizawl | Location: Hlimen, Hlimen Landslide on SH- Aizawl-Hlimen-Lungleng Rd | Latitude: 23.681531 | Longitude: 92.718606 | Material: Rock | Movement: Slide | History: NA",556,landslide_report.pdf,Mizoram,GSI-REVIEW-001354,"{""geodesic"":false,""type"":""Point"",""coordinates"":[92.71873791722776,23.681461541847487]}"
0000000000000000004f_0,,,Aizawl,Aizawl,643.6366,GSI-A81A3D0849C4,0.7,landslide,14km SE of Keifang,missing_event_date,false,false,24.710814,Slide number: MZ/AIZ/84E02/2017/39 | State: Mizoram | District: Aizawl | Location: 14km SE of Keifang | Latitude: 23.685795 | Longitude: 93.019874 | Material: Rock | Movement: Slide | History: NA,556,landslide_report.pdf,Mizoram,GSI-REVIEW-001366,"{""geodesic"":false,""type"":""Point"",""coordinates"":[93.01976336893621,23.68577345521126]}"
00000000000000000050_0,,,Aizawl,Aizawl,1008.87646,GSI-A4F9F6BE6012,0.7,landslide,"Melthum, SH- Aizawl - Lunglei",missing_event_date,false,false,36.484177,"Slide number: MZ/AIZ/84A10/2015/232 | State: Mizoram | District: Aizawl | Location: Melthum, SH- Aizawl - Lunglei | Latitude: 23.687833 | Longitude: 92.722444 | Material: Rock | Movement: Slide | History: NA",556,landslide_report.pdf,Mizoram,GSI-REVIEW-001368,"{""geodesic"":false,""type"":""Point"",""coordinates"":[92.72251084142107,23.687929411893148]}"
00000000000000000051_0,,,Aizawl,Aizawl,983.0889,GSI-1494EDB8B8E9,0.7,landslide,"Melthum, SH- Aizawl - Lunglei",missing_event_date,false,false,27.525908,"Slide number: MZ/AIZ/84A10/2015/231 | State: Mizoram | District: Aizawl | Location: Melthum, SH- Aizawl - Lunglei | Latitude: 23.693667 | Longitude: 92.719056 | Material: Rock | Movement: Slide | History: NA",557,landslide_report.pdf,Mizoram,GSI-REVIEW-001379,"{""geodesic"":false,""type"":""Point"",""coordinates"":[92.719007411813,23.6935887981831]}"
00000000000000000053_0,,,Aizawl,Aizawl,358.68405,GSI-AE6C6BE67388,0.7,landslide,About 11 Km SE of Seling on SH Seling-Keifang road,missing_event_date,false,false,25.646893,Slide number: MZ/AIZ/84A14/2015/85 | State: Mizoram | District: Aizawl | Location: About 11 Km SE of Seling on SH Seling-Keifang road | Latitude: 23.695528 | Longitude: 92.884167 | Material: Rock | Movement: Slide | History: NA,557,landslide_report.pdf,Mizoram,GSI-REVIEW-001384,"{""geodesic"":false,""type"":""Point"",""coordinates"":[92.88420759256257,23.695475260279753]}"
00000000000000000055_0,,,Aizawl,Aizawl,993.8508,GSI-6C076489E0B0,0.7,landslide,"Tlangnuam Vengthar, Melthum - Tlangnuam - Kulikawn Rd",missing_event_date,false,false,35.097046,"Slide number: MZ/AIZ/84A10/2015/230 | State: Mizoram | District: Aizawl | Location: Tlangnuam Vengthar, Melthum - Tlangnuam - Kulikawn Rd | Latitude: 23.699472 | Longitude: 92.716167 | Material: Rock | Movement: Slide | History: NA",557,landslide_report.pdf,Mizoram,GSI-REVIEW-001388,"{""geodesic"":false,""type"":""Point"",""coordinates"":[92.7160429713754,23.69951767905829]}"
00000000000000000058_0,,,Aizawl,Aizawl,1016.25354,GSI-7E43346C7412,0.7,landslide,"Tlangnuam Vengthar, Melthum - Tlangnuam - Kulikawn Rd",missing_event_date,false,false,36.47231,"Slide number: MZ/AIZ/84A10/2015/229 | State: Mizoram | District: Aizawl | Location: Tlangnuam Vengthar, Melthum - Tlangnuam - Kulikawn Rd | Latitude: 23.700556 | Longitude: 92.715972 | Material: Rock | Movement: Slide | History: NA",557,landslide_report.pdf,Mizoram,GSI-REVIEW-001391,"{""geodesic"":false,""type"":""Point"",""coordinates"":[92.7160429713754,23.700595657399234]}"
0000000000000000005a_0,,,Aizawl,Aizawl,1037.4141,GSI-BBF2CF031D81,0.7,landslide,N/A,missing_event_date,false,false,30.304243,Slide number: MIZ/AZL/84A/10/2021/01 | State: Mizoram | District: Aizawl | Slide name: N/A | Location: N/A | Latitude: 23.70166667 | Longitude: 92.71944444 | Material: Rock | Movement: Slide | History: 13 June.2021 at 20:30 hrs,558,landslide_report.pdf,Mizoram,GSI-REVIEW-001395,"{""geodesic"":false,""type"":""Point"",""coordinates"":[92.71954640098348,23.70167363574018]}"
0000000000000000005b_0,,,Aizawl,Aizawl,882.40265,GSI-B5B2A06655B5,0.7,landslide,Veibai village along Keifang- Saichal road,missing_event_date,false,false,18.462553,Slide number: MZ/AIZ/84A14/2015/110 | State: Mizoram | District: Aizawl | Location: Veibai village along Keifang- Saichal road | Latitude: 23.702056 | Longitude: 92.993222 | Material: Rock | Movement: Slide | History: NA,558,landslide_report.pdf,Mizoram,GSI-REVIEW-001396,"{""geodesic"":false,""type"":""Point"",""coordinates"":[92.9933528995831,23.70194313032541]}"
0000000000000000005c_0,,,Aizawl,Aizawl,1093.8568,GSI-F751ABE658A3,0.7,landslide,"Tlangnuan, Vengthar",missing_event_date,false,false,37.45025,"Slide number: MZ/AIZ/84A10/2014/03 | State: Mizoram | District: Aizawl | Slide name: Vengthar | Location: Tlangnuan, Vengthar | Latitude: 23.70272 | Longitude: 92.71631 | Material: Rock | Movement: Slide | History: 2007",558,landslide_report.pdf,Mizoram,GSI-REVIEW-001397,"{""geodesic"":false,""type"":""Point"",""coordinates"":[92.71631246596064,23.70275161408112]}"
0000000000000000005d_0,,,Aizawl,Aizawl,1046.7006,GSI-3173770B2EA1,0.7,landslide,"Tlangnuam Vengthar, Melthum - Tlangnuam - Kulikawn Rd",missing_event_date,false,false,32.741642,"Slide number: MZ/AIZ/84A10/2015/228 | State: Mizoram | District: Aizawl | Location: Tlangnuam Vengthar, Melthum - Tlangnuam - Kulikawn Rd | Latitude: 23.704333 | Longitude: 92.7145 | Material: Rock | Movement: Slide | History: NA",558,landslide_report.pdf,Mizoram,GSI-REVIEW-001398,"{""geodesic"":false,""type"":""Point"",""coordinates"":[92.71442600386399,23.704368581592536]}"
0000000000000000005e_0,,,Aizawl,Aizawl,956.43835,GSI-6EFC87ACE922,0.7,landslide,NE of Keifang village on SH- Keifang-Saichal road.,missing_event_date,false,false,12.075896,Slide number: MZ/AIZ/84A14/2015/108 | State: Mizoram | District: Aizawl | Location: NE of Keifang village on SH- Keifang-Saichal road. | Latitude: 23.704861 | Longitude: 92.98575 | Material: Rock | Movement: Slide | History: NA,558,landslide_report.pdf,Mizoram,GSI-REVIEW-001399,"{""geodesic"":false,""type"":""Point"",""coordinates"":[92.9858070511965,23.704907570763005]}"
00000000000000000060_0,,,Aizawl,Aizawl,682.4509,GSI-CAAE93C9C457,0.7,landslide,15km E of Keifang,missing_event_date,false,false,32.495846,Slide number: MZ/AIZ/84E02/2017/35 | State: Mizoram | District: Aizawl | Location: 15km E of Keifang | Latitude: 23.705262 | Longitude: 93.008904 | Material: Rock | Movement: Slide | History: NA,558,landslide_report.pdf,Mizoram,GSI-REVIEW-001401,"{""geodesic"":false,""type"":""Point"",""coordinates"":[93.00898358552678,23.70517706534824]}"
00000000000000000061_0,,,Aizawl,Aizawl,1017.19824,GSI-C36F137B3A5A,0.7,landslide,"Kulukawn, Melthum - Tlangnuam - Kulikawn Rd",missing_event_date,false,false,41.784233,"Slide number: MZ/AIZ/84A10/2015/233 | State: Mizoram | District: Aizawl | Location: Kulukawn, Melthum - Tlangnuam - Kulikawn Rd | Latitude: 23.706667 | Longitude: 92.714694 | Material: Rock | Movement: Slide | History: NA",558,landslide_report.pdf,Mizoram,GSI-REVIEW-001403,"{""geodesic"":false,""type"":""Point"",""coordinates"":[92.71469549844923,23.70679403285966]}"
0000000000000000006a_0,,,Aizawl,Aizawl,530.62756,GSI-90E79A81FBCB,0.7,landslide,Tlangnuam village area on NH 54.,missing_event_date,false,false,32.14573,Slide number: MZ/AIZ/84A14/2015/79 | State: Mizoram | District: Aizawl | Location: Tlangnuam village area on NH 54. | Latitude: 23.714703 | Longitude: 92.873933 | Material: Rock | Movement: Slide | History: NA,558,landslide_report.pdf,Mizoram,GSI-REVIEW-001420,"{""geodesic"":false,""type"":""Point"",""coordinates"":[92.87396679832362,23.714609375831497]}"
0000000000000000006c_0,,,Aizawl,Aizawl,837.6545,GSI-E729836ABB71,0.7,landslide,Tlangnuam village area on NH- 54,missing_event_date,false,false,21.490402,Slide number: MZ/AIZ/84A14/2015/80 | State: Mizoram | District: Aizawl | Location: Tlangnuam village area on NH- 54 | Latitude: 23.716025 | Longitude: 92.854306 | Material: Rock | Movement: Slide | History: NA,559,landslide_report.pdf,Mizoram,GSI-REVIEW-001423,"{""geodesic"":false,""type"":""Point"",""coordinates"":[92.85429369360139,23.715956848757678]}"
0000000000000000006d_0,,,Aizawl,Aizawl,899.9108,GSI-3B9804593D40,0.7,landslide,"Mission Veng, Tlawng - Aizawl Rd",missing_event_date,false,false,21.654263,"Slide number: MZ/AIZ/84A10/2015/203 | State: Mizoram | District: Aizawl | Location: Mission Veng, Tlawng - Aizawl Rd | Latitude: 23.716111 | Longitude: 92.712611 | Material: Rock | Movement: Slide | History: NA",559,landslide_report.pdf,Mizoram,GSI-REVIEW-001424,"{""geodesic"":false,""type"":""Point"",""coordinates"":[92.71253954176734,23.716226343342914]}"
00000000000000000072_0,,,Aizawl,Aizawl,776.28424,GSI-8D28F69BB1CB,0.7,landslide,"South of Lawipu, Aizawl - Tlawng Rd",missing_event_date,false,false,37.11696,"Slide number: MZ/AIZ/84A10/2015/209 | State: Mizoram | District: Aizawl | Location: South of Lawipu, Aizawl - Tlawng Rd | Latitude: 23.717028 | Longitude: 92.692389 | Material: Rock | Movement: Slide | History: NA",559,landslide_report.pdf,Mizoram,GSI-REVIEW-001429,"{""geodesic"":false,""type"":""Point"",""coordinates"":[92.69232744787465,23.71703482709862]}"
00000000000000000073_0,,,Aizawl,Aizawl,939.70264,GSI-DE3D916863E7,0.7,landslide,"Mission Veng, Tlawng - Aizawl Rd",missing_event_date,false,false,40.656853,"Slide number: MZ/AIZ/84A10/2015/204 | State: Mizoram | District: Aizawl | Location: Mission Veng, Tlawng - Aizawl Rd | Latitude: 23.717111 | Longitude: 92.713972 | Material: Rock | Movement: Slide | History: NA",559,landslide_report.pdf,Mizoram,GSI-REVIEW-001430,"{""geodesic"":false,""type"":""Point"",""coordinates"":[92.71388701469351,23.71703482709862]}"
00000000000000000074_0,,,Aizawl,Aizawl,850.12134,GSI-B06B5156486E,0.7,landslide,"Govt Complex, Aizawl, Govt Complex - Mizoram university Rd via Zonuam",missing_event_date,false,false,32.218056,"Slide number: MZ/AIZ/84A10/2015/213 | State: Mizoram | District: Aizawl | Location: Govt Complex, Aizawl, Govt Complex - Mizoram university Rd via Zonuam | Latitude: 23.717222 | Longitude: 92.694833 | Material: Rock | Movement: Slide | History: NA",559,landslide_report.pdf,Mizoram,GSI-REVIEW-001431,"{""geodesic"":false,""type"":""Point"",""coordinates"":[92.69475289914178,23.717304321683855]}"
0000000000000000007b_0,,,Aizawl,Aizawl,966.4266,GSI-14A026DB202D,0.7,landslide,"Maubawk, Aizawl - Tlawng Rd",missing_event_date,false,false,35.713825,"Slide number: MZ/AIZ/84A10/2015/210 | State: Mizoram | District: Aizawl | Location: Maubawk, Aizawl - Tlawng Rd | Latitude: 23.719972 | Longitude: 92.697694 | Material: Rock | Movement: Slide | History: NA",559,landslide_report.pdf,Mizoram,GSI-REVIEW-001439,"{""geodesic"":false,""type"":""Point"",""coordinates"":[92.69771733957937,23.719999267536213]}"
0000000000000000007c_0,,,Aizawl,Aizawl,901.95953,GSI-A9188002E9A4,0.7,landslide,"Maubawk, Aizawl - Tlawng Rd",missing_event_date,false,false,34.397366,"Slide number: MZ/AIZ/84A10/2015/211 | State: Mizoram | District: Aizawl | Location: Maubawk, Aizawl - Tlawng Rd | Latitude: 23.720417 | Longitude: 92.695667 | Material: Rock | Movement: Slide | History: NA",559,landslide_report.pdf,Mizoram,GSI-REVIEW-001440,"{""geodesic"":false,""type"":""Point"",""coordinates"":[92.69556138289748,23.720538256706686]}"
0000000000000000007d_0,,,Aizawl,Aizawl,863.8546,GSI-9E2C29093AA9,0.7,landslide,"Maubawk, (abandoned water tank) Aizawl - Tlawng Rd",missing_event_date,false,false,34.17826,"Slide number: MZ/AIZ/84A10/2015/212 | State: Mizoram | District: Aizawl | Location: Maubawk, (abandoned water tank) Aizawl - Tlawng Rd | Latitude: 23.720611 | Longitude: 92.692722 | Material: Rock | Movement: Slide | History: NA",559,landslide_report.pdf,Mizoram,GSI-REVIEW-001441,"{""geodesic"":false,""type"":""Point"",""coordinates"":[92.69259694245989,23.720538256706686]}"
00000000000000000083_0,,,Aizawl,Aizawl,887.45306,GSI-89BB954B59F1,0.7,landslide,"500m SW of New Secreteriat, Aizawl (Near GSI Site)",missing_event_date,false,false,37.75936,"Slide number: MZ/AIZ/84A10/2015/215 | State: Mizoram | District: Aizawl | Location: 500m SW of New Secreteriat, Aizawl (Near GSI Site) | Latitude: 23.727639 | Longitude: 92.703083 | Material: Rock | Movement: Slide | History: NA",560,landslide_report.pdf,Mizoram,GSI-REVIEW-001448,"{""geodesic"":false,""type"":""Point"",""coordinates"":[92.70310723128408,23.72754511592282]}"
00000000000000000085_0,,,Aizawl,Aizawl,882.9435,GSI-7DFD57EA9882,0.7,landslide,"Zemabawk, near Ripans complex road on NH 54 Aizawl- Seling road",missing_event_date,false,false,33.304924,"Slide number: MZ/AIZ/84A14/2015/75 | State: Mizoram | District: Aizawl | Location: Zemabawk, near Ripans complex road on NH 54 Aizawl- Seling road | Latitude: 23.730867 | Longitude: 92.755639 | Material: Rock | Movement: Slide | History: NA",560,landslide_report.pdf,Mizoram,GSI-REVIEW-001451,"{""geodesic"":false,""type"":""Point"",""coordinates"":[92.75565867540507,23.73077905094565]}"
00000000000000000089_0,,,Aizawl,Aizawl,840.5452,GSI-C33E62E518A9,0.7,landslide,"East of Mizoram university, Mizoram Univ. - Aizawl",missing_event_date,false,false,35.1778,"Slide number: MZ/AIZ/84A10/2015/189 | State: Mizoram | District: Aizawl | Location: East of Mizoram university, Mizoram Univ. - Aizawl | Latitude: 23.7335 | Longitude: 92.674472 | Material: Rock | Movement: Slide | History: NA",560,landslide_report.pdf,Mizoram,GSI-REVIEW-001456,"{""geodesic"":false,""type"":""Point"",""coordinates"":[92.67454080524908,23.733473996798008]}"
0000000000000000008a_0,,,Aizawl,Aizawl,911.50476,GSI-525C5BEE99D1,0.7,landslide,Zemabawk,missing_event_date,false,false,42.74741,Slide number: MZ/AIZ/84A10/2014/05 | State: Mizoram | District: Aizawl | Slide name: Zemabawk | Location: Zemabawk | Latitude: 23.73436 | Longitude: 92.75194 | Material: Rock | Movement: Slide | History: 2012,560,landslide_report.pdf,Mizoram,GSI-REVIEW-001457,"{""geodesic"":false,""type"":""Point"",""coordinates"":[92.75188575121177,23.734282480553716]}"
0000000000000000008b_0,,,Aizawl,Aizawl,916.8244,GSI-50AEBBC80004,0.7,landslide,"Zonuam Veng, on Mizoram University - Aizawl Rd",missing_event_date,false,false,31.370625,"Slide number: MZ/AIZ/84A10/2015/208 | State: Mizoram | District: Aizawl | Location: Zonuam Veng, on Mizoram University - Aizawl Rd | Latitude: 23.735 | Longitude: 92.695111 | Material: Rock | Movement: Slide | History: NA",560,landslide_report.pdf,Mizoram,GSI-REVIEW-001459,"{""geodesic"":false,""type"":""Point"",""coordinates"":[92.695022393727,23.73509096430942]}"
0000000000000000008c_0,,,Aizawl,Aizawl,920.78436,GSI-065058A1B79D,0.7,landslide,"Zonuam Veng, on Mizoram University - Aizawl Rd",missing_event_date,false,false,33.9595,"Slide number: MZ/AIZ/84A10/2015/207 | State: Mizoram | District: Aizawl | Location: Zonuam Veng, on Mizoram University - Aizawl Rd | Latitude: 23.735028 | Longitude: 92.696028 | Material: Rock | Movement: Slide | History: NA",560,landslide_report.pdf,Mizoram,GSI-REVIEW-001460,"{""geodesic"":false,""type"":""Point"",""coordinates"":[92.69610037206795,23.73509096430942]}"
0000000000000000008d_0,,,Aizawl,Aizawl,616.6641,GSI-0DB565E5E38D,0.7,landslide,"About 1km along bamboo link road, on the foot slope of Sherbawk tlang",missing_event_date,false,false,26.465303,"Slide number: MZ/AIZ/84A14/2015/77 | State: Mizoram | District: Aizawl | Location: About 1km along bamboo link road, on the foot slope of Sherbawk tlang | Latitude: 23.735086 | Longitude: 92.829525 | Material: Rock | Movement: Slide | History: NA",560,landslide_report.pdf,Mizoram,GSI-REVIEW-001461,"{""geodesic"":false,""type"":""Point"",""coordinates"":[92.8295001917597,23.73509096430942]}"
0000000000000000008e_0,,,Aizawl,Aizawl,964.943,GSI-21FD113A467D,0.7,landslide,"Govt Complex, Aizawl, Govt Complex - Mizoram university Rd via Zonuam",missing_event_date,false,false,32.205692,"Slide number: MZ/AIZ/84A10/2015/214 | State: Mizoram | District: Aizawl | Location: Govt Complex, Aizawl, Govt Complex - Mizoram university Rd via Zonuam | Latitude: 23.736778 | Longitude: 92.694528 | Material: Rock | Movement: Slide | History: NA",560,landslide_report.pdf,Mizoram,GSI-REVIEW-001463,"{""geodesic"":false,""type"":""Point"",""coordinates"":[92.69448340455654,23.73670793182084]}"
0000000000000000008f_0,,,Aizawl,Aizawl,933.0647,GSI-B363FE6D7965,0.7,landslide,"Rangvamul, Near Mining Check Post, NH-54 Aizawl - Lengpui(Airport) - Silchar",missing_event_date,false,false,30.364414,"Slide number: MZ/AIZ/84A10/2015/224 | State: Mizoram | District: Aizawl | Location: Rangvamul, Near Mining Check Post, NH-54 Aizawl - Lengpui(Airport) - Silchar | Latitude: 23.737083 | Longitude: 92.703889 | Material: Rock | Movement: Slide | History: NA",560,landslide_report.pdf,Mizoram,GSI-REVIEW-001464,"{""geodesic"":false,""type"":""Point"",""coordinates"":[92.70391571503978,23.736977426406074]}"
00000000000000000091_0,,,Aizawl,Aizawl,993.6743,GSI-E3DDD1495B93,0.7,landslide,"Zonuam Veng, on Mizoram University - Aizawl Rd",missing_event_date,false,false,31.139864,"Slide number: MZ/AIZ/84A10/2015/206 | State: Mizoram | District: Aizawl | Location: Zonuam Veng, on Mizoram University - Aizawl Rd | Latitude: 23.739417 | Longitude: 92.699917 | Material: Rock | Movement: Slide | History: NA",561,landslide_report.pdf,Mizoram,GSI-REVIEW-001467,"{""geodesic"":false,""type"":""Point"",""coordinates"":[92.69987329626126,23.739402877673196]}"
00000000000000000092_0,,,Aizawl,Aizawl,886.75854,GSI-99A6A71455C9,0.7,landslide,"Hunthar, NH-54 Aizawl - Lengpui(Airport) - Silchar",missing_event_date,false,false,43.881218,"Slide number: MZ/AIZ/84A10/2015/220 | State: Mizoram | District: Aizawl | Location: Hunthar, NH-54 Aizawl - Lengpui(Airport) - Silchar | Latitude: 23.740028 | Longitude: 92.709861 | Material: Rock | Movement: Slide | History: NA",561,landslide_report.pdf,Mizoram,GSI-REVIEW-001468,"{""geodesic"":false,""type"":""Point"",""coordinates"":[92.70984459591497,23.73994186684367]}"
00000000000000000094_0,,,Aizawl,Aizawl,365.23938,GSI-C702A96977A8,0.7,landslide,"Airfield Veng, Near Bamboo link road, NH-54 Aizawl-Seling",missing_event_date,false,false,9.165563,"Slide number: MZ/AIZ/84A14/2015/90 | State: Mizoram | District: Aizawl | Location: Airfield Veng, Near Bamboo link road, NH-54 Aizawl-Seling | Latitude: 23.740417 | Longitude: 92.795083 | Material: Rock | Movement: Slide | History: NA",561,landslide_report.pdf,Mizoram,GSI-REVIEW-001470,"{""geodesic"":false,""type"":""Point"",""coordinates"":[92.7950048848495,23.74048085601414]}"
00000000000000000096_0,,,Aizawl,Aizawl,920.9761,GSI-F73FE667CB42,0.7,landslide,Ramhlun Vengthar,missing_event_date,false,false,21.698822,Slide number: MZ/AIZ/84A10/2015/226 | State: Mizoram | District: Aizawl | Location: Ramhlun Vengthar | Latitude: 23.742861 | Longitude: 92.725389 | Material: Rock | Movement: Slide | History: NA,561,landslide_report.pdf,Mizoram,GSI-REVIEW-001475,"{""geodesic"":false,""type"":""Point"",""coordinates"":[92.72547528185866,23.742906307281263]}"
00000000000000000097_0,,,Aizawl,Aizawl,912.0397,GSI-2B826A7089DF,0.7,landslide,"Tanhril near the Spring, Tanhril - Aizawl",missing_event_date,false,false,29.984037,"Slide number: MZ/AIZ/84A10/2015/184 | State: Mizoram | District: Aizawl | Location: Tanhril near the Spring, Tanhril - Aizawl | Latitude: 23.743694 | Longitude: 92.679028 | Material: Rock | Movement: Slide | History: NA",561,landslide_report.pdf,Mizoram,GSI-REVIEW-001476,"{""geodesic"":false,""type"":""Point"",""coordinates"":[92.6791222131981,23.74371479103697]}"
00000000000000000099_0,,,Aizawl,Aizawl,911.9092,GSI-9FBDEF1824DD,0.7,landslide,"Northeast of Luangmual, Mizoram Univ. - Aizawl via NH 44A",missing_event_date,false,false,33.511604,"Slide number: MZ/AIZ/84A10/2015/185 | State: Mizoram | District: Aizawl | Location: Northeast of Luangmual, Mizoram Univ. - Aizawl via NH 44A | Latitude: 23.744028 | Longitude: 92.698861 | Material: Rock | Movement: Slide | History: NA",561,landslide_report.pdf,Mizoram,GSI-REVIEW-001478,"{""geodesic"":false,""type"":""Point"",""coordinates"":[92.69879531792031,23.743984285622204]}"
0000000000000000009c_0,,,Aizawl,Aizawl,1153.6239,GSI-9FFAE48D8DB1,0.7,landslide,"Laiputlang Landslide, Laiputlang",missing_event_date,false,false,31.40276,"Slide number: MZ/AIZ/84A10/2015/227 | State: Mizoram | District: Aizawl | Location: Laiputlang Landslide, Laiputlang | Latitude: 23.744303 | Longitude: 92.720114 | Material: Rock | Movement: Slide | History: NA",561,landslide_report.pdf,Mizoram,GSI-REVIEW-001481,"{""geodesic"":false,""type"":""Point"",""coordinates"":[92.72008539015394,23.74425378020744]}"
0000000000000000009d_0,,,Aizawl,Aizawl,815.12134,GSI-E34201CFE242,0.7,landslide,"Rangvamul, NH-54 Aizawl - Lengpui(Airport) - Silchar",missing_event_date,false,false,37.323288,"Slide number: MZ/AIZ/84A10/2015/221 | State: Mizoram | District: Aizawl | Location: Rangvamul, NH-54 Aizawl - Lengpui(Airport) - Silchar | Latitude: 23.744972 | Longitude: 92.702889 | Material: Rock | Movement: Slide | History: NA",561,landslide_report.pdf,Mizoram,GSI-REVIEW-001482,"{""geodesic"":false,""type"":""Point"",""coordinates"":[92.70283773669885,23.74506226396315]}"
0000000000000000009f_0,,,Aizawl,Aizawl,817.56177,GSI-4A7E9FF25576,0.7,landslide,"Luangmual Near Power Station, Mizoram Univ. - Aizawl",missing_event_date,false,false,24.288568,"Slide number: MZ/AIZ/84A10/2015/188 | State: Mizoram | District: Aizawl | Location: Luangmual Near Power Station, Mizoram Univ. - Aizawl | Latitude: 23.745444 | Longitude: 92.749556 | Material: Rock | Movement: Slide | History: NA",561,landslide_report.pdf,Mizoram,GSI-REVIEW-001484,"{""geodesic"":false,""type"":""Point"",""coordinates"":[92.74946029994464,23.745331758548385]}"
000000000000000000a0_0,,,Aizawl,Aizawl,927.0621,GSI-BB9EAD9AAF7B,0.7,landslide,"Luangmual, Mizoram Univ. - Aizawl via NH 44A",missing_event_date,false,false,38.942905,"Slide number: MZ/AIZ/84A10/2015/186 | State: Mizoram | District: Aizawl | Location: Luangmual, Mizoram Univ. - Aizawl via NH 44A | Latitude: 23.745639 | Longitude: 92.694361 | Material: Rock | Movement: Slide | History: NA",561,landslide_report.pdf,Mizoram,GSI-REVIEW-001485,"{""geodesic"":false,""type"":""Point"",""coordinates"":[92.69448340455654,23.74560125313362]}"
000000000000000000a2_0,,,Aizawl,Aizawl,790.19635,GSI-B8BF25BD7281,0.7,landslide,"Rangvamul, NH-54 Aizawl - Lengpui(Airport) - Silchar",missing_event_date,false,false,35.086845,"Slide number: MZ/AIZ/84A10/2015/223 | State: Mizoram | District: Aizawl | Location: Rangvamul, NH-54 Aizawl - Lengpui(Airport) - Silchar | Latitude: 23.747444 | Longitude: 92.696194 | Material: Rock | Movement: Slide | History: NA",561,landslide_report.pdf,Mizoram,GSI-REVIEW-001489,"{""geodesic"":false,""type"":""Point"",""coordinates"":[92.69610037206795,23.74748771523027]}"
000000000000000000a3_0,,,Aizawl,Aizawl,867.9025,GSI-11682896CB93,0.7,landslide,"Rangvamul Landslide, Rangvamul, NH-54 Aizawl - Lengpui(Airport) - Silchar",missing_event_date,false,false,39.379463,"Slide number: MZ/AIZ/84A10/2015/116 | State: Mizoram | District: Aizawl | Location: Rangvamul Landslide, Rangvamul, NH-54 Aizawl - Lengpui(Airport) - Silchar | Latitude: 23.749722 | Longitude: 92.693781 | Material: Rock | Movement: Slide | History: NA",561,landslide_report.pdf,Mizoram,GSI-REVIEW-001491,"{""geodesic"":false,""type"":""Point"",""coordinates"":[92.69367492080083,23.74964367191216]}"
000000000000000000a4_0,,,Aizawl,Aizawl,757.61285,GSI-A668C81F6C01,0.7,landslide,Rangamval,missing_event_date,false,false,25.223423,Slide number: MIZ/AIZ/84A09/2016/76 | State: Mizoram | District: Aizawl | Slide name: Rangamval Landslide | Location: Rangamval | Latitude: 23.750454 | Longitude: 92.69524 | Material: Rock | Movement: Slide | History: 2014,562,landslide_report.pdf,Mizoram,GSI-REVIEW-001494,"{""geodesic"":false,""type"":""Point"",""coordinates"":[92.69529188831224,23.750452155667865]}"
000000000000000000a8_0,,,Aizawl,Aizawl,691.568,GSI-1CDAD619BF92,0.7,landslide,Rangamval section,missing_event_date,false,false,33.354374,Slide number: MIZ/AIZ/84A09/2016/79 | State: Mizoram | District: Aizawl | Location: Rangamval section | Latitude: 23.753417 | Longitude: 92.687556 | Material: Rock | Movement: Slide | History: 2016,562,landslide_report.pdf,Mizoram,GSI-REVIEW-001501,"{""geodesic"":false,""type"":""Point"",""coordinates"":[92.6874765453404,23.75341659610546]}"
000000000000000000ab_0,,,Aizawl,Aizawl,692.85266,GSI-3E85010BEE13,0.7,landslide,"Gate for Mizoram Truck Owners' Association, 57 km Khawnpui milestone",missing_event_date,false,false,24.88879,"Slide number: MIZ/AIZ/84A09/2016/77 | State: Mizoram | District: Aizawl | Location: Gate for Mizoram Truck Owners' Association, 57 km Khawnpui milestone | Latitude: 23.754493 | Longitude: 92.690145 | Material: Rock | Movement: Slide | History: 2016",562,landslide_report.pdf,Mizoram,GSI-REVIEW-001504,"{""geodesic"":false,""type"":""Point"",""coordinates"":[92.69017149119276,23.754494574446404]}"
000000000000000000ad_0,,,Aizawl,Aizawl,1063.0862,GSI-5CC6FA88A479,0.7,landslide,Muanna Veng/ Ramlun Thlangmual,missing_event_date,false,false,25.716597,Slide number: MIZ/AIZ/84A13/2016/48 | State: Mizoram | District: Aizawl | Location: Muanna Veng/ Ramlun Thlangmual | Latitude: 23.762482 | Longitude: 92.742799 | Material: Rock | Movement: Slide | History: NA,562,landslide_report.pdf,Mizoram,GSI-REVIEW-001508,"{""geodesic"":false,""type"":""Point"",""coordinates"":[92.74272293531375,23.76257941200348]}"
000000000000000000af_0,,,Aizawl,Aizawl,519.74536,GSI-C0C2C0B63A36,0.7,landslide,ThanglailungSaitual section,missing_event_date,false,false,28.927042,Slide number: MZ/AIZ/84E01/2017/75 | State: Mizoram | District: Aizawl | Location: ThanglailungSaitual section | Latitude: 23.777472 | Longitude: 93.009163 | Material: Rock | Movement: Slide | History: NA,562,landslide_report.pdf,Mizoram,GSI-REVIEW-001513,"{""geodesic"":false,""type"":""Point"",""coordinates"":[93.00925308011202,23.77740161419145]}"
000000000000000000b3_0,,,Aizawl,Aizawl,481.12906,GSI-FD2D48FDA2C6,0.7,landslide,ThanglailungSaitual section,missing_event_date,false,false,16.2722,Slide number: MZ/AIZ/84E01/2017/53 | State: Mizoram | District: Aizawl | Location: ThanglailungSaitual section | Latitude: 23.785444 | Longitude: 93.024612 | Material: Soil | Movement: Slide | History: NA,562,landslide_report.pdf,Mizoram,GSI-REVIEW-001526,"{""geodesic"":false,""type"":""Point"",""coordinates"":[93.02461427147045,23.78548645174853]}"
000000000000000000b6_0,,,Aizawl,Aizawl,506.76294,GSI-92B9D16A1A1C,0.7,landslide,~16 km from Thanglailung,missing_event_date,false,false,27.976303,Slide number: MZ/AIZ/84E01/2017/112 | State: Mizoram | District: Aizawl | Location: ~16 km from Thanglailung | Latitude: 23.7885 | Longitude: 93.024666 | Material: Rock | Movement: Slide | History: NA,563,landslide_report.pdf,Mizoram,GSI-REVIEW-001531,"{""geodesic"":false,""type"":""Point"",""coordinates"":[93.02461427147045,23.788450892186123]}"
000000000000000000b9_0,,,Aizawl,Aizawl,503.6163,GSI-E27AD6A5A166,0.7,landslide,13 km from Thanglailung along PhullenSaitual section,missing_event_date,false,false,29.345774,Slide number: MZ/AIZ/84E01/2017/104 | State: Mizoram | District: Aizawl | Location: 13 km from Thanglailung along PhullenSaitual section | Latitude: 23.789749 | Longitude: 93.035667 | Material: Rock | Movement: Slide | History: NA,563,landslide_report.pdf,Mizoram,GSI-REVIEW-001535,"{""geodesic"":false,""type"":""Point"",""coordinates"":[93.03566354946513,23.7897983651123]}"
000000000000000000ba_0,,,Aizawl,Aizawl,363.48615,GSI-B69E4C8152C8,0.7,landslide,Phungchawng section,missing_event_date,false,false,32.64171,Slide number: MIZ/AIZ/84A09/2016/81 | State: Mizoram | District: Aizawl | Location: Phungchawng section | Latitude: 23.790132 | Longitude: 92.672097 | Material: Rock | Movement: Slide | History: 2016,563,landslide_report.pdf,Mizoram,GSI-REVIEW-001537,"{""geodesic"":false,""type"":""Point"",""coordinates"":[92.67211535398197,23.790067859697537]}"
000000000000000000bc_0,,,Aizawl,Aizawl,543.244,GSI-93B90BCBE149,0.7,landslide,Near Thanglailung,missing_event_date,false,false,29.521921,Slide number: MZ/AIZ/84E01/2017/51 | State: Mizoram | District: Aizawl | Location: Near Thanglailung | Latitude: 23.792555 | Longitude: 93.029892 | Material: Rock | Movement: Slide | History: NA,563,landslide_report.pdf,Mizoram,GSI-REVIEW-001542,"{""geodesic"":false,""type"":""Point"",""coordinates"":[93.03000416317518,23.79249331096466]}"
000000000000000000be_0,,,Aizawl,Aizawl,527.7688,GSI-B552E552E6E1,0.7,landslide,PhullenSaitual section,missing_event_date,false,false,25.752762,Slide number: MZ/AIZ/84E01/2017/74 | State: Mizoram | District: Aizawl | Location: PhullenSaitual section | Latitude: 23.795444 | Longitude: 93.04039 | Material: Rock | Movement: Slide | History: NA,563,landslide_report.pdf,Mizoram,GSI-REVIEW-001546,"{""geodesic"":false,""type"":""Point"",""coordinates"":[93.04051445199937,23.795457751402253]}"
000000000000000000c0_0,,,Aizawl,Aizawl,135.28635,GSI-EF601AF4D3D8,0.7,landslide,"Simhui, Airport road",missing_event_date,false,false,14.636135,"Slide number: MIZ/AIZ/84A09/2016/90 | State: Mizoram | District: Aizawl | Location: Simhui, Airport road | Latitude: 23.798861 | Longitude: 92.642417 | Material: Earth | Movement: Slide | History: 2016",563,landslide_report.pdf,Mizoram,GSI-REVIEW-001551,"{""geodesic"":false,""type"":""Point"",""coordinates"":[92.64247094960602,23.79896118101032]}"
000000000000000000c1_0,,,Aizawl,Aizawl,1220.103,GSI-639F59E07453,0.7,landslide,N/A,missing_event_date,false,false,23.46664,Slide number: MIZ/AIZ/84A13/2016/135 | State: Mizoram | District: Aizawl | Slide name: N/A | Location: N/A | Latitude: 23.801624 | Longitude: 92.960437 | Material: Rock | Movement: Slide | History: 2016,563,landslide_report.pdf,Mizoram,GSI-REVIEW-001558,"{""geodesic"":false,""type"":""Point"",""coordinates"":[92.96047456018432,23.801656126862678]}"
000000000000000000c2_0,,,Aizawl,Aizawl,651.1614,GSI-0574D9F41C13,0.7,landslide,16 km from Phullen,missing_event_date,false,false,32.776093,Slide number: MZ/AIZ/84E01/2017/52 | State: Mizoram | District: Aizawl | Location: 16 km from Phullen | Latitude: 23.804193 | Longitude: 93.035248 | Material: Rock | Movement: Slide | History: NA,563,landslide_report.pdf,Mizoram,GSI-REVIEW-001563,"{""geodesic"":false,""type"":""Point"",""coordinates"":[93.03512456029466,23.804081578129804]}"
000000000000000000c3_0,,,Aizawl,Aizawl,725.6566,GSI-311D9B257B84,0.7,landslide,11.5 km from Phullen,missing_event_date,false,false,31.710775,Slide number: MZ/AIZ/84E01/2017/105 | State: Mizoram | District: Aizawl | Location: 11.5 km from Phullen | Latitude: 23.805779 | Longitude: 93.027115 | Material: Rock | Movement: Slide | History: NA,564,landslide_report.pdf,Mizoram,GSI-REVIEW-001565,"{""geodesic"":false,""type"":""Point"",""coordinates"":[93.02703972273758,23.805698545641217]}"
000000000000000000c4_0,,,Aizawl,Aizawl,837.21704,GSI-28D9D4A78917,0.7,landslide,Near Thanglailung,missing_event_date,false,false,5.8584585,Slide number: MZ/AIZ/84E01/2017/64 | State: Mizoram | District: Aizawl | Location: Near Thanglailung | Latitude: 23.808111 | Longitude: 93.041779 | Material: Rock | Movement: Slide | History: 2016,564,landslide_report.pdf,Mizoram,GSI-REVIEW-001566,"{""geodesic"":false,""type"":""Point"",""coordinates"":[93.04186192492556,23.80812399690834]}"
000000000000000000c7_0,,,Aizawl,Aizawl,1310.822,GSI-84A2C75AC356,0.7,landslide,NE periphery of Buhban village,missing_event_date,false,false,23.099874,Slide number: MIZ/AIZ/84A13/2016/133 | State: Mizoram | District: Aizawl | Location: NE periphery of Buhban village | Latitude: 23.812139 | Longitude: 92.954167 | Material: Rock | Movement: Slide | History: 2016,564,landslide_report.pdf,Mizoram,GSI-REVIEW-001573,"{""geodesic"":false,""type"":""Point"",""coordinates"":[92.9542761847239,23.812166415686878]}"
000000000000000000c8_0,,,Aizawl,Aizawl,502.02063,GSI-5DDF19DB1B96,0.7,landslide,~10 km N of Sesawng on NH 150,missing_event_date,false,false,39.33516,Slide number: MIZ/AIZ/84A13/2016/40 | State: Mizoram | District: Aizawl | Location: ~10 km N of Sesawng on NH 150 | Latitude: 23.812167 | Longitude: 92.835194 | Material: Earth | Movement: Slide | History: 2015,564,landslide_report.pdf,Mizoram,GSI-REVIEW-001574,"{""geodesic"":false,""type"":""Point"",""coordinates"":[92.83515957804966,23.812166415686878]}"
000000000000000000cb_0,,,Aizawl,Aizawl,118.60375,GSI-04A9B31000DD,0.7,landslide,Sairang (near quarry),missing_event_date,false,false,20.924614,Slide number: MIZ/AIZ/84A09/2016/83 | State: Mizoram | District: Aizawl | Location: Sairang (near quarry) | Latitude: 23.817333 | Longitude: 92.661222 | Material: Earth | Movement: Slide | History: 2016,564,landslide_report.pdf,Mizoram,GSI-REVIEW-001577,"{""geodesic"":false,""type"":""Point"",""coordinates"":[92.66133557057253,23.81728681280636]}"
000000000000000000d1_0,,,Aizawl,Aizawl,1124.6653,GSI-1F1A3D8B374E,0.7,landslide,SE of Lailak village,missing_event_date,false,false,38.057846,Slide number: MIZ/AIZ/84A13/2016/131 | State: Mizoram | District: Aizawl | Location: SE of Lailak village | Latitude: 23.82325 | Longitude: 92.925222 | Material: Rock | Movement: Slide | History: 2016,564,landslide_report.pdf,Mizoram,GSI-REVIEW-001584,"{""geodesic"":false,""type"":""Point"",""coordinates"":[92.92517076951843,23.823215693681547]}"
000000000000000000d4_0,,,Aizawl,Aizawl,1033.7987,GSI-21B7D0583F8F,0.7,landslide,4.5 km from Thanglailung along PhullenSaitual section,missing_event_date,false,false,26.448048,Slide number: MZ/AIZ/84E01/2017/89 | State: Mizoram | District: Aizawl | Location: 4.5 km from Thanglailung along PhullenSaitual section | Latitude: 23.835361 | Longitude: 93.052414 | Material: Rock | Movement: Slide | History: NA,564,landslide_report.pdf,Mizoram,GSI-REVIEW-001592,"{""geodesic"":false,""type"":""Point"",""coordinates"":[93.05237221374975,23.83534295001716]}"
000000000000000000d7_0,,,Aizawl,Aizawl,689.0553,GSI-D2C777B9A6A9,0.7,landslide,6 km from Phullen along PhullenPhuaibuang section,missing_event_date,false,false,28.383436,Slide number: MZ/AIZ/84E01/2017/54 | State: Mizoram | District: Aizawl | Location: 6 km from Phullen along PhullenPhuaibuang section | Latitude: 23.840334 | Longitude: 93.071945 | Material: Rock | Movement: Slide | History: NA,565,landslide_report.pdf,Mizoram,GSI-REVIEW-001597,"{""geodesic"":false,""type"":""Point"",""coordinates"":[93.07204531847196,23.84046334713664]}"
000000000000000000d8_0,,,Aizawl,Aizawl,1113.4387,GSI-F09D90950E24,0.7,landslide,Lailak village,missing_event_date,false,false,39.141415,Slide number: MIZ/AIZ/84A13/2016/128 | State: Mizoram | District: Aizawl | Location: Lailak village | Latitude: 23.841713 | Longitude: 92.911476 | Material: Rock | Movement: Slide | History: NA,565,landslide_report.pdf,Mizoram,GSI-REVIEW-001598,"{""geodesic"":false,""type"":""Point"",""coordinates"":[92.9114265456714,23.841810820062822]}"
000000000000000000da_0,,,Aizawl,Aizawl,1630.272,GSI-02702B68E892,0.7,landslide,near vanzao,missing_event_date,false,false,42.825367,Slide number: MIZ/AIZ/84A13/2016/6 | State: Mizoram | District: Aizawl | Location: near vanzao | Latitude: 23.844139 | Longitude: 92.933 | Material: Rock | Movement: Slide | History: NA,565,landslide_report.pdf,Mizoram,GSI-REVIEW-001601,"{""geodesic"":false,""type"":""Point"",""coordinates"":[92.93298611249027,23.844236271329944]}"
000000000000000000dc_0,,,Aizawl,Aizawl,1071.5958,GSI-31422985DA73,0.7,landslide,Near Phullen,missing_event_date,false,false,31.21094,Slide number: MZ/AIZ/84E01/2017/100 | State: Mizoram | District: Aizawl | Location: Near Phullen | Latitude: 23.844444 | Longitude: 93.051361 | Material: Rock | Movement: Slide | History: NA,565,landslide_report.pdf,Mizoram,GSI-REVIEW-001603,"{""geodesic"":false,""type"":""Point"",""coordinates"":[93.0512942354088,23.84450576591518]}"
000000000000000000e0_0,,,Aizawl,Aizawl,667.8744,GSI-901362260B21,0.7,landslide,8 km from Phullen along PhullenPhuaibuang section,missing_event_date,false,false,32.258904,Slide number: MZ/AIZ/84E01/2017/82 | State: Mizoram | District: Aizawl | Location: 8 km from Phullen along PhullenPhuaibuang section | Latitude: 23.848083 | Longitude: 93.076691 | Material: Soil | Movement: Slide | History: NA,565,landslide_report.pdf,Mizoram,GSI-REVIEW-001610,"{""geodesic"":false,""type"":""Point"",""coordinates"":[93.07662672642098,23.848009195523247]}"
000000000000000000e1_0,,,Aizawl,Aizawl,456.6283,GSI-B8E76E232C7E,0.7,landslide,~19 km from Phuaibuang,missing_event_date,false,false,33.396255,Slide number: MZ/AIZ/84E01/2017/79 | State: Mizoram | District: Aizawl | Location: ~19 km from Phuaibuang | Latitude: 23.848917 | Longitude: 93.135307 | Material: Rock | Movement: Slide | History: NA,565,landslide_report.pdf,Mizoram,GSI-REVIEW-001611,"{""geodesic"":false,""type"":""Point"",""coordinates"":[93.13537654600239,23.848817679278955]}"
000000000000000000e3_0,,,Aizawl,Aizawl,1030.9863,GSI-D487178A664F,0.7,landslide,Phullen village along PhullenSaitual section,missing_event_date,false,false,20.567064,Slide number: MZ/AIZ/84E01/2017/81 | State: Mizoram | District: Aizawl | Location: Phullen village along PhullenSaitual section | Latitude: 23.85 | Longitude: 93.048164 | Material: Rock | Movement: Slide | History: NA,565,landslide_report.pdf,Mizoram,GSI-REVIEW-001613,"{""geodesic"":false,""type"":""Point"",""coordinates"":[93.04806030038598,23.849895657619896]}"
000000000000000000e4_0,,,Aizawl,Aizawl,386.63773,GSI-D9AD15DF63A8,0.7,landslide,"3 km from Tuivai river, near Ainawl",missing_event_date,false,false,39.979744,"Slide number: MZ/AIZ/84E01/2017/85 | State: Mizoram | District: Aizawl | Location: 3 km from Tuivai river, near Ainawl | Latitude: 23.85075 | Longitude: 93.115608 | Material: Rock | Movement: Slide | History: NA",565,landslide_report.pdf,Mizoram,GSI-REVIEW-001615,"{""geodesic"":false,""type"":""Point"",""coordinates"":[93.11570344128017,23.850704141375605]}"
000000000000000000e5_0,,,Aizawl,Aizawl,1265.4648,GSI-1BDDDC41C210,0.7,landslide,Siphir-Lungdai section,missing_event_date,false,false,35.72531,Slide number: MIZ/AIZ/84A09/2016/51 | State: Mizoram | District: Aizawl | Location: Siphir-Lungdai section | Latitude: 23.850861 | Longitude: 92.743083 | Material: Rock | Movement: Slide | History: 2016,565,landslide_report.pdf,Mizoram,GSI-REVIEW-001616,"{""geodesic"":false,""type"":""Point"",""coordinates"":[92.74299242989899,23.85097363596084]}"
000000000000000000e6_0,,,Aizawl,Aizawl,1306.53,GSI-B6DF39253593,0.7,landslide,Siphir-Lungdai section,missing_event_date,false,false,23.904594,Slide number: MIZ/AIZ/84A09/2016/49 | State: Mizoram | District: Aizawl | Location: Siphir-Lungdai section | Latitude: 23.851361 | Longitude: 92.742222 | Material: Earth | Movement: Slide | History: 2016,565,landslide_report.pdf,Mizoram,GSI-REVIEW-001617,"{""geodesic"":false,""type"":""Point"",""coordinates"":[92.74218394614329,23.851243130546077]}"
000000000000000000e8_0,,,Aizawl,Aizawl,827.32434,GSI-6B99BFA117B5,0.7,landslide,2 km from Phullen along PhullenPhuaibuang section,missing_event_date,false,false,38.084152,Slide number: MZ/AIZ/84E01/2017/61 | State: Mizoram | District: Aizawl | Location: 2 km from Phullen along PhullenPhuaibuang section | Latitude: 23.852861 | Longitude: 93.059998 | Material: Rock | Movement: Slide | History: NA,565,landslide_report.pdf,Mizoram,GSI-REVIEW-001620,"{""geodesic"":false,""type"":""Point"",""coordinates"":[93.05991806213636,23.85286009805749]}"
000000000000000000e9_0,,,Aizawl,Aizawl,300.12592,GSI-CF1B70FED356,0.7,landslide,23 km from Phuaibuang towards Tuivai river,missing_event_date,false,false,37.948948,Slide number: MZ/AIZ/84E01/2017/67 | State: Mizoram | District: Aizawl | Location: 23 km from Phuaibuang towards Tuivai river | Latitude: 23.853333 | Longitude: 93.12458 | Material: Soil | Movement: Slide | History: NA,565,landslide_report.pdf,Mizoram,GSI-REVIEW-001621,"{""geodesic"":false,""type"":""Point"",""coordinates"":[93.12459676259296,23.853399087227963]}"
000000000000000000f0_0,,,Aizawl,Aizawl,1302.9089,GSI-830E73B5C594,0.7,landslide,Khawkawi section,missing_event_date,false,false,24.297403,Slide number: MIZ/AIZ/84A13/2016/127 | State: Mizoram | District: Aizawl | Location: Khawkawi section | Latitude: 23.865694 | Longitude: 92.932639 | Material: Rock | Movement: Slide | History: NA,566,landslide_report.pdf,Mizoram,GSI-REVIEW-001638,"{""geodesic"":false,""type"":""Point"",""coordinates"":[92.93271661790503,23.865795838148813]}"
000000000000000000f3_0,,,Aizawl,Aizawl,556.4374,GSI-4F469FFB2C70,0.7,landslide,PhullenPhuaibuang,missing_event_date,false,false,30.205374,Slide number: MZ/AIZ/84E01/2017/90 | State: Mizoram | District: Aizawl | Location: PhullenPhuaibuang | Latitude: 23.870583 | Longitude: 93.095444 | Material: Rock | Movement: Slide | History: NA,566,landslide_report.pdf,Mizoram,GSI-REVIEW-001648,"{""geodesic"":false,""type"":""Point"",""coordinates"":[93.0954913473875,23.870646740683057]}"
000000000000000000f6_0,,,Aizawl,Aizawl,574.3414,GSI-FAF3998FEEA2,0.7,landslide,~5k m from Ainawl along PhullenPhuaibuang section,missing_event_date,false,false,34.47708,Slide number: MZ/AIZ/84E01/2017/96 | State: Mizoram | District: Aizawl | Location: ~5k m from Ainawl along PhullenPhuaibuang section | Latitude: 23.872055 | Longitude: 93.094276 | Material: Rock | Movement: Slide | History: NA,566,landslide_report.pdf,Mizoram,GSI-REVIEW-001651,"{""geodesic"":false,""type"":""Point"",""coordinates"":[93.09414387446131,23.871994213609238]}"
000000000000000000f7_0,,,Aizawl,Aizawl,927.47095,GSI-C95119DB48E7,0.7,landslide,Khawruhlian village(near culvert) on NH150,missing_event_date,false,false,32.20495,Slide number: MIZ/AIZ/84A13/2016/16 | State: Mizoram | District: Aizawl | Location: Khawruhlian village(near culvert) on NH150 | Latitude: 23.872722 | Longitude: 92.874083 | Material: Rock | Movement: Slide | History: 1996,566,landslide_report.pdf,Mizoram,GSI-REVIEW-001653,"{""geodesic"":false,""type"":""Point"",""coordinates"":[92.87396679832362,23.872802697364946]}"
00000000000000000103_0,,,Aizawl,Aizawl,902.7536,GSI-6E54B1462925,0.7,landslide,ZawnginPhullen section,missing_event_date,false,false,34.446827,Slide number: MZ/AIZ/84E01/2017/83 | State: Mizoram | District: Aizawl | Location: ZawnginPhullen section | Latitude: 23.888945 | Longitude: 93.033974 | Material: Rock | Movement: Slide | History: NA,567,landslide_report.pdf,Mizoram,GSI-REVIEW-001681,"{""geodesic"":false,""type"":""Point"",""coordinates"":[93.03404658195372,23.888972372479095]}"
00000000000000000104_0,,,Aizawl,Aizawl,1102.8018,GSI-E9AAD80FF44E,0.7,landslide,"Lungdai village, Silchar road",missing_event_date,false,false,31.698921,"Slide number: MIZ/AIZ/84A09/2016/55 | State: Mizoram | District: Aizawl | Location: Lungdai village, Silchar road | Latitude: 23.889306 | Longitude: 92.736528 | Material: Rock | Movement: Slide | History: NA",567,landslide_report.pdf,Mizoram,GSI-REVIEW-001682,"{""geodesic"":false,""type"":""Point"",""coordinates"":[92.73652455985334,23.88924186706433]}"
00000000000000000109_0,,,Aizawl,Aizawl,1066.0355,GSI-4972C6A18572,0.7,landslide,Zawngin village,missing_event_date,false,false,19.336376,Slide number: MZ/AIZ/84E01/2017/107 | State: Mizoram | District: Aizawl | Location: Zawngin village | Latitude: 23.899305 | Longitude: 93.015587 | Material: Rock | Movement: Slide | History: NA,567,landslide_report.pdf,Mizoram,GSI-REVIEW-001688,"{""geodesic"":false,""type"":""Point"",""coordinates"":[93.01545145557245,23.89921316671806]}"
0000000000000000010d_0,,,Aizawl,Aizawl,1109.152,GSI-A97897158DA2,0.7,landslide,SuangpuilawnZawngin section,missing_event_date,false,false,32.717243,Slide number: MZ/AIZ/84E01/2017/80 | State: Mizoram | District: Aizawl | Location: SuangpuilawnZawngin section | Latitude: 23.909111 | Longitude: 93.02375 | Material: Rock | Movement: Slide | History: NA,567,landslide_report.pdf,Mizoram,GSI-REVIEW-001697,"{""geodesic"":false,""type"":""Point"",""coordinates"":[93.02380578771475,23.909184466371787]}"
0000000000000000010f_0,,,Aizawl,Aizawl,1021.43835,GSI-D7A68D20BC24,0.7,landslide,"E of Serkhan, Serkhan-Hlimen road",missing_event_date,false,false,29.270609,"Slide number: MIZ/AIZ/84A09/2016/120 | State: Mizoram | District: Aizawl | Location: E of Serkhan, Serkhan-Hlimen road | Latitude: 23.915778 | Longitude: 92.742417 | Material: Rock | Movement: Slide | History: 2016",568,landslide_report.pdf,Mizoram,GSI-REVIEW-001702,"{""geodesic"":false,""type"":""Point"",""coordinates"":[92.74245344072853,23.91565233641745]}"
00000000000000000111_0,,,Aizawl,Aizawl,979.8397,GSI-6253280AEF5F,0.7,landslide,Serkhan- Nisapui-Luanguat road section,missing_event_date,false,false,13.77151,Slide number: MIZ/AIZ/84A09/2016/121 | State: Mizoram | District: Aizawl | Location: Serkhan- Nisapui-Luanguat road section | Latitude: 23.918461 | Longitude: 92.741531 | Material: Rock | Movement: Slide | History: 2016,568,landslide_report.pdf,Mizoram,GSI-REVIEW-001704,"{""geodesic"":false,""type"":""Point"",""coordinates"":[92.7416449569728,23.918347282269806]}"
00000000000000000117_0,,,Aizawl,Aizawl,907.47595,GSI-E46B11B1B698,0.7,landslide,Serkhan-Luangmuat road section,missing_event_date,false,false,19.245998,Slide number: MIZ/AIZ/84A09/2016/122 | State: Mizoram | District: Aizawl | Location: Serkhan-Luangmuat road section | Latitude: 23.924278 | Longitude: 92.744806 | Material: Rock | Movement: Slide | History: 2016,568,landslide_report.pdf,Mizoram,GSI-REVIEW-001711,"{""geodesic"":false,""type"":""Point"",""coordinates"":[92.74487889199564,23.924276163144995]}"
00000000000000000119_0,,,Aizawl,Aizawl,1057.1139,GSI-16F79D509C0B,0.7,landslide,SuangpuilawnZawngin section,missing_event_date,false,false,29.299984,Slide number: MZ/AIZ/84E01/2017/78 | State: Mizoram | District: Aizawl | Location: SuangpuilawnZawngin section | Latitude: 23.927389 | Longitude: 93.02803 | Material: Rock | Movement: Slide | History: NA,568,landslide_report.pdf,Mizoram,GSI-REVIEW-001713,"{""geodesic"":false,""type"":""Point"",""coordinates"":[93.02811770107853,23.927510098167826]}"
0000000000000000011a_0,,,Aizawl,Aizawl,1111.6364,GSI-91B7E8139B66,0.7,landslide,~3.5 km S of Kepran,missing_event_date,false,false,24.42981,Slide number: MIZ/AIZ/84A13/2016/10 | State: Mizoram | District: Aizawl | Location: ~3.5 km S of Kepran | Latitude: 23.929083 | Longitude: 92.922778 | Material: Rock | Movement: Slide | History: 2016,568,landslide_report.pdf,Mizoram,GSI-REVIEW-001714,"{""geodesic"":false,""type"":""Point"",""coordinates"":[92.9227453182513,23.92912706567924]}"
0000000000000000011b_0,,,Aizawl,Aizawl,212.9161,GSI-83787DA4C8E4,0.7,landslide,Silchar road,missing_event_date,false,false,29.764122,Slide number: MIZ/AIZ/84A09/2016/88 | State: Mizoram | District: Aizawl | Location: Silchar road | Latitude: 23.933904 | Longitude: 92.673871 | Material: Rock | Movement: Slide | History: 2016,568,landslide_report.pdf,Mizoram,GSI-REVIEW-001716,"{""geodesic"":false,""type"":""Point"",""coordinates"":[92.67400181607861,23.933977968213483]}"
0000000000000000011d_0,,,Aizawl,Aizawl,186.6005,GSI-926A8C9B80D7,0.7,landslide,"Khamrang-Kawnpui road, 19 km S of Kawnpui",missing_event_date,false,false,35.675156,"Slide number: MIZ/AIZ/84A09/2016/106 | State: Mizoram | District: Aizawl | Location: Khamrang-Kawnpui road, 19 km S of Kawnpui | Latitude: 23.934417 | Longitude: 92.667222 | Material: Rock | Movement: Slide | History: 2016",568,landslide_report.pdf,Mizoram,GSI-REVIEW-001718,"{""geodesic"":false,""type"":""Point"",""coordinates"":[92.66726445144772,23.934516957383956]}"
0000000000000000011f_0,,,Aizawl,Aizawl,1516.4487,GSI-B43D771C3882,0.7,landslide,PhuaibuangKhawlian section,missing_event_date,false,false,37.54138,Slide number: MZ/AIZ/84E01/2017/73 | State: Mizoram | District: Aizawl | Location: PhuaibuangKhawlian section | Latitude: 23.938028 | Longitude: 93.121277 | Material: Rock | Movement: Slide | History: NA,568,landslide_report.pdf,Mizoram,GSI-REVIEW-001723,"{""geodesic"":false,""type"":""Point"",""coordinates"":[93.12136282757014,23.938020386992022]}"
00000000000000000122_0,,,Aizawl,Aizawl,266.9987,GSI-D3BEE9B35FF4,0.7,landslide,14 km milestone Kawnpui on Aizawl-Silchar road,missing_event_date,false,false,35.834366,Slide number: MIZ/AIZ/84A09/2016/107 | State: Mizoram | District: Aizawl | Location: 14 km milestone Kawnpui on Aizawl-Silchar road | Latitude: 23.940333 | Longitude: 92.680833 | Material: Rock | Movement: Slide | History: 2016,568,landslide_report.pdf,Mizoram,GSI-REVIEW-001729,"{""geodesic"":false,""type"":""Point"",""coordinates"":[92.68073918070951,23.940445838259144]}"
00000000000000000125_0,,,Aizawl,Aizawl,1051.6726,GSI-E98BDF19E386,0.7,landslide,S of Suangpuilawn,missing_event_date,false,false,22.921919,Slide number: MZ/AIZ/84E01/2017/95 | State: Mizoram | District: Aizawl | Location: S of Suangpuilawn | Latitude: 23.948917 | Longitude: 93.038719 | Material: Rock | Movement: Slide | History: NA,569,landslide_report.pdf,Mizoram,GSI-REVIEW-001734,"{""geodesic"":false,""type"":""Point"",""coordinates"":[93.03862798990272,23.94880017040146]}"
00000000000000000126_0,,,Aizawl,Aizawl,1425.1206,GSI-0819776A0974,0.7,landslide,Near Phuaibuang,missing_event_date,false,false,19.27724,Slide number: MZ/AIZ/84E01/2017/108 | State: Mizoram | District: Aizawl | Location: Near Phuaibuang | Latitude: 23.950195 | Longitude: 93.125061 | Material: Rock | Movement: Slide | History: NA,569,landslide_report.pdf,Mizoram,GSI-REVIEW-001736,"{""geodesic"":false,""type"":""Point"",""coordinates"":[93.12513575176344,23.950147643327636]}"
00000000000000000128_0,,,Aizawl,Aizawl,1063.7977,GSI-1F12AF53DB13,0.7,landslide,Suangpuilawn village,missing_event_date,false,false,26.408922,Slide number: MZ/AIZ/84E01/2017/68 | State: Mizoram | District: Aizawl | Location: Suangpuilawn village | Latitude: 23.956528 | Longitude: 93.041084 | Material: Rock | Movement: Slide | History: NA,569,landslide_report.pdf,Mizoram,GSI-REVIEW-001739,"{""geodesic"":false,""type"":""Point"",""coordinates"":[93.04105344116985,23.956615513373297]}"
00000000000000000132_0,,,Aizawl,Aizawl,1110.6321,GSI-DC4435F5C140,0.7,landslide,Suangpuilawn village,missing_event_date,false,false,44.399364,Slide number: MZ/AIZ/84E01/2017/76 | State: Mizoram | District: Aizawl | Location: Suangpuilawn village | Latitude: 23.966249 | Longitude: 93.041115 | Material: Rock | Movement: Slide | History: NA,569,landslide_report.pdf,Mizoram,GSI-REVIEW-001749,"{""geodesic"":false,""type"":""Point"",""coordinates"":[93.04105344116985,23.96631731844179]}"
00000000000000000133_0,,,Aizawl,Aizawl,1110.6321,GSI-35BECE31EDD8,0.7,landslide,Suangpuilawn village,missing_event_date,false,false,44.399364,Slide number: MZ/AIZ/84E01/2017/97 | State: Mizoram | District: Aizawl | Location: Suangpuilawn village | Latitude: 23.966249 | Longitude: 93.041115 | Material: Rock | Movement: Slide | History: NA,569,landslide_report.pdf,Mizoram,GSI-REVIEW-001750,"{""geodesic"":false,""type"":""Point"",""coordinates"":[93.04105344116985,23.96631731844179]}"
00000000000000000135_0,,,Aizawl,Aizawl,776.5992,GSI-16F089D74CC2,0.7,landslide,SuangpuilawnE. Phaileng section,missing_event_date,false,false,23.10972,Slide number: MZ/AIZ/84E01/2017/58 | State: Mizoram | District: Aizawl | Location: SuangpuilawnE. Phaileng section | Latitude: 23.969223 | Longitude: 93.016335 | Material: Rock | Movement: Slide | History: NA,569,landslide_report.pdf,Mizoram,GSI-REVIEW-001752,"{""geodesic"":false,""type"":""Point"",""coordinates"":[93.01625993932815,23.969281758879383]}"
00000000000000000137_0,,,Aizawl,Aizawl,754.9255,GSI-A8E1CE07D864,0.7,landslide,SuangpuilawnE. Phaileng section,missing_event_date,false,false,32.941845,Slide number: MZ/AIZ/84E01/2017/92 | State: Mizoram | District: Aizawl | Location: SuangpuilawnE. Phaileng section | Latitude: 23.972027 | Longitude: 93.014893 | Material: Rock | Movement: Slide | History: 2017,569,landslide_report.pdf,Mizoram,GSI-REVIEW-001755,"{""geodesic"":false,""type"":""Point"",""coordinates"":[93.01491246640197,23.97197670473174]}"
00000000000000000139_0,,,Aizawl,Aizawl,1058.3138,GSI-06831E1E21B3,0.7,landslide,SuangpuilawnLamherh section,missing_event_date,false,false,28.324142,Slide number: MZ/AIZ/84E01/2017/106 | State: Mizoram | District: Aizawl | Location: SuangpuilawnLamherh section | Latitude: 23.983694 | Longitude: 93.044418 | Material: Soil | Movement: Slide | History: NA,570,landslide_report.pdf,Mizoram,GSI-REVIEW-001766,"{""geodesic"":false,""type"":""Point"",""coordinates"":[93.04428737619267,23.983564971896882]}"
0000000000000000013c_0,,,Aizawl,Aizawl,1095.1003,GSI-9CF9255E314C,0.7,landslide,SuangpuilawnVanbawng,missing_event_date,false,false,35.83032,Slide number: MZ/AIZ/84E01/2017/111 | State: Mizoram | District: Aizawl | Location: SuangpuilawnVanbawng | Latitude: 23.992805 | Longitude: 93.043251 | Material: Rock | Movement: Slide | History: NA,570,landslide_report.pdf,Mizoram,GSI-REVIEW-001772,"{""geodesic"":false,""type"":""Point"",""coordinates"":[93.04320939785174,23.9927277877949]}"
0000000000000000013f_0,,,Aizawl,Aizawl,902.3301,GSI-99F142B20AC2,0.7,landslide,darlawn,missing_event_date,false,false,35.683323,Slide number: MZ/AIZ/83D16/2016/102 | State: Mizoram | District: Aizawl | Location: darlawn | Latitude: 24.004186 | Longitude: 92.904111 | Material: Earth | Movement: Slide | History: 2016,570,landslide_report.pdf,Mizoram,GSI-REVIEW-001779,"{""geodesic"":false,""type"":""Point"",""coordinates"":[92.90415019187003,24.004316054960043]}"
00000000000000000140_0,,,Aizawl,Aizawl,902.3301,GSI-91671714FCD9,0.7,landslide,jhum road from darlawn,missing_event_date,false,false,35.683323,Slide number: MZ/AIZ/83D16/2016/101 | State: Mizoram | District: Aizawl | Location: jhum road from darlawn | Latitude: 24.004313 | Longitude: 92.904068 | Material: Earth | Movement: Slide | History: 2016,570,landslide_report.pdf,Mizoram,GSI-REVIEW-001780,"{""geodesic"":false,""type"":""Point"",""coordinates"":[92.90415019187003,24.004316054960043]}"
00000000000000000141_0,,,Aizawl,Aizawl,671.24603,GSI-64C21E813E9C,0.7,landslide,S. Of North Chaltlang,missing_event_date,false,false,35.625614,Slide number: MZ/AIZ/83D16/2016/36 | State: Mizoram | District: Aizawl | Location: S. Of North Chaltlang | Latitude: 24.00977 | Longitude: 92.767346 | Material: Earth | Movement: Slide | History: 2016,570,landslide_report.pdf,Mizoram,GSI-REVIEW-001783,"{""geodesic"":false,""type"":""Point"",""coordinates"":[92.76724694257021,24.00970594666476]}"
00000000000000000142_0,,,Aizawl,Aizawl,712.89056,GSI-D8BCF5723533,0.7,landslide,S. Of North Chaltlang,missing_event_date,false,false,35.94106,Slide number: MZ/AIZ/83D16/2016/35 | State: Mizoram | District: Aizawl | Location: S. Of North Chaltlang | Latitude: 24.010279 | Longitude: 92.767056 | Material: Rock | Movement: Slide | History: 2016,570,landslide_report.pdf,Mizoram,GSI-REVIEW-001784,"{""geodesic"":false,""type"":""Point"",""coordinates"":[92.76697744798498,24.01024493583523]}"
00000000000000000146_0,,,Aizawl,Aizawl,601.8869,GSI-C2545433D819,0.7,landslide,Turial road,missing_event_date,false,false,47.052006,Slide number: MZ/AIZ/83D16/2016/72 | State: Mizoram | District: Aizawl | Location: Turial road | Latitude: 24.015858 | Longitude: 92.797666 | Material: Earth | Movement: Slide | History: 2016,570,landslide_report.pdf,Mizoram,GSI-REVIEW-001788,"{""geodesic"":false,""type"":""Point"",""coordinates"":[92.79769983070187,24.015904322125184]}"
00000000000000000147_0,,,Aizawl,Aizawl,1042.6705,GSI-6E07EC892C04,0.7,landslide,ChaihppuiDaido section,missing_event_date,false,false,26.383162,Slide number: MZ/AIZ/83H04/2017/8 | State: Mizoram | District: Aizawl | Location: ChaihppuiDaido section | Latitude: 24.019306 | Longitude: 93.181274 | Material: Rock | Movement: Slide | History: NA,570,landslide_report.pdf,Mizoram,GSI-REVIEW-001789,"{""geodesic"":false,""type"":""Point"",""coordinates"":[93.18119062549249,24.01940775173325]}"
00000000000000000148_0,,,Aizawl,Aizawl,807.42505,GSI-26B67466F74F,0.7,landslide,North Chaltlang,missing_event_date,false,false,27.546947,Slide number: MZ/AIZ/83D16/2016/37 | State: Mizoram | District: Aizawl | Location: North Chaltlang | Latitude: 24.022079 | Longitude: 92.771729 | Material: Earth | Movement: Slide | History: 2016,570,landslide_report.pdf,Mizoram,GSI-REVIEW-001792,"{""geodesic"":false,""type"":""Point"",""coordinates"":[92.77182835051923,24.02210269758561]}"
00000000000000000149_0,,,Aizawl,Aizawl,807.42505,GSI-7C304B58811A,0.7,landslide,North Chaltlang,missing_event_date,false,false,27.546947,Slide number: MZ/AIZ/83D16/2016/38 | State: Mizoram | District: Aizawl | Location: North Chaltlang | Latitude: 24.022188 | Longitude: 92.771891 | Material: Earth | Movement: Slide | History: 2016,570,landslide_report.pdf,Mizoram,GSI-REVIEW-001793,"{""geodesic"":false,""type"":""Point"",""coordinates"":[92.77182835051923,24.02210269758561]}"
0000000000000000014a_0,,,Aizawl,Aizawl,807.9661,GSI-F53C008364BD,0.7,landslide,North Chaltlang,missing_event_date,false,false,24.551666,Slide number: MZ/AIZ/83D16/2016/39 | State: Mizoram | District: Aizawl | Location: North Chaltlang | Latitude: 24.022347 | Longitude: 92.772075 | Material: Earth | Movement: Slide | History: 2016,570,landslide_report.pdf,Mizoram,GSI-REVIEW-001794,"{""geodesic"":false,""type"":""Point"",""coordinates"":[92.77209784510447,24.022372192170845]}"
0000000000000000014b_0,,,Aizawl,Aizawl,828.2762,GSI-41912E14DF15,0.7,landslide,North Chaltlang,missing_event_date,false,false,30.605541,Slide number: MZ/AIZ/83D16/2016/40 | State: Mizoram | District: Aizawl | Location: North Chaltlang | Latitude: 24.022376 | Longitude: 92.77308 | Material: Earth | Movement: Slide | History: 2016,570,landslide_report.pdf,Mizoram,GSI-REVIEW-001795,"{""geodesic"":false,""type"":""Point"",""coordinates"":[92.7731758234454,24.022372192170845]}"
0000000000000000014d_0,,,Aizawl,Aizawl,1185.7762,GSI-0C66ECAA4A3A,0.7,landslide,North of Serzawl,missing_event_date,false,false,22.013239,Slide number: MZ/AIZ/83D16/2016/98 | State: Mizoram | District: Aizawl | Location: North of Serzawl | Latitude: 24.024826 | Longitude: 92.888859 | Material: Earth | Movement: Slide | History: NA,570,landslide_report.pdf,Mizoram,GSI-REVIEW-001800,"{""geodesic"":false,""type"":""Point"",""coordinates"":[92.8887890005116,24.024797643437967]}"
0000000000000000014e_0,,,Aizawl,Aizawl,869.22614,GSI-3F31990A1856,0.7,landslide,North Chaltlang,missing_event_date,false,false,17.546686,Slide number: MZ/AIZ/83D16/2016/69 | State: Mizoram | District: Aizawl | Location: North Chaltlang | Latitude: 24.025094 | Longitude: 92.769158 | Material: Rock | Movement: Slide | History: 2016,570,landslide_report.pdf,Mizoram,GSI-REVIEW-001801,"{""geodesic"":false,""type"":""Point"",""coordinates"":[92.76913340466687,24.025067138023203]}"
0000000000000000014f_0,,,Aizawl,Aizawl,1035.9011,GSI-CC6A8E02C8B1,0.7,landslide,on the way to N. Serzawl,missing_event_date,false,false,30.828655,Slide number: MZ/AIZ/83D16/2016/93 | State: Mizoram | District: Aizawl | Location: on the way to N. Serzawl | Latitude: 24.025487 | Longitude: 92.907485 | Material: Earth | Movement: Slide | History: NA,570,landslide_report.pdf,Mizoram,GSI-REVIEW-001802,"{""geodesic"":false,""type"":""Point"",""coordinates"":[92.90738412689286,24.025606127193676]}"
00000000000000000151_0,,,Aizawl,Aizawl,1016.8662,GSI-A0FDC9A4CB14,0.7,landslide,8.5km S of Sailut,missing_event_date,false,false,39.175636,Slide number: MZ/KOL/83D12/2016/15 | State: Mizoram | District: Aizawl | Location: 8.5km S of Sailut | Latitude: 24.025542 | Longitude: 92.91546 | Material: Rock | Movement: Slide | History: NA,570,landslide_report.pdf,Mizoram,GSI-REVIEW-001804,"{""geodesic"":false,""type"":""Point"",""coordinates"":[92.91546896444994,24.025606127193676]}"
00000000000000000152_0,,,Aizawl,Aizawl,1027.0939,GSI-AC4FBAE57427,0.7,landslide,5.5km north of Darlawn,missing_event_date,false,false,36.280857,Slide number: MZ/AIZ/83D16/2016/75 | State: Mizoram | District: Aizawl | Location: 5.5km north of Darlawn | Latitude: 24.025676 | Longitude: 92.914807 | Material: Rock | Movement: Slide | History: 2016,570,landslide_report.pdf,Mizoram,GSI-REVIEW-001805,"{""geodesic"":false,""type"":""Point"",""coordinates"":[92.91492997527946,24.025606127193676]}"
00000000000000000154_0,,,Aizawl,Aizawl,1051.7894,GSI-5F4F8E4B6F3C,0.7,landslide,North of Darlawn,missing_event_date,false,false,28.220884,Slide number: MZ/AIZ/83D16/2016/73 | State: Mizoram | District: Aizawl | Location: North of Darlawn | Latitude: 24.028721 | Longitude: 92.909301 | Material: Earth | Movement: Slide | History: 2016,571,landslide_report.pdf,Mizoram,GSI-REVIEW-001808,"{""geodesic"":false,""type"":""Point"",""coordinates"":[92.90927058898951,24.028840062216506]}"
00000000000000000155_0,,,Aizawl,Aizawl,972.2038,GSI-3F5BE91A69D5,0.7,landslide,towards N. Serzawl,missing_event_date,false,false,30.01589,Slide number: MZ/AIZ/83D16/2016/97 | State: Mizoram | District: Aizawl | Location: towards N. Serzawl | Latitude: 24.030416 | Longitude: 92.901491 | Material: Rock | Movement: Slide | History: NA,571,landslide_report.pdf,Mizoram,GSI-REVIEW-001810,"{""geodesic"":false,""type"":""Point"",""coordinates"":[92.90145524601768,24.03045702972792]}"
00000000000000000156_0,,,Aizawl,Aizawl,621.43726,GSI-207F287A0C7B,0.7,landslide,Turial road,missing_event_date,false,false,27.975388,Slide number: MZ/AIZ/83D16/2016/71 | State: Mizoram | District: Aizawl | Location: Turial road | Latitude: 24.030793 | Longitude: 92.793313 | Material: Earth | Movement: Slide | History: 2016,571,landslide_report.pdf,Mizoram,GSI-REVIEW-001812,"{""geodesic"":false,""type"":""Point"",""coordinates"":[92.7933879173381,24.030726524313156]}"
00000000000000000157_0,,,Aizawl,Aizawl,937.3378,GSI-706A18BC5AA5,0.7,landslide,N. Of North Chaltlang,missing_event_date,false,false,34.466923,Slide number: MZ/AIZ/83D16/2016/42 | State: Mizoram | District: Aizawl | Location: N. Of North Chaltlang | Latitude: 24.036336 | Longitude: 92.770846 | Material: Rock | Movement: Slide | History: NA,571,landslide_report.pdf,Mizoram,GSI-REVIEW-001814,"{""geodesic"":false,""type"":""Point"",""coordinates"":[92.77075037217828,24.03638591060311]}"
00000000000000000158_0,,,Aizawl,Aizawl,942.2834,GSI-3FEB82DD7CDD,0.7,landslide,North Chaltlang,missing_event_date,false,false,37.990105,Slide number: MZ/AIZ/83D16/2016/43 | State: Mizoram | District: Aizawl | Location: North Chaltlang | Latitude: 24.036893 | Longitude: 92.771278 | Material: Rock | Movement: Slide | History: NA,571,landslide_report.pdf,Mizoram,GSI-REVIEW-001815,"{""geodesic"":false,""type"":""Point"",""coordinates"":[92.77128936134875,24.03692489977358]}"
0000000000000000015b_0,,,Aizawl,Aizawl,907.10486,GSI-1128EA4BA23D,0.7,landslide,6km south of Sailutar,missing_event_date,false,false,26.040115,Slide number: MZ/AIZ/83D16/2016/78 | State: Mizoram | District: Aizawl | Location: 6km south of Sailutar | Latitude: 24.037574 | Longitude: 92.922489 | Material: Earth | Movement: Slide | History: 2016,571,landslide_report.pdf,Mizoram,GSI-REVIEW-001818,"{""geodesic"":false,""type"":""Point"",""coordinates"":[92.92247582366608,24.037463888944053]}"
0000000000000000015c_0,,,Aizawl,Aizawl,1019.5731,GSI-BD8275F4E9CE,0.7,landslide,TlangnuamDaido section,missing_event_date,false,false,30.344069,Slide number: MZ/AIZ/83H04/2017/10 | State: Mizoram | District: Aizawl | Location: TlangnuamDaido section | Latitude: 24.038279 | Longitude: 93.140945 | Material: Rock | Movement: Slide | History: NA,571,landslide_report.pdf,Mizoram,GSI-REVIEW-001819,"{""geodesic"":false,""type"":""Point"",""coordinates"":[93.14103593229235,24.038272372699762]}"
0000000000000000015e_0,,,Aizawl,Aizawl,942.8732,GSI-B8865A32A97A,0.7,landslide,N. Of North Chaltlang,missing_event_date,false,false,23.89205,Slide number: MZ/AIZ/83D16/2016/45 | State: Mizoram | District: Aizawl | Location: N. Of North Chaltlang | Latitude: 24.040703 | Longitude: 92.774277 | Material: Rock | Movement: Slide | History: NA,571,landslide_report.pdf,Mizoram,GSI-REVIEW-001822,"{""geodesic"":false,""type"":""Point"",""coordinates"":[92.77425380178634,24.040697823966884]}"
0000000000000000015f_0,,,Aizawl,Aizawl,942.8732,GSI-7519C45EFB4A,0.7,landslide,N. Of North Chaltlang,missing_event_date,false,false,23.89205,Slide number: MZ/AIZ/83D16/2016/44 | State: Mizoram | District: Aizawl | Location: N. Of North Chaltlang | Latitude: 24.040967 | Longitude: 92.774357 | Material: Rock | Movement: Slide | History: NA,571,landslide_report.pdf,Mizoram,GSI-REVIEW-001823,"{""geodesic"":false,""type"":""Point"",""coordinates"":[92.77425380178634,24.04096731855212]}"
00000000000000000161_0,,,Aizawl,Aizawl,951.14716,GSI-6EFBCB351B74,0.7,landslide,South of Bukpui village,missing_event_date,false,false,32.692646,Slide number: MZ/AIZ/83D16/2016/67 | State: Mizoram | District: Aizawl | Location: South of Bukpui village | Latitude: 24.043187 | Longitude: 92.77542 | Material: Rock | Movement: Slide | History: 2016,571,landslide_report.pdf,Mizoram,GSI-REVIEW-001825,"{""geodesic"":false,""type"":""Point"",""coordinates"":[92.77533178012729,24.043123275234006]}"
00000000000000000163_0,,,Aizawl,Aizawl,951.32764,GSI-017EBCBD64A1,0.7,landslide,South of Bukpui village,missing_event_date,false,false,32.827232,Slide number: MZ/AIZ/83D16/2016/68 | State: Mizoram | District: Aizawl | Location: South of Bukpui village | Latitude: 24.043492 | Longitude: 92.775423 | Material: Rock | Movement: Slide | History: 2016,571,landslide_report.pdf,Mizoram,GSI-REVIEW-001827,"{""geodesic"":false,""type"":""Point"",""coordinates"":[92.77533178012729,24.043392769819242]}"
00000000000000000164_0,,,Aizawl,Aizawl,944.1535,GSI-72D78743DEEA,0.7,landslide,South of Bukpui village,missing_event_date,false,false,28.853043,Slide number: MZ/AIZ/83D16/2016/66 | State: Mizoram | District: Aizawl | Location: South of Bukpui village | Latitude: 24.045278 | Longitude: 92.775169 | Material: Rock | Movement: Slide | History: 2016,571,landslide_report.pdf,Mizoram,GSI-REVIEW-001828,"{""geodesic"":false,""type"":""Point"",""coordinates"":[92.77506228554206,24.045279231915895]}"
00000000000000000165_0,,,Aizawl,Aizawl,1230.631,GSI-E105F2F8594A,0.7,landslide,VanbawngN Khawlek section,missing_event_date,false,false,34.476562,Slide number: MZ/AIZ/83H04/2017/14 | State: Mizoram | District: Aizawl | Location: VanbawngN Khawlek section | Latitude: 24.046499 | Longitude: 93.04422 | Material: Rock | Movement: Slide | History: NA,571,landslide_report.pdf,Mizoram,GSI-REVIEW-001829,"{""geodesic"":false,""type"":""Point"",""coordinates"":[93.04428737619267,24.046626704842073]}"
00000000000000000168_0,,,Aizawl,Aizawl,968.4694,GSI-54CD851B7C63,0.7,landslide,South of Bukpui village,missing_event_date,false,false,39.799873,Slide number: MZ/AIZ/83D16/2016/65 | State: Mizoram | District: Aizawl | Location: South of Bukpui village | Latitude: 24.050391 | Longitude: 92.775525 | Material: Rock | Movement: Slide | History: 2016,571,landslide_report.pdf,Mizoram,GSI-REVIEW-001834,"{""geodesic"":false,""type"":""Point"",""coordinates"":[92.77560127471253,24.050399629035375]}"
00000000000000000169_0,,,Aizawl,Aizawl,972.2087,GSI-1BB119DA662E,0.7,landslide,South of Bukpui village,missing_event_date,false,false,37.018032,Slide number: MZ/AIZ/83D16/2016/64 | State: Mizoram | District: Aizawl | Location: South of Bukpui village | Latitude: 24.053275 | Longitude: 92.77647 | Material: Rock | Movement: Slide | History: 2016,571,landslide_report.pdf,Mizoram,GSI-REVIEW-001835,"{""geodesic"":false,""type"":""Point"",""coordinates"":[92.77640975846823,24.05336406947297]}"
0000000000000000016a_0,,,Aizawl,Aizawl,860.1916,GSI-3D36968BFA84,0.7,landslide,4km south of Sailutar,missing_event_date,false,false,22.754663,Slide number: MZ/AIZ/83D16/2016/79 | State: Mizoram | District: Aizawl | Location: 4km south of Sailutar | Latitude: 24.056205 | Longitude: 92.916817 | Material: Rock | Movement: Slide | History: NA,571,landslide_report.pdf,Mizoram,GSI-REVIEW-001836,"{""geodesic"":false,""type"":""Point"",""coordinates"":[92.91681643737611,24.056328509910564]}"
0000000000000000016b_0,,,Aizawl,Aizawl,823.35,GSI-43C5339E8CE1,0.7,landslide,1km south of Sailutar,missing_event_date,false,false,44.527744,Slide number: MZ/AIZ/83D16/2016/80 | State: Mizoram | District: Aizawl | Location: 1km south of Sailutar | Latitude: 24.061004 | Longitude: 92.925342 | Material: Earth | Movement: Slide | History: 2016,571,landslide_report.pdf,Mizoram,GSI-REVIEW-001838,"{""geodesic"":false,""type"":""Point"",""coordinates"":[92.92544026410367,24.060909917859572]}"
0000000000000000016c_0,,,Aizawl,Aizawl,776.3558,GSI-7A144C12AF4D,0.7,landslide,1km south of Sailutar,missing_event_date,false,false,31.86636,Slide number: MZ/AIZ/83D16/2016/81 | State: Mizoram | District: Aizawl | Location: 1km south of Sailutar | Latitude: 24.062429 | Longitude: 92.922576 | Material: Rock | Movement: Slide | History: 2016,571,landslide_report.pdf,Mizoram,GSI-REVIEW-001839,"{""geodesic"":false,""type"":""Point"",""coordinates"":[92.92247582366608,24.06252688537099]}"
0000000000000000016d_0,,,Aizawl,Aizawl,996.07184,GSI-8E97C1B66C39,0.7,landslide,Sunhluchip,missing_event_date,false,false,20.276455,Slide number: MZ/AIZ/83D16/2016/96 | State: Mizoram | District: Aizawl | Location: Sunhluchip | Latitude: 24.066822 | Longitude: 92.893593 | Material: Earth | Movement: Slide | History: NA,571,landslide_report.pdf,Mizoram,GSI-REVIEW-001840,"{""geodesic"":false,""type"":""Point"",""coordinates"":[92.89363990304584,24.06683879873476]}"
0000000000000000016e_0,,,Aizawl,Aizawl,1002.4315,GSI-BA3FEC301CF4,0.7,landslide,Sunhluchip,missing_event_date,false,false,11.091304,Slide number: MZ/AIZ/83D16/2016/95 | State: Mizoram | District: Aizawl | Location: Sunhluchip | Latitude: 24.067478 | Longitude: 92.893471 | Material: Rock | Movement: Slide | History: 2012,571,landslide_report.pdf,Mizoram,GSI-REVIEW-001841,"{""geodesic"":false,""type"":""Point"",""coordinates"":[92.8933704084606,24.067377787905233]}"
0000000000000000016f_0,,,Aizawl,Aizawl,996.6872,GSI-B884791A5162,0.7,landslide,Sunhluchip playground,missing_event_date,false,false,6.4016895,Slide number: MZ/AIZ/83D16/2016/94 | State: Mizoram | District: Aizawl | Location: Sunhluchip playground | Latitude: 24.067576 | Longitude: 92.893076 | Material: Rock | Movement: Slide | History: 2012,571,landslide_report.pdf,Mizoram,GSI-REVIEW-001842,"{""geodesic"":false,""type"":""Point"",""coordinates"":[92.89310091387536,24.06764728249047]}"
00000000000000000170_0,,,Aizawl,Aizawl,747.5736,GSI-BB06E8CD09BE,0.7,landslide,Sailutar village,missing_event_date,false,false,29.21934,Slide number: MZ/AIZ/83D16/2016/83 | State: Mizoram | District: Aizawl | Location: Sailutar village | Latitude: 24.069401 | Longitude: 92.91857 | Material: Earth | Movement: Slide | History: 2016,571,landslide_report.pdf,Mizoram,GSI-REVIEW-001843,"{""geodesic"":false,""type"":""Point"",""coordinates"":[92.91870289947276,24.06953374458712]}"
00000000000000000171_0,,,Aizawl,Aizawl,758.48895,GSI-B979FA61879E,0.7,landslide,Sailutar village,missing_event_date,false,false,14.055883,Slide number: MZ/AIZ/83D16/2016/84 | State: Mizoram | District: Aizawl | Location: Sailutar village | Latitude: 24.069728 | Longitude: 92.918457 | Material: Earth | Movement: Slide | History: 2016,571,landslide_report.pdf,Mizoram,GSI-REVIEW-001844,"{""geodesic"":false,""type"":""Point"",""coordinates"":[92.91843340488754,24.069803239172355]}"
00000000000000000172_0,,,Aizawl,Aizawl,758.48895,GSI-AE6165D14585,0.7,landslide,Sailutar village,missing_event_date,false,false,14.055883,Slide number: MZ/AIZ/83D16/2016/85 | State: Mizoram | District: Aizawl | Location: Sailutar village | Latitude: 24.069857 | Longitude: 92.918457 | Material: Rock | Movement: Slide | History: NA,571,landslide_report.pdf,Mizoram,GSI-REVIEW-001845,"{""geodesic"":false,""type"":""Point"",""coordinates"":[92.91843340488754,24.069803239172355]}"
00000000000000000173_0,,,Aizawl,Aizawl,974.0208,GSI-B2635CB223CD,0.7,landslide,2km S. Of Bukpui village,missing_event_date,false,false,35.005207,Slide number: MZ/AIZ/83D16/2016/63 | State: Mizoram | District: Aizawl | Location: 2km S. Of Bukpui village | Latitude: 24.070285 | Longitude: 92.787738 | Material: Rock | Movement: Slide | History: 2016,571,landslide_report.pdf,Mizoram,GSI-REVIEW-001846,"{""geodesic"":false,""type"":""Point"",""coordinates"":[92.78772853104815,24.070342228342827]}"
00000000000000000174_0,,,Aizawl,Aizawl,762.32166,GSI-1EB223E1F79B,0.7,landslide,8km south of Ratu,missing_event_date,false,false,29.778822,Slide number: MZ/AIZ/83D16/2016/86 | State: Mizoram | District: Aizawl | Location: 8km south of Ratu | Latitude: 24.07462 | Longitude: 92.91518 | Material: Rock | Movement: Slide | History: 2016,571,landslide_report.pdf,Mizoram,GSI-REVIEW-001847,"{""geodesic"":false,""type"":""Point"",""coordinates"":[92.9151994698647,24.074654141706603]}"
00000000000000000175_0,,,Aizawl,Aizawl,949.4374,GSI-9388AC6A7BFC,0.7,landslide,S. Of Bukpui village,missing_event_date,false,false,21.104452,Slide number: MZ/AIZ/83D16/2016/62 | State: Mizoram | District: Aizawl | Location: S. Of Bukpui village | Latitude: 24.076035 | Longitude: 92.790672 | Material: Rock | Movement: Slide | History: 2016,572,landslide_report.pdf,Mizoram,GSI-REVIEW-001848,"{""geodesic"":false,""type"":""Point"",""coordinates"":[92.79069297148574,24.07600161463278]}"
00000000000000000176_0,,,Aizawl,Aizawl,966.756,GSI-CF990E11A2CA,0.7,landslide,S. Of Bukpui village,missing_event_date,false,false,26.878572,Slide number: MZ/AIZ/83D16/2016/61 | State: Mizoram | District: Aizawl | Location: S. Of Bukpui village | Latitude: 24.077014 | Longitude: 92.790809 | Material: Rock | Movement: Slide | History: 2016,572,landslide_report.pdf,Mizoram,GSI-REVIEW-001849,"{""geodesic"":false,""type"":""Point"",""coordinates"":[92.79069297148574,24.077079592973725]}"
00000000000000000177_0,,,Aizawl,Aizawl,781.1276,GSI-858C2523814F,0.7,landslide,7km south of Ratu,missing_event_date,false,false,23.129065,Slide number: MZ/AIZ/83D16/2016/87 | State: Mizoram | District: Aizawl | Location: 7km south of Ratu | Latitude: 24.078041 | Longitude: 92.914114 | Material: Rock | Movement: Slide | History: NA,572,landslide_report.pdf,Mizoram,GSI-REVIEW-001850,"{""geodesic"":false,""type"":""Point"",""coordinates"":[92.91412149152376,24.07815757131467]}"
00000000000000000178_0,,,Aizawl,Aizawl,939.1672,GSI-1F868306D352,0.7,landslide,S. Of Bukpui village,missing_event_date,false,false,39.044662,Slide number: MZ/AIZ/83D16/2016/60 | State: Mizoram | District: Aizawl | Location: S. Of Bukpui village | Latitude: 24.07814 | Longitude: 92.790905 | Material: Rock | Movement: Slide | History: 2016,572,landslide_report.pdf,Mizoram,GSI-REVIEW-001851,"{""geodesic"":false,""type"":""Point"",""coordinates"":[92.79096246607098,24.07815757131467]}"
00000000000000000179_0,,,Aizawl,Aizawl,919.235,GSI-829048239C91,0.7,landslide,S. Of Bukpui village,missing_event_date,false,false,41.278122,Slide number: MZ/AIZ/83D16/2016/59 | State: Mizoram | District: Aizawl | Location: S. Of Bukpui village | Latitude: 24.078422 | Longitude: 92.792189 | Material: Rock | Movement: Slide | History: 2016,572,landslide_report.pdf,Mizoram,GSI-REVIEW-001852,"{""geodesic"":false,""type"":""Point"",""coordinates"":[92.79230993899715,24.078427065899906]}"
0000000000000000017a_0,,,Aizawl,Aizawl,791.309,GSI-AD161097954B,0.7,landslide,7km south of Ratu,missing_event_date,false,false,38.004856,Slide number: MZ/AIZ/83D16/2016/88 | State: Mizoram | District: Aizawl | Location: 7km south of Ratu | Latitude: 24.080938 | Longitude: 92.914167 | Material: Earth | Movement: Slide | History: 2016,572,landslide_report.pdf,Mizoram,GSI-REVIEW-001855,"{""geodesic"":false,""type"":""Point"",""coordinates"":[92.91412149152376,24.080852517167028]}"
0000000000000000017b_0,,,Aizawl,Aizawl,903.8958,GSI-F271ACFCD59A,0.7,landslide,Bukpui village,missing_event_date,false,false,29.285292,Slide number: MZ/AIZ/83D16/2016/58 | State: Mizoram | District: Aizawl | Location: Bukpui village | Latitude: 24.081381 | Longitude: 92.793089 | Material: Earth | Movement: Slide | History: NA,572,landslide_report.pdf,Mizoram,GSI-REVIEW-001856,"{""geodesic"":false,""type"":""Point"",""coordinates"":[92.79311842275285,24.0813915063375]}"
0000000000000000017c_0,,,Aizawl,Aizawl,910.4612,GSI-2DC3C3AAFFB0,0.7,landslide,N of Bukpui,missing_event_date,false,false,32.294197,Slide number: MZ/AIZ/83D16/2016/46 | State: Mizoram | District: Aizawl | Location: N of Bukpui | Latitude: 24.091081 | Longitude: 92.795582 | Material: Earth | Movement: Slide | History: NA,572,landslide_report.pdf,Mizoram,GSI-REVIEW-001861,"{""geodesic"":false,""type"":""Point"",""coordinates"":[92.79554387401998,24.091093311405988]}"
0000000000000000017e_0,,,Aizawl,Aizawl,900.60016,GSI-6C9AB8703E92,0.7,landslide,N of Bukpui,missing_event_date,false,false,33.929817,Slide number: MZ/AIZ/83D16/2016/48 | State: Mizoram | District: Aizawl | Location: N of Bukpui | Latitude: 24.09123 | Longitude: 92.795928 | Material: Rock | Movement: Slide | History: 2016,572,landslide_report.pdf,Mizoram,GSI-REVIEW-001863,"{""geodesic"":false,""type"":""Point"",""coordinates"":[92.79581336860522,24.091362805991224]}"
00000000000000000180_0,,,Aizawl,Aizawl,902.7869,GSI-D8537FE62894,0.7,landslide,N of Bukpui,missing_event_date,false,false,32.36952,Slide number: MZ/AIZ/83D16/2016/50 | State: Mizoram | District: Aizawl | Location: N of Bukpui | Latitude: 24.091664 | Longitude: 92.796134 | Material: Rock | Movement: Slide | History: 2016,572,landslide_report.pdf,Mizoram,GSI-REVIEW-001865,"{""geodesic"":false,""type"":""Point"",""coordinates"":[92.79608286319045,24.09163230057646]}"
00000000000000000181_0,,,Aizawl,Aizawl,655.638,GSI-9CBC8EF8670D,0.7,landslide,N of Bukpui towards thingdawl,missing_event_date,false,false,30.626469,Slide number: MZ/AIZ/83D16/2016/52 | State: Mizoram | District: Aizawl | Location: N of Bukpui towards thingdawl | Latitude: 24.09176 | Longitude: 92.803968 | Material: Earth | Movement: Slide | History: NA,572,landslide_report.pdf,Mizoram,GSI-REVIEW-001866,"{""geodesic"":false,""type"":""Point"",""coordinates"":[92.80389820616229,24.09163230057646]}"
00000000000000000182_0,,,Aizawl,Aizawl,769.34753,GSI-BF7E78440141,0.7,landslide,5km south of Ratu,missing_event_date,false,false,40.96605,Slide number: MZ/AIZ/83D16/2016/89 | State: Mizoram | District: Aizawl | Location: 5km south of Ratu | Latitude: 24.094248 | Longitude: 92.917745 | Material: Rock | Movement: Slide | History: 2016,572,landslide_report.pdf,Mizoram,GSI-REVIEW-001867,"{""geodesic"":false,""type"":""Point"",""coordinates"":[92.91762492113182,24.09432724642882]}"
00000000000000000183_0,,,Aizawl,Aizawl,785.37604,GSI-0D56F48A42BC,0.7,landslide,3km south of Ratu,missing_event_date,false,false,37.575684,Slide number: MZ/AIZ/83D16/2016/92 | State: Mizoram | District: Aizawl | Location: 3km south of Ratu | Latitude: 24.097858 | Longitude: 92.918738 | Material: Earth | Movement: Slide | History: 2016,572,landslide_report.pdf,Mizoram,GSI-REVIEW-001868,"{""geodesic"":false,""type"":""Point"",""coordinates"":[92.91870289947276,24.097830676036885]}"
00000000000000000184_0,,,Aizawl,Aizawl,812.3681,GSI-EBA27B1B86CA,0.7,landslide,1km south of Ratu,missing_event_date,false,false,28.845083,Slide number: MZ/AIZ/83D16/2016/90 | State: Mizoram | District: Aizawl | Location: 1km south of Ratu | Latitude: 24.099117 | Longitude: 92.916676 | Material: Earth | Movement: Slide | History: 2016,572,landslide_report.pdf,Mizoram,GSI-REVIEW-001869,"{""geodesic"":false,""type"":""Point"",""coordinates"":[92.91654694279089,24.099178148963066]}"
00000000000000000185_0,,,Aizawl,Aizawl,804.82574,GSI-2F0D7EBC573C,0.7,landslide,1km south of Ratu,missing_event_date,false,false,17.273571,Slide number: MZ/AIZ/83D16/2016/91 | State: Mizoram | District: Aizawl | Location: 1km south of Ratu | Latitude: 24.100401 | Longitude: 92.915441 | Material: Rock | Movement: Slide | History: NA,572,landslide_report.pdf,Mizoram,GSI-REVIEW-001873,"{""geodesic"":false,""type"":""Point"",""coordinates"":[92.91546896444994,24.100525621889243]}"
00000000000000000186_0,,,Aizawl,Aizawl,883.58093,GSI-A249A4F4E86A,0.7,landslide,N of Bukpui,missing_event_date,false,false,29.789587,Slide number: MZ/AIZ/83D16/2016/51 | State: Mizoram | District: Aizawl | Location: N of Bukpui | Latitude: 24.102008 | Longitude: 92.791628 | Material: Rock | Movement: Slide | History: 2016,572,landslide_report.pdf,Mizoram,GSI-REVIEW-001874,"{""geodesic"":false,""type"":""Point"",""coordinates"":[92.79150145524144,24.101873094815424]}"
00000000000000000187_0,,,Aizawl,Aizawl,743.044,GSI-0C124670016C,0.7,landslide,S.of Bukpui,missing_event_date,false,false,40.99045,Slide number: MZ/AIZ/83D16/2016/29 | State: Mizoram | District: Aizawl | Location: S.of Bukpui | Latitude: 24.10246 | Longitude: 92.811355 | Material: Earth | Movement: Slide | History: 2016,572,landslide_report.pdf,Mizoram,GSI-REVIEW-001875,"{""geodesic"":false,""type"":""Point"",""coordinates"":[92.8114440545489,24.102412083985897]}"
0000000000000000018b_0,,,Aizawl,Aizawl,691.42706,GSI-6A047E728DC0,0.7,landslide,S of Thingtlegh,missing_event_date,false,false,36.041874,Slide number: MZ/AIZ/83D16/2016/57 | State: Mizoram | District: Aizawl | Location: S of Thingtlegh | Latitude: 24.146606 | Longitude: 92.796528 | Material: Earth | Movement: Slide | History: NA,573,landslide_report.pdf,Mizoram,GSI-REVIEW-001885,"{""geodesic"":false,""type"":""Point"",""coordinates"":[92.79662185236093,24.146609195964576]}"
0000000000000000018c_0,,,Aizawl,Aizawl,760.99774,GSI-E09B44F5B0BD,0.7,landslide,thingtleh,missing_event_date,false,false,22.954506,Slide number: MZ/AIZ/83D16/2016/56 | State: Mizoram | District: Aizawl | Location: thingtleh | Latitude: 24.162021 | Longitude: 92.797605 | Material: Earth | Movement: Slide | History: NA,573,landslide_report.pdf,Mizoram,GSI-REVIEW-001887,"{""geodesic"":false,""type"":""Point"",""coordinates"":[92.79769983070187,24.16197038732302]}"
0000000000000000018d_0,,,Aizawl,Aizawl,485.34073,GSI-C1EB01DD7974,0.7,landslide,New Vervek,missing_event_date,false,false,24.96695,Slide number: MZ/AIZ/83D16/2016/127 | State: Mizoram | District: Aizawl | Location: New Vervek | Latitude: 24.175865 | Longitude: 92.945618 | Material: Earth | Movement: Slide | History: NA,573,landslide_report.pdf,Mizoram,GSI-REVIEW-001893,"{""geodesic"":false,""type"":""Point"",""coordinates"":[92.94565235799635,24.175984105755283]}"
0000000000000000018e_0,,,Aizawl,Aizawl,452.06076,GSI-FCA249134CE1,0.7,landslide,2.5km east of New vervek,missing_event_date,false,false,36.713947,Slide number: MZ/AIZ/83D16/2016/117 | State: Mizoram | District: Aizawl | Location: 2.5km east of New vervek | Latitude: 24.182669 | Longitude: 92.950748 | Material: Earth | Movement: Slide | History: NA,573,landslide_report.pdf,Mizoram,GSI-REVIEW-001896,"{""geodesic"":false,""type"":""Point"",""coordinates"":[92.95077275511584,24.18272147038618]}"
0000000000000000018f_0,,,Aizawl,Aizawl,441.18576,GSI-613C22384C7A,0.7,landslide,2km east of New Vervek,missing_event_date,false,false,31.516672,Slide number: MZ/AIZ/83D16/2016/116 | State: Mizoram | District: Aizawl | Location: 2km east of New Vervek | Latitude: 24.182783 | Longitude: 92.949911 | Material: Rock | Movement: Slide | History: NA,573,landslide_report.pdf,Mizoram,GSI-REVIEW-001897,"{""geodesic"":false,""type"":""Point"",""coordinates"":[92.94996427136013,24.18272147038618]}"
00000000000000000191_0,,,Aizawl,Aizawl,731.938,GSI-57FDB4E1DB5F,0.7,landslide,N. Of Thingtleh,missing_event_date,false,false,24.933748,Slide number: MZ/AIZ/83D16/2016/34 | State: Mizoram | District: Aizawl | Location: N. Of Thingtleh | Latitude: 24.183717 | Longitude: 92.798909 | Material: Rock | Movement: Slide | History: 2016,573,landslide_report.pdf,Mizoram,GSI-REVIEW-001899,"{""geodesic"":false,""type"":""Point"",""coordinates"":[92.79877780904282,24.183799448727125]}"
00000000000000000195_0,,,Aizawl,Aizawl,505.50745,GSI-95D651A9B09A,0.7,landslide,N. Of New Vervek,missing_event_date,false,false,43.013435,Slide number: MZ/AIZ/83D16/2016/105 | State: Mizoram | District: Aizawl | Location: N. Of New Vervek | Latitude: 24.190711 | Longitude: 92.943593 | Material: Rock | Movement: Slide | History: NA,573,landslide_report.pdf,Mizoram,GSI-REVIEW-001906,"{""geodesic"":false,""type"":""Point"",""coordinates"":[92.94349640131446,24.190806307943255]}"
00000000000000000196_0,,,Aizawl,Aizawl,522.0053,GSI-752DA2D2A4A3,0.7,landslide,N. Of New Vervek,missing_event_date,false,false,36.442623,Slide number: MZ/AIZ/83D16/2016/106 | State: Mizoram | District: Aizawl | Location: N. Of New Vervek | Latitude: 24.191114 | Longitude: 92.943311 | Material: Rock | Movement: Slide | History: NA,573,landslide_report.pdf,Mizoram,GSI-REVIEW-001907,"{""geodesic"":false,""type"":""Point"",""coordinates"":[92.94322690672924,24.19107580252849]}"
00000000000000000197_0,,,Aizawl,Aizawl,550.2439,GSI-5023549283E3,0.7,landslide,N. Of New Vervek,missing_event_date,false,false,42.170834,Slide number: MZ/AIZ/83D16/2016/107 | State: Mizoram | District: Aizawl | Location: N. Of New Vervek | Latitude: 24.192522 | Longitude: 92.944635 | Material: Rock | Movement: Slide | History: 2016,573,landslide_report.pdf,Mizoram,GSI-REVIEW-001908,"{""geodesic"":false,""type"":""Point"",""coordinates"":[92.9445743796554,24.192423275454672]}"
00000000000000000198_0,,,Aizawl,Aizawl,539.1237,GSI-124237887C81,0.7,landslide,N. Of New Vervek,missing_event_date,false,false,46.12543,Slide number: MZ/AIZ/83D16/2016/108 | State: Mizoram | District: Aizawl | Location: N. Of New Vervek | Latitude: 24.19265 | Longitude: 92.944583 | Material: Rock | Movement: Slide | History: 2016,573,landslide_report.pdf,Mizoram,GSI-REVIEW-001909,"{""geodesic"":false,""type"":""Point"",""coordinates"":[92.9445743796554,24.19269277003991]}"
00000000000000000199_0,,,Aizawl,Aizawl,233.98773,GSI-F990DA45E563,0.7,landslide,8 km wast of Tipaimukh,missing_event_date,false,false,33.88557,Slide number: MZ/AIZ/83D16/2016/125 | State: Mizoram | District: Aizawl | Location: 8 km wast of Tipaimukh | Latitude: 24.193061 | Longitude: 92.992877 | Material: Rock | Movement: Slide | History: NA,573,landslide_report.pdf,Mizoram,GSI-REVIEW-001910,"{""geodesic"":false,""type"":""Point"",""coordinates"":[92.99281391041264,24.192962264625145]}"
0000000000000000019b_0,,,Aizawl,Aizawl,565.76227,GSI-63463681125D,0.7,landslide,N. Of New Vervek,missing_event_date,false,false,37.95307,Slide number: MZ/AIZ/83D16/2016/109 | State: Mizoram | District: Aizawl | Location: N. Of New Vervek | Latitude: 24.194015 | Longitude: 92.944562 | Material: Rock | Movement: Slide | History: NA,573,landslide_report.pdf,Mizoram,GSI-REVIEW-001912,"{""geodesic"":false,""type"":""Point"",""coordinates"":[92.9445743796554,24.194040242966086]}"
0000000000000000019c_0,,,Aizawl,Aizawl,317.76865,GSI-13F6D805C7C6,0.7,landslide,14km east of New Vervek towards Tipaimukh,missing_event_date,false,false,18.399279,Slide number: MZ/AIZ/83D16/2016/119 | State: Mizoram | District: Aizawl | Location: 14km east of New Vervek towards Tipaimukh | Latitude: 24.194252 | Longitude: 92.963806 | Material: Rock | Movement: Slide | History: NA,573,landslide_report.pdf,Mizoram,GSI-REVIEW-001913,"{""geodesic"":false,""type"":""Point"",""coordinates"":[92.96370849520716,24.194309737551322]}"
0000000000000000019d_0,,,Aizawl,Aizawl,570.6056,GSI-F54571521A21,0.7,landslide,N. Of New Vervek,missing_event_date,false,false,33.22693,Slide number: MZ/AIZ/83D16/2016/111 | State: Mizoram | District: Aizawl | Location: N. Of New Vervek | Latitude: 24.197474 | Longitude: 92.947295 | Material: Earth | Movement: Slide | History: 2016,573,landslide_report.pdf,Mizoram,GSI-REVIEW-001914,"{""geodesic"":false,""type"":""Point"",""coordinates"":[92.94726932550778,24.197543672574152]}"
0000000000000000019e_0,,,Aizawl,Aizawl,254.52953,GSI-ACF27E449409,0.7,landslide,towards Tuival R.,missing_event_date,false,false,32.172745,Slide number: MZ/AIZ/83D16/2016/126 | State: Mizoram | District: Aizawl | Location: towards Tuival R. | Latitude: 24.197817 | Longitude: 92.993923 | Material: Rock | Movement: Slide | History: NA,573,landslide_report.pdf,Mizoram,GSI-REVIEW-001915,"{""geodesic"":false,""type"":""Point"",""coordinates"":[92.99389188875357,24.19781316715939]}"
0000000000000000019f_0,,,Aizawl,Aizawl,577.8543,GSI-B0EDDB30DDF5,0.7,landslide,N. Of New Vervek,missing_event_date,false,false,39.02959,Slide number: MZ/AIZ/83D16/2016/112 | State: Mizoram | District: Aizawl | Location: N. Of New Vervek | Latitude: 24.198831 | Longitude: 92.946348 | Material: Rock | Movement: Slide | History: 2016,573,landslide_report.pdf,Mizoram,GSI-REVIEW-001916,"{""geodesic"":false,""type"":""Point"",""coordinates"":[92.94646084175206,24.198891145500333]}"
000000000000000001a1_0,,,Aizawl,Aizawl,261.39377,GSI-A0A158CF2852,0.7,landslide,towards Tuival R.,missing_event_date,false,false,39.8284,Slide number: MZ/AIZ/83D16/2016/123 | State: Mizoram | District: Aizawl | Location: towards Tuival R. | Latitude: 24.199185 | Longitude: 92.992094 | Material: Rock | Movement: Slide | History: NA,573,landslide_report.pdf,Mizoram,GSI-REVIEW-001918,"{""geodesic"":false,""type"":""Point"",""coordinates"":[92.99200542665692,24.199160640085566]}"
000000000000000001a2_0,,,Aizawl,Aizawl,247.02307,GSI-83509BB96648,0.7,landslide,8 km wast of Tipaimukh,missing_event_date,false,false,41.151447,Slide number: MZ/AIZ/83D16/2016/124 | State: Mizoram | District: Aizawl | Location: 8 km wast of Tipaimukh | Latitude: 24.199201 | Longitude: 92.993156 | Material: Rock | Movement: Slide | History: NA,573,landslide_report.pdf,Mizoram,GSI-REVIEW-001919,"{""geodesic"":false,""type"":""Point"",""coordinates"":[92.99308340499786,24.199160640085566]}"
000000000000000001a3_0,,,Aizawl,Aizawl,281.6785,GSI-E37D24612EF6,0.7,landslide,9 km wast of Tipaimukh,missing_event_date,false,false,34.299595,Slide number: MZ/AIZ/83D16/2016/120 | State: Mizoram | District: Aizawl | Location: 9 km wast of Tipaimukh | Latitude: 24.200487 | Longitude: 92.985172 | Material: Rock | Movement: Slide | History: NA,573,landslide_report.pdf,Mizoram,GSI-REVIEW-001921,"{""geodesic"":false,""type"":""Point"",""coordinates"":[92.98526806202602,24.200508113011747]}"
000000000000000001a5_0,,,Aizawl,Aizawl,579.06616,GSI-730ADCF45C53,0.7,landslide,S. Of Sakawrdai,missing_event_date,false,false,35.482533,Slide number: MZ/AIZ/83D16/2016/114 | State: Mizoram | District: Aizawl | Location: S. Of Sakawrdai | Latitude: 24.201154 | Longitude: 92.944079 | Material: Earth | Movement: Slide | History: NA,573,landslide_report.pdf,Mizoram,GSI-REVIEW-001923,"{""geodesic"":false,""type"":""Point"",""coordinates"":[92.94403539048494,24.20104710218222]}"
000000000000000001a6_0,,,Aizawl,Aizawl,690.94196,GSI-35D7502874C9,0.7,landslide,2.6km S of N. Hlimen,missing_event_date,false,false,15.082294,Slide number: MZ/AIZ/83D16/2016/25 | State: Mizoram | District: Aizawl | Location: 2.6km S of N. Hlimen | Latitude: 24.215868 | Longitude: 92.802452 | Material: Rock | Movement: Slide | History: 2016,574,landslide_report.pdf,Mizoram,GSI-REVIEW-001926,"{""geodesic"":false,""type"":""Point"",""coordinates"":[92.80255073323612,24.21586930437019]}"
000000000000000001a7_0,,,Aizawl,Aizawl,681.909,GSI-66401F84A1AC,0.7,landslide,2.5km S of S.Hlimen,missing_event_date,false,false,23.461485,Slide number: MZ/AIZ/83D16/2016/26 | State: Mizoram | District: Aizawl | Location: 2.5km S of S.Hlimen | Latitude: 24.216509 | Longitude: 92.802591 | Material: Rock | Movement: Slide | History: 2016,574,landslide_report.pdf,Mizoram,GSI-REVIEW-001927,"{""geodesic"":false,""type"":""Point"",""coordinates"":[92.80255073323612,24.216408293540663]}"
000000000000000001a8_0,,,Aizawl,Aizawl,596.7351,GSI-4B79419717A6,0.7,landslide,Near Sakawrdai School,missing_event_date,false,false,23.815607,Slide number: MZ/AIZ/83D16/2016/113 | State: Mizoram | District: Aizawl | Location: Near Sakawrdai School | Latitude: 24.218066 | Longitude: 92.951214 | Material: Earth | Movement: Slide | History: 2016,574,landslide_report.pdf,Mizoram,GSI-REVIEW-001929,"{""geodesic"":false,""type"":""Point"",""coordinates"":[92.9513117442863,24.218025261052077]}"
000000000000000001a9_0,,,Aizawl,Aizawl,657.19214,GSI-6C7D63E90AE0,0.7,landslide,S. Of N.Hlimen,missing_event_date,false,false,34.93466,Slide number: MZ/AIZ/83D16/2016/27 | State: Mizoram | District: Aizawl | Location: S. Of N.Hlimen | Latitude: 24.220596 | Longitude: 92.802961 | Material: Earth | Movement: Slide | History: 2016,574,landslide_report.pdf,Mizoram,GSI-REVIEW-001930,"{""geodesic"":false,""type"":""Point"",""coordinates"":[92.80308972240658,24.220720206904435]}"
000000000000000001aa_0,,,Aizawl,Aizawl,594.2715,GSI-5F8EAAD07570,0.7,landslide,Sakawrdai,missing_event_date,false,false,6.1699057,Slide number: MZ/AIZ/83D16/2016/128 | State: Mizoram | District: Aizawl | Location: Sakawrdai | Latitude: 24.222837 | Longitude: 92.952639 | Material: Earth | Movement: Slide | History: NA,574,landslide_report.pdf,Mizoram,GSI-REVIEW-001931,"{""geodesic"":false,""type"":""Point"",""coordinates"":[92.95265921721249,24.222876163586324]}"
000000000000000001ae_0,,,Aizawl,Aizawl,492.23688,GSI-CB4EB4B788B2,0.7,landslide,East of North Hlimen,missing_event_date,false,false,7.718103,Slide number: MZ/AIZ/83D16/2016/30 | State: Mizoram | District: Aizawl | Location: East of North Hlimen | Latitude: 24.229303 | Longitude: 92.819002 | Material: Earth | Movement: Slide | History: 2015,574,landslide_report.pdf,Mizoram,GSI-REVIEW-001935,"{""geodesic"":false,""type"":""Point"",""coordinates"":[92.8189899029355,24.229344033631982]}"
000000000000000001af_0,,,Aizawl,Aizawl,491.0213,GSI-75450F12DA46,0.7,landslide,East of North Hlimen,missing_event_date,false,false,31.725214,Slide number: MZ/AIZ/83D16/2016/31 | State: Mizoram | District: Aizawl | Location: East of North Hlimen | Latitude: 24.232551 | Longitude: 92.81525 | Material: Earth | Movement: Slide | History: 2015,574,landslide_report.pdf,Mizoram,GSI-REVIEW-001936,"{""geodesic"":false,""type"":""Point"",""coordinates"":[92.8152169787422,24.232577968654812]}"
000000000000000001b0_0,,,Aizawl,Aizawl,581.0172,GSI-22B22134F310,0.7,landslide,E.of Vaitin,missing_event_date,false,false,22.913347,Slide number: MZ/AIZ/83D16/2016/129 | State: Mizoram | District: Aizawl | Location: E.of Vaitin | Latitude: 24.233808 | Longitude: 92.978777 | Material: Earth | Movement: Slide | History: NA,574,landslide_report.pdf,Mizoram,GSI-REVIEW-001937,"{""geodesic"":false,""type"":""Point"",""coordinates"":[92.97880019198037,24.233925441580993]}"
000000000000000001b3_0,,,Aizawl,Aizawl,595.55347,GSI-3471EAEC1560,0.7,landslide,Sakawrdai - N. Khawdungsei Rd,missing_event_date,false,false,34.372353,Slide number: MZ/AIZ/83D16/2016/133 | State: Mizoram | District: Aizawl | Location: Sakawrdai - N. Khawdungsei Rd | Latitude: 24.240415 | Longitude: 92.941421 | Material: Rock | Movement: Slide | History: 2016,574,landslide_report.pdf,Mizoram,GSI-REVIEW-001945,"{""geodesic"":false,""type"":""Point"",""coordinates"":[92.94134044463259,24.240393311626654]}"
000000000000000001b7_0,,,Aizawl,Aizawl,701.96967,GSI-D7C09F5DDF60,0.7,landslide,Zohmun-Sakawrdai road section,missing_event_date,false,false,26.50202,Slide number: MZ/AIZ/83D15/2020/7 | State: Mizoram | District: Aizawl | Slide name: Zohmun-Sakawrdai section slide | Location: Zohmun-Sakawrdai road section | Latitude: 24.26 | Longitude: 92.96 | Material: Rock | Movement: Slide | History: 2019,574,landslide_report.pdf,Mizoram,GSI-REVIEW-001958,"{""geodesic"":false,""type"":""Point"",""coordinates"":[92.95993557101386,24.26006641634887]}"
000000000000000001b8_0,,,Aizawl,Aizawl,962.4757,GSI-E9486C200BED,0.7,landslide,Palsang-Zohmun PMGSY road section,missing_event_date,false,false,18.844599,Slide number: MZ/AIZ/83D15/2020/8 | State: Mizoram | District: Aizawl | Slide name: Palsang-Zohmun slide | Location: Palsang-Zohmun PMGSY road section | Latitude: 24.29 | Longitude: 92.95 | Material: Rock | Movement: Slide | History: 2019,575,landslide_report.pdf,Mizoram,GSI-REVIEW-001969,"{""geodesic"":false,""type"":""Point"",""coordinates"":[92.94996427136013,24.28998031531005]}"
000000000000000001b9_0,,,Aizawl,Aizawl,842.8616,GSI-652BA130C12E,0.7,landslide,Tinghmun-Zohmun road section,missing_event_date,false,false,41.849537,Slide number: MZ/AIZ/83D15/2020/9 | State: Mizoram | District: Aizawl | Slide name: Tinghmun-Zohmun section slide | Location: Tinghmun-Zohmun road section | Latitude: 24.29 | Longitude: 92.96 | Material: Rock | Movement: Slide | History: 2019,575,landslide_report.pdf,Mizoram,GSI-REVIEW-001970,"{""geodesic"":false,""type"":""Point"",""coordinates"":[92.95993557101386,24.28998031531005]}"
000000000000000001bb_0,,,Aizawl,Aizawl,132.68701,GSI-1CC47914E83B,0.7,landslide,Saipum-Tuirial dam- Mauchhar road section,missing_event_date,false,false,27.234755,Slide number: MZ/AIZ/83D15/2020/2 | State: Mizoram | District: Aizawl | Slide name: Saipum-Tuirial dam slide 2 | Location: Saipum-Tuirial dam- Mauchhar road section | Latitude: 24.37 | Longitude: 92.9 | Material: Rock | Movement: Slide | History: 2019,576,landslide_report.pdf,Mizoram,GSI-REVIEW-002001,"{""geodesic"":false,""type"":""Point"",""coordinates"":[92.90010777309149,24.3700202071251]}"
000000000000000001bd_0,,,Aizawl,Aizawl,31.7547,GSI-8470783AD0AD,0.7,landslide,Saipum-Tuirial dam- Mauchhar road section,missing_event_date,false,false,14.93656,Slide number: MZ/AIZ/83D15/2020/4 | State: Mizoram | District: Aizawl | Slide name: Saipum-Tuirial dam slide 4 | Location: Saipum-Tuirial dam- Mauchhar road section | Latitude: 24.37 | Longitude: 92.89 | Material: Rock | Movement: Slide | History: 2019,576,landslide_report.pdf,Mizoram,GSI-REVIEW-002003,"{""geodesic"":false,""type"":""Point"",""coordinates"":[92.88986697885254,24.3700202071251]}"
00000000000000000208_0,,,Aizawl,Aizawl,995.2405,GSI-503A5EF01A0E,0.7,landslide,"Thiak, Aizawl",missing_event_date,false,false,31.402918,"Slide number: MZ/AZL/84A11/2024/096 | State: Mizoram | District: Aizawl | Location: Thiak, Aizawl | Latitude: 23.47388889 | Longitude: 92.70972222 | Material: Earth | Movement: Slide | History: Septemebr 2023",579,landslide_report.pdf,Mizoram,GSI-REVIEW-002093,"{""geodesic"":false,""type"":""Point"",""coordinates"":[92.70984459591497,23.473950711215878]}"
0000000000000000001a_0,,,Aizawl,Aizawl,1261.9648,GSI-19BF18ED9ED9,0.7,rockfall,"1.2km Southeast of Samsuih, SH- Aizawl-Thenzawl-Lunglei Road",missing_event_date,false,false,41.865463,"Slide number: MZ/SER/84A11/2017/149 | State: Mizoram | District: Aizawl | Location: 1.2km Southeast of Samsuih, SH- Aizawl-Thenzawl-Lunglei Road | Latitude: 23.467262 | Longitude: 92.740634 | Material: Rock | Movement: Fall | History: NA",547,landslide_report.pdf,Mizoram,GSI-REVIEW-001109,"{""geodesic"":false,""type"":""Point"",""coordinates"":[92.74056697863186,23.46721334658498]}"
0000000000000000006e_0,,,Aizawl,Aizawl,687.6811,GSI-AFA040D665AB,0.7,rockfall,Zero point Lui quarry along Seling- Keifang road,missing_event_date,false,false,37.00942,Slide number: MZ/AIZ/84A14/2015/81 | State: Mizoram | District: Aizawl | Location: Zero point Lui quarry along Seling- Keifang road | Latitude: 23.716125 | Longitude: 92.866156 | Material: Rock | Movement: Fall | History: NA,559,landslide_report.pdf,Mizoram,GSI-REVIEW-001425,"{""geodesic"":false,""type"":""Point"",""coordinates"":[92.86615145535178,23.716226343342914]}"
00000000000000000075_0,,,Aizawl,Aizawl,771.5474,GSI-C0838DF0C233,0.7,rockfall,2.7 km SE of seling on SH Seling- Champhai road.,missing_event_date,false,false,11.401863,Slide number: MZ/AIZ/84A14/2015/88 | State: Mizoram | District: Aizawl | Location: 2.7 km SE of seling on SH Seling- Champhai road. | Latitude: 23.719306 | Longitude: 92.869058 | Material: Rock | Movement: Fall | History: NA,559,landslide_report.pdf,Mizoram,GSI-REVIEW-001433,"{""geodesic"":false,""type"":""Point"",""coordinates"":[92.86911589578938,23.71919078378051]}"
00000000000000000082_0,,,Aizawl,Aizawl,778.722,GSI-8772E0CC745A,0.7,rockfall,Seling village on NH 54,missing_event_date,false,false,29.674873,Slide number: MZ/AIZ/84A14/2015/82 | State: Mizoram | District: Aizawl | Location: Seling village on NH 54 | Latitude: 23.727472 | Longitude: 92.85265 | Material: Rock | Movement: Fall | History: NA,560,landslide_report.pdf,Mizoram,GSI-REVIEW-001447,"{""geodesic"":false,""type"":""Point"",""coordinates"":[92.85267672608998,23.72754511592282]}"
000000000000000000ac_0,,,Aizawl,Aizawl,804.8188,GSI-6757484AA695,0.7,rockfall,~700 m N of Sesawng,missing_event_date,false,false,33.32262,Slide number: MIZ/AIZ/84A13/2016/46 | State: Mizoram | District: Aizawl | Location: ~700 m N of Sesawng | Latitude: 23.760222 | Longitude: 92.848167 | Material: Rock | Movement: Fall | History: NA,562,landslide_report.pdf,Mizoram,GSI-REVIEW-001506,"{""geodesic"":false,""type"":""Point"",""coordinates"":[92.84809531814098,23.760153960736357]}"
000000000000000000cf_0,,,Aizawl,Aizawl,432.85947,GSI-4B23ACDFE581,0.7,rockfall,~ 10-15 m from previous location,missing_event_date,false,false,38.290867,Slide number: MIZ/AIZ/84A13/2016/38 | State: Mizoram | District: Aizawl | Location: ~ 10-15 m from previous location | Latitude: 23.822086 | Longitude: 92.826497 | Material: Rock | Movement: Fall | History: 2016,564,landslide_report.pdf,Mizoram,GSI-REVIEW-001582,"{""geodesic"":false,""type"":""Point"",""coordinates"":[92.82653575132211,23.822137715340606]}"
000000000000000000d2_0,,,Aizawl,Aizawl,458.79117,GSI-D40584A75846,0.7,rockfall,~200 m from previous location,missing_event_date,false,false,8.105251,Slide number: MIZ/AIZ/84A13/2016/39 | State: Mizoram | District: Aizawl | Location: ~200 m from previous location | Latitude: 23.824586 | Longitude: 92.825019 | Material: Rock | Movement: Fall | History: 2016,564,landslide_report.pdf,Mizoram,GSI-REVIEW-001585,"{""geodesic"":false,""type"":""Point"",""coordinates"":[92.82491878381069,23.824563166607728]}"
000000000000000000db_0,,,Aizawl,Aizawl,1841.9666,GSI-26A05E636EB9,0.7,rockfall,"near Vanzao, ~400m from previous location",missing_event_date,false,false,14.516918,"Slide number: MIZ/AIZ/84A13/2016/5 | State: Mizoram | District: Aizawl | Location: near Vanzao, ~400m from previous location | Latitude: 23.844165 | Longitude: 92.930006 | Material: Rock | Movement: Fall | History: 2016",565,landslide_report.pdf,Mizoram,GSI-REVIEW-001602,"{""geodesic"":false,""type"":""Point"",""coordinates"":[92.93002167205267,23.844236271329944]}"
000000000000000000e7_0,,,Aizawl,Aizawl,1241.2965,GSI-38DD0339C434,0.7,rockfall,Near View point on Siphir- Serkhan road,missing_event_date,false,false,19.69265,Slide number: MIZ/AIZ/84A09/2016/52 | State: Mizoram | District: Aizawl | Location: Near View point on Siphir- Serkhan road | Latitude: 23.852722 | Longitude: 92.743306 | Material: Rock | Movement: Fall | History: 2016,565,landslide_report.pdf,Mizoram,GSI-REVIEW-001619,"{""geodesic"":false,""type"":""Point"",""coordinates"":[92.74326192448423,23.852590603472255]}"
000000000000000000f1_0,,,Aizawl,Aizawl,1244.4644,GSI-2E51C4BF0D2D,0.7,rockfall,"~1km from Lungdai, on Silchar Road (Siphir-Serkhan section)",missing_event_date,false,false,39.08351,"Slide number: MIZ/AIZ/84A09/2016/53 | State: Mizoram | District: Aizawl | Location: ~1km from Lungdai, on Silchar Road (Siphir-Serkhan section) | Latitude: 23.868917 | Longitude: 92.735472 | Material: Rock | Movement: Fall | History: 2016",566,landslide_report.pdf,Mizoram,GSI-REVIEW-001642,"{""geodesic"":false,""type"":""Point"",""coordinates"":[92.73544658151239,23.869029773171643]}"
000000000000000000f8_0,,,Aizawl,Aizawl,618.68787,GSI-5691933FAE56,0.7,rockfall,Near Lengpui-NH 54 junction,missing_event_date,false,false,25.233227,Slide number: MIZ/AIZ/84A09/2016/92 | State: Mizoram | District: Aizawl | Location: Near Lengpui-NH 54 junction | Latitude: 23.88 | Longitude: 92.69 | Material: Rock | Movement: Fall | History: 2016,566,landslide_report.pdf,Mizoram,GSI-REVIEW-001658,"{""geodesic"":false,""type"":""Point"",""coordinates"":[92.68990199660753,23.880079051166312]}"
00000000000000000131_0,,,Aizawl,Aizawl,291.808,GSI-D4788453BFC7,0.7,rockfall,Near bridge(PHED Kawnpui water supply gate),missing_event_date,false,false,40.03711,Slide number: MIZ/AIZ/84A09/2016/108 | State: Mizoram | District: Aizawl | Location: Near bridge(PHED Kawnpui water supply gate) | Latitude: 23.965889 | Longitude: 92.682278 | Material: Rock | Movement: Fall | History: 2016,569,landslide_report.pdf,Mizoram,GSI-REVIEW-001748,"{""geodesic"":false,""type"":""Point"",""coordinates"":[92.68235614822092,23.965778329271316]}"
00000000000000000150_0,,,Aizawl,Aizawl,1020.9678,GSI-DA174DA826F6,0.7,rockfall,5.8km north of Darlawn,missing_event_date,false,false,42.068512,Slide number: MZ/AIZ/83D16/2016/76 | State: Mizoram | District: Aizawl | Location: 5.8km north of Darlawn | Latitude: 24.025506 | Longitude: 92.915628 | Material: Rock | Movement: Fall | History: 2016,570,landslide_report.pdf,Mizoram,GSI-REVIEW-001803,"{""geodesic"":false,""type"":""Point"",""coordinates"":[92.91573845903517,24.025606127193676]}"
00000000000000000153_0,,,Aizawl,Aizawl,1029.153,GSI-EE295BCDB321,0.7,rockfall,5km N. Of Darlawn,missing_event_date,false,false,40.121128,Slide number: MZ/AIZ/83D16/2016/74 | State: Mizoram | District: Aizawl | Location: 5km N. Of Darlawn | Latitude: 24.026556 | Longitude: 92.911915 | Material: Rock | Movement: Fall | History: 2016,571,landslide_report.pdf,Mizoram,GSI-REVIEW-001807,"{""geodesic"":false,""type"":""Point"",""coordinates"":[92.91196553484187,24.02668410553462]}"
0000000000000000015d_0,,,Aizawl,Aizawl,863.08264,GSI-CA745B591256,0.7,rockfall,Turial road,missing_event_date,false,false,42.46101,Slide number: MZ/AIZ/83D16/2016/70 | State: Mizoram | District: Aizawl | Location: Turial road | Latitude: 24.039744 | Longitude: 92.780045 | Material: Rock | Movement: Fall | History: 2016,571,landslide_report.pdf,Mizoram,GSI-REVIEW-001820,"{""geodesic"":false,""type"":""Point"",""coordinates"":[92.7799131880763,24.03961984562594]}"
000000000000000001a0_0,,,Aizawl,Aizawl,250.72336,GSI-9A16D0A0D9A4,0.7,rockfall,towards Tuival R.,missing_event_date,false,false,43.09477,Slide number: MZ/AIZ/83D16/2016/122 | State: Mizoram | District: Aizawl | Location: towards Tuival R. | Latitude: 24.199114 | Longitude: 92.992916 | Material: Rock | Movement: Fall | History: 2016,573,landslide_report.pdf,Mizoram,GSI-REVIEW-001917,"{""geodesic"":false,""type"":""Point"",""coordinates"":[92.99281391041264,24.199160640085566]}"
000000000000000001ec_0,02-10-2023,02-10-2023,Aizawl,Aizawl,793.0229,GSI-44F3FDAF1B26,0.9,debris_slide,"Melriat, Aizawl",,false,false,37.43932,"Slide number: MZ/AZL/84A10/2024/055 | State: Mizoram | District: Aizawl | Location: Melriat, Aizawl | Latitude: 23.64638889 | Longitude: 92.72638889 | Material: Debris | Movement: Slide | History: 02 October 2023",578,landslide_report.pdf,Mizoram,GSI-REVIEW-002065,"{""geodesic"":false,""type"":""Point"",""coordinates"":[92.72628376561437,23.646427245766827]}"
00000000000000000008_0,08-09-2007,08-09-2007,Aizawl,Aizawl,1105.7648,GSI-BE3339520D0D,0.9,debris_slide,Zembawk slide,,false,false,21.86138,Slide number: MIZO/AIZ/84A10/2007/E-1 | State: Mizoram | District: Aizawl | Slide name: Zembawk slide | Latitude: 23.406389 | Longitude: 92.75325 | Material: Debris | Movement: Slide | History: 08.09.2007 at night,542,landslide_report.pdf,Mizoram,GSI-REVIEW-000998,"{""geodesic"":false,""type"":""Point"",""coordinates"":[92.75323322413796,23.40630757032168]}"
000000000000000000a7_0,08-09-2007,08-09-2007,Aizawl,Aizawl,941.6093,GSI-52A18485175F,0.9,debris_slide,Bawng Venglai slide,possible_duplicate,false,false,31.507668,Slide number: MIZO/AIZ/84A10/2007/E-3 | State: Mizoram | District: Aizawl | Slide name: Bawng Venglai slide | Latitude: 23.751694 | Longitude: 92.731528 | Material: Debris | Movement: Slide | History: 8 September 2007,562,landslide_report.pdf,Mizoram,GSI-REVIEW-001499,"{""geodesic"":false,""type"":""Point"",""coordinates"":[92.73140416273385,23.751799628594046]}"
0000000000000000009a_0,08-09-2007,08-09-2007,Aizawl,Aizawl,811.9264,GSI-27BB88446FF2,0.9,landslide,Ramhlun Vengther slide,possible_duplicate,false,false,32.140755,Slide number: MIZO/AIZ/84A10/2007/E-4 | State: Mizoram | District: Aizawl | Slide name: Ramhlun Vengther slide | Latitude: 23.744167 | Longitude: 92.730472 | Material: Rock | Movement: Slide | History: 2 September and 8 September 2007,561,landslide_report.pdf,Mizoram,GSI-REVIEW-001479,"{""geodesic"":false,""type"":""Point"",""coordinates"":[92.73059567897815,23.74425378020744]}"
000000000000000001d4_0,28-05-2024,28-05-2024,Aizawl,Aizawl,977.66943,GSI-6CDC6C820018,0.9,debris_flow,"Mission Vengthlang, Aizawl",possible_duplicate,false,false,45.265297,"Slide number: MZ/AZL/84A10/2024/024 | State: Mizoram | District: Aizawl | Location: Mission Vengthlang, Aizawl | Latitude: 23.71446389 | Longitude: 92.71146389 | Material: Debris | Movement: Flow | History: 28 May 2024",577,landslide_report.pdf,Mizoram,GSI-REVIEW-002041,"{""geodesic"":false,""type"":""Point"",""coordinates"":[92.7114615634264,23.71433988124626]}"
000000000000000001e4_0,28-05-2024,28-05-2024,Aizawl,Aizawl,1022.10767,GSI-3893C9C47E0B,0.9,debris_flow,"Kulikawn, Aizawl",possible_duplicate,false,false,40.527004,"Slide number: MZ/AZL/84A10/2024/047 | State: Mizoram | District: Aizawl | Location: Kulikawn, Aizawl | Latitude: 23.70666667 | Longitude: 92.71444444 | Material: Debris | Movement: Flow | History: 28 May 2024",578,landslide_report.pdf,Mizoram,GSI-REVIEW-002057,"{""geodesic"":false,""type"":""Point"",""coordinates"":[92.71442600386399,23.70679403285966]}"
00000000000000000206_0,28-05-2024,28-05-2024,Aizawl,Aizawl,1127.4921,GSI-F16EDE85F146,0.9,debris_flow,"Thiak, Aizawl",possible_duplicate,false,false,28.792852,"Slide number: MZ/AZL/84A11/2024/094 | State: Mizoram | District: Aizawl | Location: Thiak, Aizawl | Latitude: 23.46805556 | Longitude: 92.71638889 | Material: Debris | Movement: Flow | History: 28 May 2024",579,landslide_report.pdf,Mizoram,GSI-REVIEW-002091,"{""geodesic"":false,""type"":""Point"",""coordinates"":[92.71631246596064,23.46802183034069]}"
0000000000000000020c_0,28-05-2024,28-05-2024,Aizawl,Aizawl,872.74695,GSI-8CA368AE4FCE,0.9,debris_flow,Sateek,possible_duplicate,false,false,29.669523,Slide number: MZ/AZL/84A10/2024/101 | State: Mizoram | District: Aizawl | Location: Sateek | Latitude: 23.54166667 | Longitude: 92.70194444 | Material: Debris | Movement: Flow | History: 28 May 2024,579,landslide_report.pdf,Mizoram,GSI-REVIEW-002097,"{""geodesic"":false,""type"":""Point"",""coordinates"":[92.70202925294313,23.54159385211008]}"
0000000000000000020e_0,28-05-2024,28-05-2024,Aizawl,Aizawl,986.65106,GSI-45467D8A0A00,0.9,debris_flow,Phulpui,possible_duplicate,false,false,23.256268,Slide number: MZ/AZL/84A10/2024/103 | State: Mizoram | District: Aizawl | Location: Phulpui | Latitude: 23.52944444 | Longitude: 92.72944444 | Material: Debris | Movement: Flow | History: 28 May 2024,579,landslide_report.pdf,Mizoram,GSI-REVIEW-002099,"{""geodesic"":false,""type"":""Point"",""coordinates"":[92.7295177006372,23.529466595774466]}"
000000000000000001c0_0,28-05-2024,28-05-2024,Aizawl,Aizawl,1033.5159,GSI-B0B086D2F21C,0.9,debris_slide,"Luangmual, Aizawl",possible_duplicate,false,false,24.56905,"Slide number: MZ/AZL/84A10/2024/001 | State: Mizoram | District: Aizawl | Location: Luangmual, Aizawl | Latitude: 23.73888889 | Longitude: 92.69638889 | Material: Debris | Movement: Slide | History: 28 May 2024",577,landslide_report.pdf,Mizoram,GSI-REVIEW-002021,"{""geodesic"":false,""type"":""Point"",""coordinates"":[92.69636986665319,23.738863888502724]}"
000000000000000001c2_0,28-05-2024,28-05-2024,Aizawl,Aizawl,918.5583,GSI-DF59AE38E0BB,0.9,debris_slide,"Luangmual, Aizawl",possible_duplicate,false,false,31.945171,"Slide number: MZ/AZL/84A10/2024/004 | State: Mizoram | District: Aizawl | Location: Luangmual, Aizawl | Latitude: 23.74066667 | Longitude: 92.69336111 | Material: Debris | Movement: Slide | History: 28 May 2024",577,landslide_report.pdf,Mizoram,GSI-REVIEW-002023,"{""geodesic"":false,""type"":""Point"",""coordinates"":[92.69340542621559,23.740750350599377]}"
000000000000000001c3_0,28-05-2024,28-05-2024,Aizawl,Aizawl,991.9926,GSI-50DB02C46C23,0.9,debris_slide,"Mizoram Law College, Luangmual, Aizawl",possible_duplicate,false,false,39.950672,"Slide number: MZ/AZL/84A10/2024/005 | State: Mizoram | District: Aizawl | Location: Mizoram Law College, Luangmual, Aizawl | Latitude: 23.7385748 | Longitude: 92.6941941 | Material: Debris | Movement: Slide | History: 28 May 2024",577,landslide_report.pdf,Mizoram,GSI-REVIEW-002024,"{""geodesic"":false,""type"":""Point"",""coordinates"":[92.6942139099713,23.738594393917488]}"
000000000000000001c4_0,28-05-2024,28-05-2024,Aizawl,Aizawl,963.6835,GSI-C363AD36D42F,0.9,debris_slide,"R Romawia (L) Chawlhhmun, Aizawl",possible_duplicate,false,false,30.366638,"Slide number: MZ/AZL/84A10/2024/006 | State: Mizoram | District: Aizawl | Location: R Romawia (L) Chawlhhmun, Aizawl | Latitude: 23.74472222 | Longitude: 92.69277778 | Material: Debris | Movement: Slide | History: 28 May 2024",577,landslide_report.pdf,Mizoram,GSI-REVIEW-002025,"{""geodesic"":false,""type"":""Point"",""coordinates"":[92.69286643704513,23.744792769377913]}"
000000000000000001c5_0,28-05-2024,28-05-2024,Aizawl,Aizawl,942.4092,GSI-69E284AA9B25,0.9,debris_slide,"Luangmual, Aizawl",possible_duplicate,false,false,32.97195,"Slide number: MZ/AZL/84A10/2024/007 | State: Mizoram | District: Aizawl | Location: Luangmual, Aizawl | Latitude: 23.74116667 | Longitude: 92.69455556 | Material: Debris | Movement: Slide | History: 28 May 2024",577,landslide_report.pdf,Mizoram,GSI-REVIEW-002026,"{""geodesic"":false,""type"":""Point"",""coordinates"":[92.69448340455654,23.741289339769846]}"
000000000000000001c6_0,28-05-2024,28-05-2024,Aizawl,Aizawl,978.6163,GSI-FAFDADCD5B41,0.9,debris_slide,"Luangmual - Ainawn road, Aizawl",possible_duplicate,false,false,32.732292,"Slide number: MZ/AZL/84A10/2024/008 | State: Mizoram | District: Aizawl | Location: Luangmual - Ainawn road, Aizawl | Latitude: 23.7375 | Longitude: 92.69444444 | Material: Debris | Movement: Slide | History: 28 May 2024",577,landslide_report.pdf,Mizoram,GSI-REVIEW-002027,"{""geodesic"":false,""type"":""Point"",""coordinates"":[92.69448340455654,23.737516415576547]}"
000000000000000001ca_0,28-05-2024,28-05-2024,Aizawl,Aizawl,895.03955,GSI-673E0E40285F,0.9,debris_slide,"Zonuam, Aizawl",possible_duplicate,false,false,39.69148,"Slide number: MZ/AZL/84A10/2024/014 | State: Mizoram | District: Aizawl | Location: Zonuam, Aizawl | Latitude: 23.73305556 | Longitude: 92.69944444 | Material: Debris | Movement: Slide | History: 28 May 2024",577,landslide_report.pdf,Mizoram,GSI-REVIEW-002031,"{""geodesic"":false,""type"":""Point"",""coordinates"":[92.69933430709078,23.732935007627535]}"
000000000000000001cb_0,28-05-2024,28-05-2024,Aizawl,Aizawl,619.3022,GSI-E26678D1122F,0.9,debris_slide,"Zonuam, Aizawl",possible_duplicate,false,false,25.39768,"Slide number: MZ/AZL/84A10/2024/015 | State: Mizoram | District: Aizawl | Location: Zonuam, Aizawl | Latitude: 23.74972222 | Longitude: 92.69833333 | Material: Debris | Movement: Slide | History: 28 May 2024",577,landslide_report.pdf,Mizoram,GSI-REVIEW-002032,"{""geodesic"":false,""type"":""Point"",""coordinates"":[92.69825632874984,23.74964367191216]}"
000000000000000001cc_0,28-05-2024,28-05-2024,Aizawl,Aizawl,870.78674,GSI-B43A083BB04A,0.9,debris_slide,"Chawnpui, Aizawl",possible_duplicate,false,false,23.057755,"Slide number: MZ/AZL/84A10/2024/016 | State: Mizoram | District: Aizawl | Location: Chawnpui, Aizawl | Latitude: 23.73111111 | Longitude: 92.70222222 | Material: Debris | Movement: Slide | History: 28 May 2024",577,landslide_report.pdf,Mizoram,GSI-REVIEW-002033,"{""geodesic"":false,""type"":""Point"",""coordinates"":[92.70229874752837,23.731048545530886]}"
000000000000000001cd_0,28-05-2024,28-05-2024,Aizawl,Aizawl,870.07874,GSI-1CCF831003C3,0.9,debris_slide,"Chawnpui, Aizawl",possible_duplicate,false,false,6.1937475,"Slide number: MZ/AZL/84A10/2024/017 | State: Mizoram | District: Aizawl | Location: Chawnpui, Aizawl | Latitude: 23.73111111 | Longitude: 92.70388889 | Material: Debris | Movement: Slide | History: 28 May 2024",577,landslide_report.pdf,Mizoram,GSI-REVIEW-002034,"{""geodesic"":false,""type"":""Point"",""coordinates"":[92.70391571503978,23.731048545530886]}"
000000000000000001ce_0,28-05-2024,28-05-2024,Aizawl,Aizawl,939.668,GSI-9184F0C3FFDF,0.9,debris_slide,"Chawnpui, Aizawl",possible_duplicate,false,false,13.067658,"Slide number: MZ/AZL/84A10/2024/018 | State: Mizoram | District: Aizawl | Location: Chawnpui, Aizawl | Latitude: 23.73333333 | Longitude: 92.70527778 | Material: Debris | Movement: Slide | History: 28 May 2024",577,landslide_report.pdf,Mizoram,GSI-REVIEW-002035,"{""geodesic"":false,""type"":""Point"",""coordinates"":[92.70526318796597,23.73320450221277]}"
000000000000000001d0_0,28-05-2024,28-05-2024,Aizawl,Aizawl,998.9243,GSI-817F267FD426,0.9,debris_slide,"Zonuam, Aizawl",possible_duplicate,false,false,19.043037,"Slide number: MZ/AZL/84A10/2024/020 | State: Mizoram | District: Aizawl | Location: Zonuam, Aizawl | Latitude: 23.73583333 | Longitude: 92.69777778 | Material: Debris | Movement: Slide | History: 28 May 2024",577,landslide_report.pdf,Mizoram,GSI-REVIEW-002037,"{""geodesic"":false,""type"":""Point"",""coordinates"":[92.69771733957937,23.73589944806513]}"
000000000000000001d1_0,28-05-2024,28-05-2024,Aizawl,Aizawl,871.5911,GSI-4B8019CF5E8C,0.9,debris_slide,"Kanaan Cemetery, Aizawl",possible_duplicate,false,false,26.222622,"Slide number: MZ/AZL/84A10/2024/021 | State: Mizoram | District: Aizawl | Location: Kanaan Cemetery, Aizawl | Latitude: 23.73132778 | Longitude: 92.70821944 | Material: Debris | Movement: Slide | History: 28 May 2024",577,landslide_report.pdf,Mizoram,GSI-REVIEW-002038,"{""geodesic"":false,""type"":""Point"",""coordinates"":[92.70822762840356,23.731318040116122]}"
000000000000000001d2_0,28-05-2024,28-05-2024,Aizawl,Aizawl,995.7129,GSI-BD427A4EBD27,0.9,debris_slide,"MINECO, Aizawl",possible_duplicate,false,false,30.360292,"Slide number: MZ/AZL/84A10/2024/022 | State: Mizoram | District: Aizawl | Location: MINECO, Aizawl | Latitude: 23.72428333 | Longitude: 92.70737778 | Material: Debris | Movement: Slide | History: 28 May 2024",577,landslide_report.pdf,Mizoram,GSI-REVIEW-002039,"{""geodesic"":false,""type"":""Point"",""coordinates"":[92.70741914464786,23.72431118089999]}"
000000000000000001d3_0,28-05-2024,28-05-2024,Aizawl,Aizawl,961.9148,GSI-E85886CA1F19,0.9,debris_slide,"Bungkawn, Aizawl",possible_duplicate,false,false,36.482353,"Slide number: MZ/AZL/84A10/2024/023 | State: Mizoram | District: Aizawl | Location: Bungkawn, Aizawl | Latitude: 23.72276944 | Longitude: 92.70665 | Material: Debris | Movement: Slide | History: 28 May 2024",577,landslide_report.pdf,Mizoram,GSI-REVIEW-002040,"{""geodesic"":false,""type"":""Point"",""coordinates"":[92.70661066089215,23.722694213388575]}"
000000000000000001d5_0,28-05-2024,28-05-2024,Aizawl,Aizawl,870.8703,GSI-0E0D4DA68E76,0.9,debris_slide,"MSVT to Reiek Road, Aizawl",possible_duplicate,false,false,30.396166,"Slide number: MZ/AZL/84A10/2024/025 | State: Mizoram | District: Aizawl | Location: MSVT to Reiek Road, Aizawl | Latitude: 23.71581111 | Longitude: 92.70935 | Material: Debris | Movement: Slide | History: 28 May 2024",577,landslide_report.pdf,Mizoram,GSI-REVIEW-002042,"{""geodesic"":false,""type"":""Point"",""coordinates"":[92.70930560674451,23.71568735417244]}"
000000000000000001d8_0,28-05-2024,28-05-2024,Aizawl,Aizawl,900.2009,GSI-941735FB04D2,0.9,debris_slide,"Nursery Veng, Aizawl",possible_duplicate,false,false,30.47099,"Slide number: MZ/AZL/84A10/2024/030 | State: Mizoram | District: Aizawl | Location: Nursery Veng, Aizawl | Latitude: 23.71721667 | Longitude: 92.70777778 | Material: Debris | Movement: Slide | History: 28 May 2024",577,landslide_report.pdf,Mizoram,GSI-REVIEW-002045,"{""geodesic"":false,""type"":""Point"",""coordinates"":[92.7076886392331,23.717304321683855]}"
000000000000000001d9_0,28-05-2024,28-05-2024,Aizawl,Aizawl,989.91406,GSI-A39BA6331578,0.9,debris_slide,"Mission Vengthlang, Aizawl",possible_duplicate,false,false,26.360243,"Slide number: MZ/AZL/84A10/2024/032 | State: Mizoram | District: Aizawl | Location: Mission Vengthlang, Aizawl | Latitude: 23.71305556 | Longitude: 92.70895833 | Material: Debris | Movement: Slide | History: 28 May 2024",577,landslide_report.pdf,Mizoram,GSI-REVIEW-002046,"{""geodesic"":false,""type"":""Point"",""coordinates"":[92.70903611215927,23.712992408320083]}"
000000000000000001da_0,28-05-2024,28-05-2024,Aizawl,Aizawl,1008.74646,GSI-26112817FB39,0.9,debris_slide,"Model Veng, Aizawl",possible_duplicate,false,false,20.176754,"Slide number: MZ/AZL/84A10/2024/033 | State: Mizoram | District: Aizawl | Location: Model Veng, Aizawl | Latitude: 23.71523056 | Longitude: 92.71529167 | Material: Debris | Movement: Slide | History: 28 May 2024",577,landslide_report.pdf,Mizoram,GSI-REVIEW-002047,"{""geodesic"":false,""type"":""Point"",""coordinates"":[92.7152344876197,23.71514836500197]}"
000000000000000001dd_0,28-05-2024,28-05-2024,Aizawl,Aizawl,962.7834,GSI-C4DAD3982A39,0.9,debris_slide,"Mission Veng, Aizawl",possible_duplicate,false,false,28.398184,"Slide number: MZ/AZL/84A10/2024/037 | State: Mizoram | District: Aizawl | Location: Mission Veng, Aizawl | Latitude: 23.71638889 | Longitude: 92.72111111 | Material: Debris | Movement: Slide | History: 28 May 2024",577,landslide_report.pdf,Mizoram,GSI-REVIEW-002050,"{""geodesic"":false,""type"":""Point"",""coordinates"":[92.72116336849489,23.71649583792815]}"
000000000000000001de_0,28-05-2024,28-05-2024,Aizawl,Aizawl,837.0311,GSI-A394678034F0,0.9,debris_slide,"Salem Veng, Aizawl",possible_duplicate,false,false,26.43432,"Slide number: MZ/AZL/84A10/2024/038 | State: Mizoram | District: Aizawl | Location: Salem Veng, Aizawl | Latitude: 23.71444444 | Longitude: 92.72861111 | Material: Debris | Movement: Slide | History: 28 May 2024",577,landslide_report.pdf,Mizoram,GSI-REVIEW-002051,"{""geodesic"":false,""type"":""Point"",""coordinates"":[92.72870921688148,23.71433988124626]}"
000000000000000001e0_0,28-05-2024,28-05-2024,Aizawl,Aizawl,874.3225,GSI-77C496930F68,0.9,debris_slide,"Salem Veng cemetery, Aizawl",possible_duplicate,false,false,16.965242,"Slide number: MZ/AZL/84A10/2024/041 | State: Mizoram | District: Aizawl | Location: Salem Veng cemetery, Aizawl | Latitude: 23.71571389 | Longitude: 92.72659722 | Material: Debris | Movement: Slide | History: 28 May 2024",577,landslide_report.pdf,Mizoram,GSI-REVIEW-002053,"{""geodesic"":false,""type"":""Point"",""coordinates"":[92.72655326019961,23.71568735417244]}"
000000000000000001e1_0,28-05-2024,28-05-2024,Aizawl,Aizawl,966.4041,GSI-6B224ED08FCF,0.9,debris_slide,"Venghnuai, Aizawl",possible_duplicate,false,false,34.421223,"Slide number: MZ/AZL/84A10/2024/042 | State: Mizoram | District: Aizawl | Location: Venghnuai, Aizawl | Latitude: 23.7104 | Longitude: 92.72237778 | Material: Debris | Movement: Slide | History: 28 May 2024",577,landslide_report.pdf,Mizoram,GSI-REVIEW-002054,"{""geodesic"":false,""type"":""Point"",""coordinates"":[92.72251084142107,23.710297462467725]}"
000000000000000001e2_0,28-05-2024,28-05-2024,Aizawl,Aizawl,956.07086,GSI-A63B2D2541D3,0.9,debris_slide,"Kulikawn cemetery, Aizawl",possible_duplicate,false,false,20.743769,"Slide number: MZ/AZL/84A10/2024/045 | State: Mizoram | District: Aizawl | Location: Kulikawn cemetery, Aizawl | Latitude: 23.71 | Longitude: 92.71611111 | Material: Debris | Movement: Slide | History: 28 May 2024",578,landslide_report.pdf,Mizoram,GSI-REVIEW-002055,"{""geodesic"":false,""type"":""Point"",""coordinates"":[92.7160429713754,23.71002796788249]}"
000000000000000001e5_0,28-05-2024,28-05-2024,Aizawl,Aizawl,1073.0775,GSI-D39B25C0DBFD,0.9,debris_slide,"Tlangnuam, Aizawl",possible_duplicate,false,false,37.23579,"Slide number: MZ/AZL/84A10/2024/048 | State: Mizoram | District: Aizawl | Location: Tlangnuam, Aizawl | Latitude: 23.70527778 | Longitude: 92.71138889 | Material: Debris | Movement: Slide | History: 28 May 2024",578,landslide_report.pdf,Mizoram,GSI-REVIEW-002058,"{""geodesic"":false,""type"":""Point"",""coordinates"":[92.7114615634264,23.70517706534824]}"
000000000000000001e7_0,28-05-2024,28-05-2024,Aizawl,Aizawl,1035.8177,GSI-89505F7283FA,0.9,debris_slide,"Tlangnuam Vengthar, Aizawl",possible_duplicate,false,false,31.873482,"Slide number: MZ/AZL/84A10/2024/050 | State: Mizoram | District: Aizawl | Location: Tlangnuam Vengthar, Aizawl | Latitude: 23.70027778 | Longitude: 92.71611111 | Material: Debris | Movement: Slide | History: 28 May 2024",578,landslide_report.pdf,Mizoram,GSI-REVIEW-002060,"{""geodesic"":false,""type"":""Point"",""coordinates"":[92.7160429713754,23.700326162813997]}"
000000000000000001e8_0,28-05-2024,28-05-2024,Aizawl,Aizawl,1004.57086,GSI-92AFF2064DDE,0.9,debris_slide,"Tlangnuam Vengthar, Aizawl",possible_duplicate,false,false,42.169872,"Slide number: MZ/AZL/84A10/2024/051 | State: Mizoram | District: Aizawl | Location: Tlangnuam Vengthar, Aizawl | Latitude: 23.69972222 | Longitude: 92.71694444 | Material: Debris | Movement: Slide | History: 28 May 2024",578,landslide_report.pdf,Mizoram,GSI-REVIEW-002061,"{""geodesic"":false,""type"":""Point"",""coordinates"":[92.7168514551311,23.699787173643525]}"
000000000000000001e9_0,28-05-2024,28-05-2024,Aizawl,Aizawl,904.45886,GSI-87CD128A1015,0.9,debris_slide,"Trinity Hospital, Silaimual, Aizawl",possible_duplicate,false,false,35.602955,"Slide number: MZ/AZL/84A10/2024/052 | State: Mizoram | District: Aizawl | Location: Trinity Hospital, Silaimual, Aizawl | Latitude: 23.68027778 | Longitude: 92.72472222 | Material: Debris | Movement: Slide | History: 28 May 2024",578,landslide_report.pdf,Mizoram,GSI-REVIEW-002062,"{""geodesic"":false,""type"":""Point"",""coordinates"":[92.72466679810296,23.680383563506545]}"
000000000000000001ea_0,28-05-2024,28-05-2024,Aizawl,Aizawl,1033.8506,GSI-0D1AFDDFC231,0.9,debris_slide,"Melthum to Hualngohmun Road, Aizawl",possible_duplicate,false,false,46.927006,"Slide number: MZ/AZL/84A10/2024/053 | State: Mizoram | District: Aizawl | Location: Melthum to Hualngohmun Road, Aizawl | Latitude: 23.67805556 | Longitude: 92.72 | Material: Debris | Movement: Slide | History: 28 May 2024",578,landslide_report.pdf,Mizoram,GSI-REVIEW-002063,"{""geodesic"":false,""type"":""Point"",""coordinates"":[92.72008539015394,23.67795811223942]}"
000000000000000001ed_0,28-05-2024,28-05-2024,Aizawl,Aizawl,830.7539,GSI-7BEAA54047E7,0.9,debris_slide,"Melriat, Aizawl",possible_duplicate,false,false,29.421131,"Slide number: MZ/AZL/84A10/2024/056 | State: Mizoram | District: Aizawl | Location: Melriat, Aizawl | Latitude: 23.64638889 | Longitude: 92.72527778 | Material: Debris | Movement: Slide | History: 28 May 2024",578,landslide_report.pdf,Mizoram,GSI-REVIEW-002066,"{""geodesic"":false,""type"":""Point"",""coordinates"":[92.72520578727342,23.646427245766827]}"
000000000000000001ee_0,28-05-2024,28-05-2024,Aizawl,Aizawl,868.8638,GSI-18796AAA831D,0.9,debris_slide,Kelsih,possible_duplicate,false,false,22.802174,Slide number: MZ/AZL/84A10/2024/057 | State: Mizoram | District: Aizawl | Location: Kelsih | Latitude: 23.63111111 | Longitude: 92.72388889 | Material: Debris | Movement: Slide | History: 28 May 2024,578,landslide_report.pdf,Mizoram,GSI-REVIEW-002067,"{""geodesic"":false,""type"":""Point"",""coordinates"":[92.72385831434724,23.631066054408382]}"
000000000000000001ef_0,28-05-2024,28-05-2024,Aizawl,Aizawl,800.3417,GSI-0FDDE43D0627,0.9,debris_slide,"Falkawn, Aizawl",possible_duplicate,false,false,19.570282,"Slide number: MZ/AZL/84A10/2024/059 | State: Mizoram | District: Aizawl | Location: Falkawn, Aizawl | Latitude: 23.62833333 | Longitude: 92.72333333 | Material: Debris | Movement: Slide | History: 28 May 2024",578,landslide_report.pdf,Mizoram,GSI-REVIEW-002068,"{""geodesic"":false,""type"":""Point"",""coordinates"":[92.72331932517677,23.628371108556024]}"
000000000000000001f0_0,28-05-2024,28-05-2024,Aizawl,Aizawl,810.1245,GSI-DCEFAD2C19F8,0.9,debris_slide,"Falkawn, Aizawl",possible_duplicate,false,false,17.743774,"Slide number: MZ/AZL/84A10/2024/060 | State: Mizoram | District: Aizawl | Location: Falkawn, Aizawl | Latitude: 23.62277778 | Longitude: 92.72444444 | Material: Debris | Movement: Slide | History: 28 May 2024",578,landslide_report.pdf,Mizoram,GSI-REVIEW-002069,"{""geodesic"":false,""type"":""Point"",""coordinates"":[92.72439730351772,23.62271172226607]}"
000000000000000001f1_0,28-05-2024,28-05-2024,Aizawl,Aizawl,811.6982,GSI-CAC0D54AB3F6,0.9,debris_slide,"Falkawn, Aizawl",possible_duplicate,false,false,36.561874,"Slide number: MZ/AZL/84A10/2024/061 | State: Mizoram | District: Aizawl | Location: Falkawn, Aizawl | Latitude: 23.62194444 | Longitude: 92.72305556 | Material: Debris | Movement: Slide | History: 28 May 2024",578,landslide_report.pdf,Mizoram,GSI-REVIEW-002070,"{""geodesic"":false,""type"":""Point"",""coordinates"":[92.72304983059153,23.621903238510363]}"
000000000000000001f2_0,28-05-2024,28-05-2024,Aizawl,Aizawl,813.07135,GSI-351BA989622D,0.9,debris_slide,"Falkawn, Aizawl",possible_duplicate,false,false,28.005249,"Slide number: MZ/AZL/84A10/2024/062 | State: Mizoram | District: Aizawl | Location: Falkawn, Aizawl | Latitude: 23.62083333 | Longitude: 92.7225 | Material: Debris | Movement: Slide | History: 28 May 2024",578,landslide_report.pdf,Mizoram,GSI-REVIEW-002071,"{""geodesic"":false,""type"":""Point"",""coordinates"":[92.72251084142107,23.62082526016942]}"
000000000000000001f3_0,28-05-2024,28-05-2024,Aizawl,Aizawl,830.00604,GSI-6DD32557C183,0.9,debris_slide,"Falkawn, Aizawl",possible_duplicate,false,false,36.2255,"Slide number: MZ/AZL/84A10/2024/063 | State: Mizoram | District: Aizawl | Location: Falkawn, Aizawl | Latitude: 23.61916667 | Longitude: 92.7225 | Material: Debris | Movement: Slide | History: 28 May 2024",578,landslide_report.pdf,Mizoram,GSI-REVIEW-002072,"{""geodesic"":false,""type"":""Point"",""coordinates"":[92.72251084142107,23.619208292658005]}"
000000000000000001f4_0,28-05-2024,28-05-2024,Aizawl,Aizawl,813.6624,GSI-0BAECF136B55,0.9,debris_slide,"Falkawn vengthar, Aizawl",possible_duplicate,false,false,28.479858,"Slide number: MZ/AZL/84A10/2024/065 | State: Mizoram | District: Aizawl | Location: Falkawn vengthar, Aizawl | Latitude: 23.61972222 | Longitude: 92.72527778 | Material: Debris | Movement: Slide | History: 28 May 2024",578,landslide_report.pdf,Mizoram,GSI-REVIEW-002073,"{""geodesic"":false,""type"":""Point"",""coordinates"":[92.72520578727342,23.619747281828477]}"
000000000000000001f5_0,28-05-2024,28-05-2024,Aizawl,Aizawl,783.59546,GSI-D9FA12BC54B3,0.9,debris_slide,"Falkawn vengthar, Aizawl",possible_duplicate,false,false,25.047754,"Slide number: MZ/AZL/84A10/2024/066 | State: Mizoram | District: Aizawl | Location: Falkawn vengthar, Aizawl | Latitude: 23.62027778 | Longitude: 92.72555556 | Material: Debris | Movement: Slide | History: 28 May 2024",578,landslide_report.pdf,Mizoram,GSI-REVIEW-002074,"{""geodesic"":false,""type"":""Point"",""coordinates"":[92.72547528185866,23.62028627099895]}"
000000000000000001f6_0,28-05-2024,28-05-2024,Aizawl,Aizawl,773.07477,GSI-A7EC40B27E14,0.9,debris_slide,"Falkawn vengthar, Aizawl",possible_duplicate,false,false,28.106693,"Slide number: MZ/AZL/84A10/2024/067 | State: Mizoram | District: Aizawl | Location: Falkawn vengthar, Aizawl | Latitude: 23.62027778 | Longitude: 92.72611111 | Material: Debris | Movement: Slide | History: 28 May 2024",578,landslide_report.pdf,Mizoram,GSI-REVIEW-002075,"{""geodesic"":false,""type"":""Point"",""coordinates"":[92.72601427102913,23.62028627099895]}"
000000000000000001f7_0,28-05-2024,28-05-2024,Aizawl,Aizawl,790.643,GSI-13641064FB74,0.9,debris_slide,"Falkawn vengthar, Aizawl",possible_duplicate,false,false,27.328007,"Slide number: MZ/AZL/84A10/2024/068 | State: Mizoram | District: Aizawl | Location: Falkawn vengthar, Aizawl | Latitude: 23.62111111 | Longitude: 92.72444444 | Material: Debris | Movement: Slide | History: 28 May 2024",578,landslide_report.pdf,Mizoram,GSI-REVIEW-002076,"{""geodesic"":false,""type"":""Point"",""coordinates"":[92.72439730351772,23.621094754754655]}"
000000000000000001f8_0,28-05-2024,28-05-2024,Aizawl,Aizawl,990.1457,GSI-C0BF00B26A5A,0.9,debris_slide,"Hlimen, Aizawl",possible_duplicate,false,false,34.393677,"Slide number: MZ/AZL/84A10/2024/071 | State: Mizoram | District: Aizawl | Location: Hlimen, Aizawl | Latitude: 23.67583333 | Longitude: 92.715 | Material: Debris | Movement: Slide | History: 28 May 2024",578,landslide_report.pdf,Mizoram,GSI-REVIEW-002077,"{""geodesic"":false,""type"":""Point"",""coordinates"":[92.71496499303446,23.675802155557534]}"
000000000000000001f9_0,28-05-2024,28-05-2024,Aizawl,Aizawl,998.64935,GSI-2B73869CA8A6,0.9,debris_slide,"Hlimen, Aizawl",possible_duplicate,false,false,27.617992,"Slide number: MZ/AZL/84A10/2024/073 | State: Mizoram | District: Aizawl | Location: Hlimen, Aizawl | Latitude: 23.67444444 | Longitude: 92.71472222 | Material: Debris | Movement: Slide | History: 28 May 2024",578,landslide_report.pdf,Mizoram,GSI-REVIEW-002078,"{""geodesic"":false,""type"":""Point"",""coordinates"":[92.71469549844923,23.674454682631357]}"
000000000000000001fa_0,28-05-2024,28-05-2024,Aizawl,Aizawl,991.07214,GSI-EDA0D1945547,0.9,debris_slide,"Hlimen, Aizawl",possible_duplicate,false,false,17.68661,"Slide number: MZ/AZL/84A10/2024/074 | State: Mizoram | District: Aizawl | Location: Hlimen, Aizawl | Latitude: 23.67388889 | Longitude: 92.71472222 | Material: Debris | Movement: Slide | History: 28 May 2024",578,landslide_report.pdf,Mizoram,GSI-REVIEW-002079,"{""geodesic"":false,""type"":""Point"",""coordinates"":[92.71469549844923,23.673915693460884]}"
000000000000000001fb_0,28-05-2024,28-05-2024,Aizawl,Aizawl,992.4957,GSI-A155AA281641,0.9,debris_slide,"Hlimen, Aizawl",possible_duplicate,false,false,9.578943,"Slide number: MZ/AZL/84A10/2024/075 | State: Mizoram | District: Aizawl | Location: Hlimen, Aizawl | Latitude: 23.672069 | Longitude: 92.7099293 | Material: Debris | Movement: Slide | History: 28 May 2024",578,landslide_report.pdf,Mizoram,GSI-REVIEW-002080,"{""geodesic"":false,""type"":""Point"",""coordinates"":[92.70984459591497,23.67202923136423]}"
000000000000000001fc_0,28-05-2024,28-05-2024,Aizawl,Aizawl,1034.2816,GSI-73E4CB44402F,0.9,debris_slide,"Hlimen, Aizawl",possible_duplicate,false,false,23.48625,"Slide number: MZ/AZL/84A10/2024/076 | State: Mizoram | District: Aizawl | Location: Hlimen, Aizawl | Latitude: 23.684301 | Longitude: 92.715511 | Material: Debris | Movement: Slide | History: 28 May 2024",578,landslide_report.pdf,Mizoram,GSI-REVIEW-002081,"{""geodesic"":false,""type"":""Point"",""coordinates"":[92.71550398220494,23.68442598228508]}"
000000000000000001fd_0,28-05-2024,28-05-2024,Aizawl,Aizawl,868.70276,GSI-08320A29519A,0.9,debris_slide,"World Bank Road, Kulikawn East, Aizawl",possible_duplicate,false,false,37.066418,"Slide number: MZ/AZL/84A10/2024/077 | State: Mizoram | District: Aizawl | Location: World Bank Road, Kulikawn East, Aizawl | Latitude: 23.70638889 | Longitude: 92.72055556 | Material: Debris | Movement: Slide | History: 28 May 2024",578,landslide_report.pdf,Mizoram,GSI-REVIEW-002082,"{""geodesic"":false,""type"":""Point"",""coordinates"":[92.72062437932442,23.706255043689186]}"
000000000000000001ff_0,28-05-2024,28-05-2024,Aizawl,Aizawl,864.7319,GSI-CAC2B937E08C,0.9,debris_slide,"World Bank Road, Aizawl",possible_duplicate,false,false,34.407845,"Slide number: MZ/AZL/84A10/2024/082 | State: Mizoram | District: Aizawl | Location: World Bank Road, Aizawl | Latitude: 23.69 | Longitude: 92.72361111 | Material: Debris | Movement: Slide | History: 28 May 2024",578,landslide_report.pdf,Mizoram,GSI-REVIEW-002084,"{""geodesic"":false,""type"":""Point"",""coordinates"":[92.72358881976201,23.690085368575033]}"
00000000000000000200_0,28-05-2024,28-05-2024,Aizawl,Aizawl,908.74927,GSI-7645385A1AD7,0.9,debris_slide,"World Bank Road, Aizawl",possible_duplicate,false,false,36.04996,"Slide number: MZ/AZL/84A10/2024/083 | State: Mizoram | District: Aizawl | Location: World Bank Road, Aizawl | Latitude: 23.68361111 | Longitude: 92.72277778 | Material: Debris | Movement: Slide | History: 28 May 2024",578,landslide_report.pdf,Mizoram,GSI-REVIEW-002085,"{""geodesic"":false,""type"":""Point"",""coordinates"":[92.7227803360063,23.683617498529376]}"
00000000000000000201_0,28-05-2024,28-05-2024,Aizawl,Aizawl,943.522,GSI-82BF38393B86,0.9,debris_slide,Aizawl-Thenzawl-Lunglei Highway,possible_duplicate,false,false,36.884335,Slide number: MZ/AZL/84A10/2024/085 | State: Mizoram | District: Aizawl | Location: Aizawl-Thenzawl-Lunglei Highway | Latitude: 23.67138889 | Longitude: 92.72361111 | Material: Debris | Movement: Slide | History: 28 May 2024,578,landslide_report.pdf,Mizoram,GSI-REVIEW-002086,"{""geodesic"":false,""type"":""Point"",""coordinates"":[92.72358881976201,23.671490242193762]}"
00000000000000000202_0,28-05-2024,28-05-2024,Aizawl,Aizawl,829.4226,GSI-3B2E36CAECA0,0.9,debris_slide,Aizawl-Thenzawl-Lunglei Highway,possible_duplicate,false,false,36.380432,Slide number: MZ/AZL/84A10/2024/087 | State: Mizoram | District: Aizawl | Location: Aizawl-Thenzawl-Lunglei Highway | Latitude: 23.66666667 | Longitude: 92.72388889 | Material: Debris | Movement: Slide | History: 28 May 2024,579,landslide_report.pdf,Mizoram,GSI-REVIEW-002087,"{""geodesic"":false,""type"":""Point"",""coordinates"":[92.72385831434724,23.666639339659515]}"
00000000000000000203_0,28-05-2024,28-05-2024,Aizawl,Aizawl,840.1431,GSI-9EADCE6400C7,0.9,debris_slide,"Kelsih, Aizawl",possible_duplicate,false,false,37.753746,"Slide number: MZ/AZL/84A10/2024/091 | State: Mizoram | District: Aizawl | Location: Kelsih, Aizawl | Latitude: 23.635 | Longitude: 92.72361111 | Material: Debris | Movement: Slide | History: 28 May 2024",579,landslide_report.pdf,Mizoram,GSI-REVIEW-002088,"{""geodesic"":false,""type"":""Point"",""coordinates"":[92.72358881976201,23.63510847318692]}"
00000000000000000204_0,28-05-2024,28-05-2024,Aizawl,Aizawl,1506.3326,GSI-843D49D0F5C9,0.9,debris_slide,"Chamring to Hmuifang Road, Aizawl",possible_duplicate,false,false,23.186897,"Slide number: MZ/AZL/84A15/2024/092 | State: Mizoram | District: Aizawl | Location: Chamring to Hmuifang Road, Aizawl | Latitude: 23.43277778 | Longitude: 92.76111111 | Material: Debris | Movement: Slide | History: 28 May 2024",579,landslide_report.pdf,Mizoram,GSI-REVIEW-002089,"{""geodesic"":false,""type"":""Point"",""coordinates"":[92.7610485671098,23.432718039674793]}"
00000000000000000205_0,28-05-2024,28-05-2024,Aizawl,Aizawl,1320.3474,GSI-FB0A66FE611A,0.9,debris_slide,"Midum Kham, Sumsuih",,false,false,52.771084,"Slide number: MZ/AZL/84A10/2024/093 | State: Mizoram | District: Aizawl | Location: Midum Kham, Sumsuih | Latitude: 23.46777778 | Longitude: 92.74111111 | Material: Debris | Movement: Slide | History: 28 May 2024",579,landslide_report.pdf,Mizoram,GSI-REVIEW-002090,"{""geodesic"":false,""type"":""Point"",""coordinates"":[92.74110596780234,23.467752335755453]}"
00000000000000000209_0,28-05-2024,28-05-2024,Aizawl,Aizawl,901.2278,GSI-0751DB697037,0.9,debris_slide,Thiak to Maubuang,possible_duplicate,false,false,27.545454,Slide number: MZ/AZL/84A11/2024/098 | State: Mizoram | District: Aizawl | Location: Thiak to Maubuang | Latitude: 23.49722222 | Longitude: 92.70333333 | Material: Debris | Movement: Slide | History: 28 May 2024,579,landslide_report.pdf,Mizoram,GSI-REVIEW-002094,"{""geodesic"":false,""type"":""Point"",""coordinates"":[92.70337672586932,23.49712724554616]}"
0000000000000000020a_0,28-05-2024,28-05-2024,Aizawl,Aizawl,780.7276,GSI-981B4E23F369,0.9,debris_slide,Maubuang to Sateek,possible_duplicate,false,false,38.097084,Slide number: MZ/AZL/84A10/2024/099 | State: Mizoram | District: Aizawl | Location: Maubuang to Sateek | Latitude: 23.51361111 | Longitude: 92.69833333 | Material: Debris | Movement: Slide | History: 28 May 2024,579,landslide_report.pdf,Mizoram,GSI-REVIEW-002095,"{""geodesic"":false,""type"":""Point"",""coordinates"":[92.69825632874984,23.51356641524555]}"
0000000000000000020b_0,28-05-2024,28-05-2024,Aizawl,Aizawl,857.4564,GSI-D0243A00AED3,0.9,debris_slide,Sateek,possible_duplicate,false,false,35.170982,Slide number: MZ/AZL/84A10/2024/100 | State: Mizoram | District: Aizawl | Location: Sateek | Latitude: 23.53666667 | Longitude: 92.6975 | Material: Debris | Movement: Slide | History: 28 May 2024,579,landslide_report.pdf,Mizoram,GSI-REVIEW-002096,"{""geodesic"":false,""type"":""Point"",""coordinates"":[92.69744784499413,23.53674294957583]}"
0000000000000000020f_0,28-05-2024,28-05-2024,Aizawl,Aizawl,988.6404,GSI-2F0F2D5C5F4C,0.9,debris_slide,Phulpui,possible_duplicate,false,false,31.728056,Slide number: MZ/AZL/84A10/2024/104 | State: Mizoram | District: Aizawl | Location: Phulpui | Latitude: 23.53083333 | Longitude: 92.73055556 | Material: Debris | Movement: Slide | History: 28 May 2024,579,landslide_report.pdf,Mizoram,GSI-REVIEW-002100,"{""geodesic"":false,""type"":""Point"",""coordinates"":[92.73059567897815,23.530814068700643]}"
00000000000000000210_0,28-05-2024,28-05-2024,Aizawl,Aizawl,1045.5695,GSI-C246BD6781D1,0.9,debris_slide,Phulpui,possible_duplicate,false,false,35.010017,Slide number: MZ/AZL/84A10/2024/105 | State: Mizoram | District: Aizawl | Location: Phulpui | Latitude: 23.53111111 | Longitude: 92.73361111 | Material: Debris | Movement: Slide | History: 28 May 2024,579,landslide_report.pdf,Mizoram,GSI-REVIEW-002101,"{""geodesic"":false,""type"":""Point"",""coordinates"":[92.73356011941574,23.53108356328588]}"
00000000000000000211_0,28-05-2024,28-05-2024,Aizawl,Aizawl,1056.5875,GSI-360573093303,0.9,debris_slide,Phulpui,possible_duplicate,false,false,37.67446,Slide number: MZ/AZL/84A10/2024/106 | State: Mizoram | District: Aizawl | Location: Phulpui | Latitude: 23.53083333 | Longitude: 92.73333333 | Material: Debris | Movement: Slide | History: 28 May 2024,579,landslide_report.pdf,Mizoram,GSI-REVIEW-002102,"{""geodesic"":false,""type"":""Point"",""coordinates"":[92.7332906248305,23.530814068700643]}"
00000000000000000212_0,28-05-2024,28-05-2024,Aizawl,Aizawl,834.4668,GSI-A7D6E021B8EC,0.9,debris_slide,Aibawk,possible_duplicate,false,false,40.013462,Slide number: MZ/AZL/84A10/2024/107 | State: Mizoram | District: Aizawl | Location: Aibawk | Latitude: 23.56388889 | Longitude: 92.70805556 | Material: Debris | Movement: Slide | History: 28 May 2024,579,landslide_report.pdf,Mizoram,GSI-REVIEW-002103,"{""geodesic"":false,""type"":""Point"",""coordinates"":[92.70795813381832,23.563961902684653]}"
00000000000000000213_0,28-05-2024,28-05-2024,Aizawl,Aizawl,839.70953,GSI-A5FCE1D34E2C,0.9,debris_slide,Aibawk,possible_duplicate,false,false,39.05741,Slide number: MZ/AZL/84A10/2024/108 | State: Mizoram | District: Aizawl | Location: Aibawk | Latitude: 23.56416667 | Longitude: 92.70805556 | Material: Debris | Movement: Slide | History: 28 May 2024,579,landslide_report.pdf,Mizoram,GSI-REVIEW-002104,"{""geodesic"":false,""type"":""Point"",""coordinates"":[92.70795813381832,23.56423139726989]}"
00000000000000000214_0,28-05-2024,28-05-2024,Aizawl,Aizawl,851.62274,GSI-0911A74BD322,0.9,debris_slide,Aibawk,possible_duplicate,false,false,34.865204,Slide number: MZ/AZL/84A10/2024/109 | State: Mizoram | District: Aizawl | Location: Aibawk | Latitude: 23.565 | Longitude: 92.70777778 | Material: Debris | Movement: Slide | History: 28 May 2024,579,landslide_report.pdf,Mizoram,GSI-REVIEW-002105,"{""geodesic"":false,""type"":""Point"",""coordinates"":[92.7076886392331,23.565039881025598]}"
00000000000000000215_0,28-05-2024,28-05-2024,Aizawl,Aizawl,850.8963,GSI-EB24784E0F22,0.9,debris_slide,Aibawk,possible_duplicate,false,false,25.65067,Slide number: MZ/AZL/84A10/2024/110 | State: Mizoram | District: Aizawl | Location: Aibawk | Latitude: 23.56666667 | Longitude: 92.70888889 | Material: Debris | Movement: Slide | History: 28 May 2024,579,landslide_report.pdf,Mizoram,GSI-REVIEW-002106,"{""geodesic"":false,""type"":""Point"",""coordinates"":[92.70876661757404,23.56665684853701]}"
00000000000000000216_0,28-05-2024,28-05-2024,Aizawl,Aizawl,996.90283,GSI-0593E79EF67E,0.9,debris_slide,"BSUP, Durtlang",possible_duplicate,false,false,21.324865,"Slide number: MZ/AZL/84A09/2024/111 | State: Mizoram | District: Aizawl | Location: BSUP, Durtlang | Latitude: 23.77305556 | Longitude: 92.74361111 | Material: Debris | Movement: Slide | History: 28 May 2024",579,landslide_report.pdf,Mizoram,GSI-REVIEW-002107,"{""geodesic"":false,""type"":""Point"",""coordinates"":[92.74353141906946,23.77308970082768]}"
00000000000000000217_0,28-05-2024,28-05-2024,Aizawl,Aizawl,1115.9095,GSI-D1AC23A4BBB4,0.9,debris_slide,Muthi,possible_duplicate,false,false,28.336641,Slide number: MZ/AZL/84A13/2024/112 | State: Mizoram | District: Aizawl | Location: Muthi | Latitude: 23.77472222 | Longitude: 92.76194444 | Material: Debris | Movement: Slide | History: 28 May 2024,579,landslide_report.pdf,Mizoram,GSI-REVIEW-002108,"{""geodesic"":false,""type"":""Point"",""coordinates"":[92.7618570508655,23.774706668339093]}"
00000000000000000218_0,28-05-2024,28-05-2024,Aizawl,Aizawl,1114.7218,GSI-E6D981EACB91,0.9,debris_slide,Muthi,possible_duplicate,false,false,10.457312,Slide number: MZ/AZL/84A13/2024/113 | State: Mizoram | District: Aizawl | Location: Muthi | Latitude: 23.77361111 | Longitude: 92.76111111 | Material: Debris | Movement: Slide | History: 28 May 2024,579,landslide_report.pdf,Mizoram,GSI-REVIEW-002109,"{""geodesic"":false,""type"":""Point"",""coordinates"":[92.7610485671098,23.77362868999815]}"
00000000000000000219_0,28-05-2024,28-05-2024,Aizawl,Aizawl,948.9174,GSI-AA48006189E1,0.9,debris_slide,"Zuangtui, Aizawl",possible_duplicate,false,false,33.588585,"Slide number: MZ/AZL/84A10/2024/114 | State: Mizoram | District: Aizawl | Location: Zuangtui, Aizawl | Latitude: 23.74861111 | Longitude: 92.73861111 | Material: Debris | Movement: Slide | History: 28 May 2024",579,landslide_report.pdf,Mizoram,GSI-REVIEW-002110,"{""geodesic"":false,""type"":""Point"",""coordinates"":[92.73868051653521,23.748565693571216]}"
0000000000000000021a_0,28-05-2024,28-05-2024,Aizawl,Aizawl,902.3137,GSI-8B62B5AF5417,0.9,debris_slide,Muallungthu,possible_duplicate,false,false,40.62605,Slide number: MZ/AZL/84A10/2024/115 | State: Mizoram | District: Aizawl | Location: Muallungthu | Latitude: 23.61 | Longitude: 92.72083333 | Material: Debris | Movement: Slide | History: 28 May 2024,579,landslide_report.pdf,Mizoram,GSI-REVIEW-002111,"{""geodesic"":false,""type"":""Point"",""coordinates"":[92.72089387390965,23.610045476759986]}"
0000000000000000021b_0,28-05-2024,28-05-2024,Aizawl,Aizawl,762.2424,GSI-A085D845B448,0.9,debris_slide,Tachhip,possible_duplicate,false,false,25.183716,Slide number: MZ/AZL/84A10/2024/117 | State: Mizoram | District: Aizawl | Location: Tachhip | Latitude: 23.5925 | Longitude: 92.71666667 | Material: Debris | Movement: Slide | History: 28 May 2024,579,landslide_report.pdf,Mizoram,GSI-REVIEW-002112,"{""geodesic"":false,""type"":""Point"",""coordinates"":[92.71658196054588,23.592528328719656]}"
0000000000000000021c_0,28-05-2024,28-05-2024,Aizawl,Aizawl,806.7646,GSI-E8693A77BF5E,0.9,debris_slide,Tachhip,possible_duplicate,false,false,29.379118,Slide number: MZ/AZL/84A10/2024/118 | State: Mizoram | District: Aizawl | Location: Tachhip | Latitude: 23.58722222 | Longitude: 92.71361111 | Material: Debris | Movement: Slide | History: 28 May 2024,579,landslide_report.pdf,Mizoram,GSI-REVIEW-002113,"{""geodesic"":false,""type"":""Point"",""coordinates"":[92.71361752010829,23.58713843701494]}"
0000000000000000021d_0,28-05-2024,28-05-2024,Aizawl,Aizawl,912.4954,GSI-AACF9D6F49A7,0.9,debris_slide,Tachhip,possible_duplicate,false,false,19.972237,Slide number: MZ/AZL/84A10/2024/119 | State: Mizoram | District: Aizawl | Location: Tachhip | Latitude: 23.57694444 | Longitude: 92.71305556 | Material: Debris | Movement: Slide | History: 28 May 2024,579,landslide_report.pdf,Mizoram,GSI-REVIEW-002114,"{""geodesic"":false,""type"":""Point"",""coordinates"":[92.7130785309378,23.576897642775975]}"
0000000000000000021f_0,28-05-2024,28-05-2024,Aizawl,Aizawl,919.5479,GSI-42E2B7574326,0.9,debris_slide,Tachhip,possible_duplicate,false,false,34.768883,Slide number: MZ/AZL/84A10/2024/122 | State: Mizoram | District: Aizawl | Location: Tachhip | Latitude: 23.58138889 | Longitude: 92.71416667 | Material: Debris | Movement: Slide | History: 28 May 2024,579,landslide_report.pdf,Mizoram,GSI-REVIEW-002116,"{""geodesic"":false,""type"":""Point"",""coordinates"":[92.71415650927875,23.581479050724983]}"
00000000000000000220_0,28-05-2024,28-05-2024,Aizawl,Aizawl,951.6447,GSI-BE624FD1B92B,0.9,debris_slide,Tachhip,possible_duplicate,false,false,18.98655,Slide number: MZ/AZL/84A10/2024/123 | State: Mizoram | District: Aizawl | Location: Tachhip | Latitude: 23.58694444 | Longitude: 92.7175 | Material: Debris | Movement: Slide | History: 28 May 2024,579,landslide_report.pdf,Mizoram,GSI-REVIEW-002117,"{""geodesic"":false,""type"":""Point"",""coordinates"":[92.71739044430159,23.586868942429703]}"
00000000000000000221_0,28-05-2024,28-05-2024,Aizawl,Aizawl,956.5942,GSI-1152E36B33D3,0.9,debris_slide,Tachhip,possible_duplicate,false,false,22.361248,Slide number: MZ/AZL/84A10/2024/125 | State: Mizoram | District: Aizawl | Location: Tachhip | Latitude: 23.58583333 | Longitude: 92.71638889 | Material: Debris | Movement: Slide | History: 28 May 2024,579,landslide_report.pdf,Mizoram,GSI-REVIEW-002118,"{""geodesic"":false,""type"":""Point"",""coordinates"":[92.71631246596064,23.58579096408876]}"
00000000000000000222_0,28-05-2024,28-05-2024,Aizawl,Aizawl,910.8484,GSI-52D299CBD5AB,0.9,debris_slide,Tachhip,possible_duplicate,false,false,26.606728,Slide number: MZ/AZL/84A10/2024/126 | State: Mizoram | District: Aizawl | Location: Tachhip | Latitude: 23.58638889 | Longitude: 92.71583333 | Material: Debris | Movement: Slide | History: 28 May 2024,579,landslide_report.pdf,Mizoram,GSI-REVIEW-002119,"{""geodesic"":false,""type"":""Point"",""coordinates"":[92.71577347679016,23.58632995325923]}"
00000000000000000223_0,28-05-2024,28-05-2024,Aizawl,Aizawl,741.7041,GSI-109ABEB99616,0.9,debris_slide,Hualngohmun,possible_duplicate,false,false,26.250399,Slide number: MZ/AZL/84A10/2024/127 | State: Mizoram | District: Aizawl | Location: Hualngohmun | Latitude: 23.65388889 | Longitude: 92.72444444 | Material: Debris | Movement: Slide | History: 28 May 2024,579,landslide_report.pdf,Mizoram,GSI-REVIEW-002120,"{""geodesic"":false,""type"":""Point"",""coordinates"":[92.72439730351772,23.65397309415343]}"
00000000000000000224_0,28-05-2024,28-05-2024,Aizawl,Aizawl,868.9869,GSI-A3E794F48053,0.9,debris_slide,Hualngohmun,possible_duplicate,false,false,37.93114,Slide number: MZ/AZL/84A10/2024/128 | State: Mizoram | District: Aizawl | Location: Hualngohmun | Latitude: 23.65416667 | Longitude: 92.71777778 | Material: Debris | Movement: Slide | History: 28 May 2024,579,landslide_report.pdf,Mizoram,GSI-REVIEW-002121,"{""geodesic"":false,""type"":""Point"",""coordinates"":[92.71765993888683,23.654242588738665]}"
00000000000000000226_0,28-05-2024,28-05-2024,Aizawl,Aizawl,858.13855,GSI-1EA9B35891D7,0.9,debris_slide,Melriat to Samtlang road,,false,false,34.91061,Slide number: MZ/AZL/84A10/2024/130 | State: Mizoram | District: Aizawl | Location: Melriat to Samtlang road | Latitude: 23.65416667 | Longitude: 92.69 | Material: Debris | Movement: Slide | History: 28 May 2024,579,landslide_report.pdf,Mizoram,GSI-REVIEW-002123,"{""geodesic"":false,""type"":""Point"",""coordinates"":[92.68990199660753,23.654242588738665]}"
00000000000000000228_0,28-05-2024,28-05-2024,Aizawl,Aizawl,1024.7943,GSI-60E3BEF0ACCF,0.9,debris_slide,N Lungleng,possible_duplicate,false,false,19.10105,Slide number: MZ/AZL/84A10/2024/132 | State: Mizoram | District: Aizawl | Location: N Lungleng | Latitude: 23.66083333 | Longitude: 92.67277778 | Material: Debris | Movement: Slide | History: 28 May 2024,579,landslide_report.pdf,Mizoram,GSI-REVIEW-002125,"{""geodesic"":false,""type"":""Point"",""coordinates"":[92.67265434315243,23.660710458784326]}"
0000000000000000022a_0,28-05-2024,28-05-2024,Aizawl,Aizawl,879.05194,GSI-702030ECD500,0.9,debris_slide,Samtlang Junction,possible_duplicate,false,false,10.554854,Slide number: MZ/AZL/84A10/2024/134 | State: Mizoram | District: Aizawl | Location: Samtlang Junction | Latitude: 23.65861111 | Longitude: 92.70583333 | Material: Debris | Movement: Slide | History: 28 May 2024,579,landslide_report.pdf,Mizoram,GSI-REVIEW-002127,"{""geodesic"":false,""type"":""Point"",""coordinates"":[92.70580217713645,23.65855450210244]}"
0000000000000000022b_0,28-05-2024,28-05-2024,Aizawl,Aizawl,1034.0726,GSI-B33E9DDFF406,0.9,debris_slide,Melthum,possible_duplicate,false,false,40.525566,Slide number: MZ/AZL/84A10/2024/135 | State: Mizoram | District: Aizawl | Location: Melthum | Latitude: 23.68143611 | Longitude: 92.72144167 | Material: Debris | Movement: Slide | History: 28 May 2024,579,landslide_report.pdf,Mizoram,GSI-REVIEW-002128,"{""geodesic"":false,""type"":""Point"",""coordinates"":[92.72143286308012,23.681461541847487]}"
0000000000000000022d_0,28-05-2024,28-05-2024,Aizawl,Aizawl,243.43034,GSI-E05CBED67B18,0.9,debris_slide,Tuirial,possible_duplicate,false,false,28.896936,Slide number: MZ/AZL/84A14/2024/137 | State: Mizoram | District: Aizawl | Location: Tuirial | Latitude: 23.72694444 | Longitude: 92.79527778 | Material: Debris | Movement: Slide | History: 28 May 2024,580,landslide_report.pdf,Mizoram,GSI-REVIEW-002130,"{""geodesic"":false,""type"":""Point"",""coordinates"":[92.79527437943474,23.727006126752347]}"
0000000000000000022e_0,28-05-2024,28-05-2024,Aizawl,Aizawl,251.12328,GSI-3A214A5EE0CB,0.9,debris_slide,Tuirial Airfield,possible_duplicate,false,false,21.656845,Slide number: MZ/AZL/84A14/2024/138 | State: Mizoram | District: Aizawl | Location: Tuirial Airfield | Latitude: 23.73277778 | Longitude: 92.79722222 | Material: Debris | Movement: Slide | History: 28 May 2024,580,landslide_report.pdf,Mizoram,GSI-REVIEW-002131,"{""geodesic"":false,""type"":""Point"",""coordinates"":[92.7971608415314,23.7326655130423]}"
0000000000000000022f_0,28-05-2024,28-05-2024,Aizawl,Aizawl,301.02933,GSI-EA1735D29DAA,0.9,debris_slide,Tuirial Airfield Cemetery,possible_duplicate,false,false,22.876108,Slide number: MZ/AZL/84A14/2024/139 | State: Mizoram | District: Aizawl | Location: Tuirial Airfield Cemetery | Latitude: 23.73416667 | Longitude: 92.79861111 | Material: Debris | Movement: Slide | History: 28 May 2024,580,landslide_report.pdf,Mizoram,GSI-REVIEW-002132,"{""geodesic"":false,""type"":""Point"",""coordinates"":[92.79850831445758,23.734282480553716]}"
00000000000000000230_0,28-05-2024,28-05-2024,Aizawl,Aizawl,358.7603,GSI-16BD3BF8EE34,0.9,debris_slide,Tuirial Airfield,possible_duplicate,false,false,25.434107,Slide number: MZ/AZL/84A14/2024/140 | State: Mizoram | District: Aizawl | Location: Tuirial Airfield | Latitude: 23.74555556 | Longitude: 92.79444444 | Material: Debris | Movement: Slide | History: 28 May 2024,580,landslide_report.pdf,Mizoram,GSI-REVIEW-002133,"{""geodesic"":false,""type"":""Point"",""coordinates"":[92.79446589567904,23.74560125313362]}"
00000000000000000234_0,28-05-2024,28-05-2024,Aizawl,Aizawl,368.3609,GSI-D6B25360590A,0.9,debris_slide,Tuirial Airfield,possible_duplicate,false,false,13.98947,Slide number: MZ/AZL/84A14/2024/145 | State: Mizoram | District: Aizawl | Location: Tuirial Airfield | Latitude: 23.73555556 | Longitude: 92.80027778 | Material: Debris | Movement: Slide | History: 28 May 2024,580,landslide_report.pdf,Mizoram,GSI-REVIEW-002137,"{""geodesic"":false,""type"":""Point"",""coordinates"":[92.80039477655423,23.735629953479894]}"
00000000000000000238_0,28-05-2024,28-05-2024,Aizawl,Aizawl,765.1117,GSI-9ABD5408A980,0.9,debris_slide,Seling to Sesawng,possible_duplicate,false,false,40.999325,Slide number: MZ/AZL/84A14/2024/149 | State: Mizoram | District: Aizawl | Location: Seling to Sesawng | Latitude: 23.73305556 | Longitude: 92.84777778 | Material: Debris | Movement: Slide | History: 28 May 2024,580,landslide_report.pdf,Mizoram,GSI-REVIEW-002141,"{""geodesic"":false,""type"":""Point"",""coordinates"":[92.84782582355574,23.732935007627535]}"
00000000000000000239_0,28-05-2024,28-05-2024,Aizawl,Aizawl,796.23926,GSI-A8F043848B6A,0.9,debris_slide,Sesawng,,false,false,36.831734,Slide number: MZ/AZL/84A13/2024/150 | State: Mizoram | District: Aizawl | Location: Sesawng | Latitude: 23.76083333 | Longitude: 92.8475 | Material: Debris | Movement: Slide | History: 28 May 2024,580,landslide_report.pdf,Mizoram,GSI-REVIEW-002142,"{""geodesic"":false,""type"":""Point"",""coordinates"":[92.8475563289705,23.760962444492066]}"
0000000000000000023a_0,28-05-2024,28-05-2024,Aizawl,Aizawl,970.30884,GSI-152C4EA2FCFE,0.9,debris_slide,Khawruhlian,,false,false,32.672104,Slide number: MZ/AZL/84A13/2024/151 | State: Mizoram | District: Aizawl | Location: Khawruhlian | Latitude: 23.86972222 | Longitude: 92.87611111 | Material: Debris | Movement: Slide | History: 28 May 2024,580,landslide_report.pdf,Mizoram,GSI-REVIEW-002143,"{""geodesic"":false,""type"":""Point"",""coordinates"":[92.8761227550055,23.869838256927352]}"
000000000000000001c1_0,28-05-2024,28-05-2024,Aizawl,Aizawl,1038.0648,GSI-FE2FCBF44457,0.9,landslide,"Luangmual, Aizawl",possible_duplicate,false,false,24.49754,"Slide number: MZ/AZL/84A10/2024/003 | State: Mizoram | District: Aizawl | Location: Luangmual, Aizawl | Latitude: 23.74027778 | Longitude: 92.69722222 | Material: Earth | Movement: Slide | History: 28 May 2024",577,landslide_report.pdf,Mizoram,GSI-REVIEW-002022,"{""geodesic"":false,""type"":""Point"",""coordinates"":[92.69717835040889,23.740211361428905]}"
000000000000000001c7_0,28-05-2024,28-05-2024,Aizawl,Aizawl,896.4446,GSI-F7509731AA59,0.9,landslide,"Ainawn, Aizawl.",possible_duplicate,false,false,25.040918,"Slide number: MZ/AZL/84A10/2024/011 | State: Mizoram | District: Aizawl | Location: Ainawn, Aizawl. | Latitude: 23.73361111 | Longitude: 92.69388889 | Material: Earth | Movement: Slide | History: 28 May 2024",577,landslide_report.pdf,Mizoram,GSI-REVIEW-002028,"{""geodesic"":false,""type"":""Point"",""coordinates"":[92.69394441538607,23.733743491383244]}"
000000000000000001c8_0,28-05-2024,28-05-2024,Aizawl,Aizawl,915.8959,GSI-B7D53F3039FA,0.9,landslide,"Zonuam, Aizawl",possible_duplicate,false,false,31.171926,"Slide number: MZ/AZL/84A10/2024/012 | State: Mizoram | District: Aizawl | Location: Zonuam, Aizawl | Latitude: 23.73472222 | Longitude: 92.695 | Material: Earth | Movement: Slide | History: 28 May 2024",577,landslide_report.pdf,Mizoram,GSI-REVIEW-002029,"{""geodesic"":false,""type"":""Point"",""coordinates"":[92.695022393727,23.73482146972419]}"
000000000000000001d6_0,28-05-2024,28-05-2024,Aizawl,Aizawl,903.5909,GSI-FB2EB766388B,0.9,landslide,"Nursery Veng, Aizawl",possible_duplicate,false,false,32.86529,"Slide number: MZ/AZL/84A10/2024/027 | State: Mizoram | District: Aizawl | Location: Nursery Veng, Aizawl | Latitude: 23.7175 | Longitude: 92.70666667 | Material: Earth | Movement: Slide | History: 28 May 2024",577,landslide_report.pdf,Mizoram,GSI-REVIEW-002043,"{""geodesic"":false,""type"":""Point"",""coordinates"":[92.70661066089215,23.71757381626909]}"
000000000000000001d7_0,28-05-2024,28-05-2024,Aizawl,Aizawl,878.90564,GSI-64E8A767925A,0.9,landslide,"Nursery Veng, Aizawl",possible_duplicate,false,false,35.746193,"Slide number: MZ/AZL/84A10/2024/0028 | State: Mizoram | District: Aizawl | Location: Nursery Veng, Aizawl | Latitude: 23.71740833 | Longitude: 92.70644167 | Material: Earth | Movement: Slide | History: 28 May 2024",577,landslide_report.pdf,Mizoram,GSI-REVIEW-002044,"{""geodesic"":false,""type"":""Point"",""coordinates"":[92.70634116630691,23.717304321683855]}"
000000000000000001dc_0,28-05-2024,28-05-2024,Aizawl,Aizawl,924.3236,GSI-30538BE5B81D,0.9,landslide,"Salem Veng, Aizawl",possible_duplicate,false,false,32.402874,"Slide number: MZ/AZL/84A10/2024/036 | State: Mizoram | District: Aizawl | Location: Salem Veng, Aizawl | Latitude: 23.71138889 | Longitude: 92.72444444 | Material: Earth | Movement: Slide | History: 28 May 2024",577,landslide_report.pdf,Mizoram,GSI-REVIEW-002049,"{""geodesic"":false,""type"":""Point"",""coordinates"":[92.72439730351772,23.711375440808666]}"
000000000000000001e6_0,28-05-2024,28-05-2024,Aizawl,Aizawl,1040.7562,GSI-A879211932C4,0.9,landslide,"Tlangnuam CP Road, Aizawl",possible_duplicate,false,false,34.725147,"Slide number: MZ/AZL/84A10/2024/049 | State: Mizoram | District: Aizawl | Location: Tlangnuam CP Road, Aizawl | Latitude: 23.70416667 | Longitude: 92.71222222 | Material: Earth | Movement: Slide | History: 28 May 2024",578,landslide_report.pdf,Mizoram,GSI-REVIEW-002059,"{""geodesic"":false,""type"":""Point"",""coordinates"":[92.7122700471821,23.7040990870073]}"
000000000000000001eb_0,28-05-2024,28-05-2024,Aizawl,Aizawl,725.53723,GSI-BA6E29113D25,0.9,landslide,"Paikhai, Melriat, Aizawl",possible_duplicate,false,false,19.132145,"Slide number: MZ/AZL/84A10/2024/054 | State: Mizoram | District: Aizawl | Location: Paikhai, Melriat, Aizawl | Latitude: 23.64333333 | Longitude: 92.73444444 | Material: Earth | Movement: Slide | History: 28 May 2024",578,landslide_report.pdf,Mizoram,GSI-REVIEW-002064,"{""geodesic"":false,""type"":""Point"",""coordinates"":[92.73436860317145,23.643462805329232]}"
000000000000000001fe_0,28-05-2024,28-05-2024,Aizawl,Aizawl,877.1941,GSI-2F5F6FCA7898,0.9,landslide,"World Bank Road, Aizawl",possible_duplicate,false,false,46.07313,"Slide number: MZ/AZL/84A10/2024/078 | State: Mizoram | District: Aizawl | Location: World Bank Road, Aizawl | Latitude: 23.70416667 | Longitude: 92.72 | Material: Rock | Movement: Slide | History: 28 May 2024",578,landslide_report.pdf,Mizoram,GSI-REVIEW-002083,"{""geodesic"":false,""type"":""Point"",""coordinates"":[92.72008539015394,23.7040990870073]}"
00000000000000000207_0,28-05-2024,28-05-2024,Aizawl,Aizawl,1070.9539,GSI-06654A8BFF1C,0.9,landslide,"Thiak, Aizawl",possible_duplicate,false,false,20.467003,"Slide number: MZ/AZL/84A11/2024/095 | State: Mizoram | District: Aizawl | Location: Thiak, Aizawl | Latitude: 23.4725 | Longitude: 92.71444444 | Material: Earth | Movement: Slide | History: 28 May 2024",579,landslide_report.pdf,Mizoram,GSI-REVIEW-002092,"{""geodesic"":false,""type"":""Point"",""coordinates"":[92.71442600386399,23.4726032382897]}"
0000000000000000020d_0,28-05-2024,28-05-2024,Aizawl,Aizawl,905.5173,GSI-FED823C5A258,0.9,landslide,Sateek,possible_duplicate,false,false,44.05865,Slide number: MZ/AZL/84A10/2024/102 | State: Mizoram | District: Aizawl | Location: Sateek | Latitude: 23.54277778 | Longitude: 92.70333333 | Material: Earth | Movement: Slide | History: 28 May 2024,579,landslide_report.pdf,Mizoram,GSI-REVIEW-002098,"{""geodesic"":false,""type"":""Point"",""coordinates"":[92.70337672586932,23.54267183045102]}"
0000000000000000021e_0,28-05-2024,28-05-2024,Aizawl,Aizawl,926.3034,GSI-CFA3A2B7892A,0.9,landslide,Tachhip,possible_duplicate,false,false,11.029922,Slide number: MZ/AZL/84A10/2024/121 | State: Mizoram | District: Aizawl | Location: Tachhip | Latitude: 23.58027778 | Longitude: 92.715 | Material: Earth | Movement: Slide | History: 28 May 2024,579,landslide_report.pdf,Mizoram,GSI-REVIEW-002115,"{""geodesic"":false,""type"":""Point"",""coordinates"":[92.71496499303446,23.580401072384042]}"
00000000000000000225_0,28-05-2024,28-05-2024,Aizawl,Aizawl,860.23114,GSI-20E7BD05FF6A,0.9,landslide,Melriat to Samtlang road,possible_duplicate,false,false,24.874784,Slide number: MZ/AZL/84A10/2024/129 | State: Mizoram | District: Aizawl | Location: Melriat to Samtlang road | Latitude: 23.655 | Longitude: 92.71444444 | Material: Rock | Movement: Slide | History: 28 May 2024,579,landslide_report.pdf,Mizoram,GSI-REVIEW-002122,"{""geodesic"":false,""type"":""Point"",""coordinates"":[92.71442600386399,23.655051072494373]}"
00000000000000000227_0,28-05-2024,28-05-2024,Aizawl,Aizawl,1014.00415,GSI-53B686AAB12B,0.9,landslide,N Lungleng,possible_duplicate,false,false,16.18634,Slide number: MZ/AZL/84A10/2024/131 | State: Mizoram | District: Aizawl | Location: N Lungleng | Latitude: 23.66055556 | Longitude: 92.67277778 | Material: Earth | Movement: Slide | History: 28 May 2024,579,landslide_report.pdf,Mizoram,GSI-REVIEW-002124,"{""geodesic"":false,""type"":""Point"",""coordinates"":[92.67265434315243,23.66044096419909]}"
00000000000000000229_0,28-05-2024,28-05-2024,Aizawl,Aizawl,952.14233,GSI-A72CE0AF13F8,0.9,landslide,N Lungleng,possible_duplicate,false,false,13.477937,Slide number: MZ/AZL/84A10/2024/133 | State: Mizoram | District: Aizawl | Location: N Lungleng | Latitude: 23.65777778 | Longitude: 92.67444444 | Material: Earth | Movement: Slide | History: 28 May 2024,579,landslide_report.pdf,Mizoram,GSI-REVIEW-002126,"{""geodesic"":false,""type"":""Point"",""coordinates"":[92.67454080524908,23.65774601834673]}"
0000000000000000022c_0,28-05-2024,28-05-2024,Aizawl,Aizawl,533.39276,GSI-0463557F6B73,0.9,landslide,Zemabawk to Tuirial Airfield,possible_duplicate,false,false,30.31707,Slide number: MZ/AZL/84A14/2024/136 | State: Mizoram | District: Aizawl | Location: Zemabawk to Tuirial Airfield | Latitude: 23.73555556 | Longitude: 92.78833333 | Material: Rock | Movement: Slide | History: 28 May 2024,580,landslide_report.pdf,Mizoram,GSI-REVIEW-002129,"{""geodesic"":false,""type"":""Point"",""coordinates"":[92.78826752021861,23.735629953479894]}"
00000000000000000231_0,28-05-2024,28-05-2024,Aizawl,Aizawl,343.54868,GSI-3FA39FF23412,0.9,landslide,Tuirial Airfield,possible_duplicate,false,false,26.338531,Slide number: MZ/AZL/84A14/2024/142 | State: Mizoram | District: Aizawl | Location: Tuirial Airfield | Latitude: 23.73638889 | Longitude: 92.79805556 | Material: Earth | Movement: Slide | History: 28 May 2024,580,landslide_report.pdf,Mizoram,GSI-REVIEW-002134,"{""geodesic"":false,""type"":""Point"",""coordinates"":[92.7979693252871,23.736438437235602]}"
00000000000000000232_0,28-05-2024,28-05-2024,Aizawl,Aizawl,351.32535,GSI-AAA3E3E30984,0.9,landslide,Tuirial Airfield,possible_duplicate,false,false,32.537865,Slide number: MZ/AZL/84A14/2024/143 | State: Mizoram | District: Aizawl | Location: Tuirial Airfield | Latitude: 23.73583333 | Longitude: 92.79888889 | Material: Earth | Movement: Slide | History: 28 May 2024,580,landslide_report.pdf,Mizoram,GSI-REVIEW-002135,"{""geodesic"":false,""type"":""Point"",""coordinates"":[92.79877780904282,23.73589944806513]}"
00000000000000000233_0,28-05-2024,28-05-2024,Aizawl,Aizawl,371.4881,GSI-09E4D26278A8,0.9,landslide,Tuirial Airfield,possible_duplicate,false,false,28.949884,Slide number: MZ/AZL/84A14/2024/144 | State: Mizoram | District: Aizawl | Location: Tuirial Airfield | Latitude: 23.73638889 | Longitude: 92.8 | Material: Earth | Movement: Slide | History: 28 May 2024,580,landslide_report.pdf,Mizoram,GSI-REVIEW-002136,"{""geodesic"":false,""type"":""Point"",""coordinates"":[92.80012528196899,23.736438437235602]}"
00000000000000000235_0,28-05-2024,28-05-2024,Aizawl,Aizawl,200.90273,GSI-086F873B9333,0.9,landslide,Tuirial,possible_duplicate,false,false,21.772167,Slide number: MZ/AZL/84A14/2024/146 | State: Mizoram | District: Aizawl | Location: Tuirial | Latitude: 23.71972222 | Longitude: 92.79777778 | Material: Earth | Movement: Slide | History: 28 May 2024,580,landslide_report.pdf,Mizoram,GSI-REVIEW-002138,"{""geodesic"":false,""type"":""Point"",""coordinates"":[92.79769983070187,23.71972977295098]}"
00000000000000000236_0,28-05-2024,28-05-2024,Aizawl,Aizawl,182.20575,GSI-4E27CCDB586E,0.9,landslide,Tuirial,possible_duplicate,false,false,30.309216,Slide number: MZ/AZL/84A14/2024/0147 | State: Mizoram | District: Aizawl | Location: Tuirial | Latitude: 23.72222222 | Longitude: 92.80138889 | Material: Rock | Movement: Slide | History: 28 May 2024,580,landslide_report.pdf,Mizoram,GSI-REVIEW-002139,"{""geodesic"":false,""type"":""Point"",""coordinates"":[92.80147275489517,23.722155224218103]}"
0000000000000000023b_0,28-05-2024,28-05-2024,Aizawl,Aizawl,548.57623,GSI-EF0E8F4F374B,0.9,landslide,Mualmam,,false,false,41.662186,Slide number: MZ/AZL/84A13/2024/152 | State: Mizoram | District: Aizawl | Location: Mualmam | Latitude: 23.80750556 | Longitude: 92.83417222 | Material: Earth | Movement: Slide | History: 28 May 2024,580,landslide_report.pdf,Mizoram,GSI-REVIEW-002144,"{""geodesic"":false,""type"":""Point"",""coordinates"":[92.83408159970871,23.807585007737867]}"
000000000000000001db_0,28-05-2024,28-05-2024,Aizawl,Aizawl,1077.2258,GSI-49D2176E7E38,0.9,rockfall,"Chanmari-Chanmari west, Aizawl",,false,false,51.992176,"Slide number: MZ/AZL/84A10/2024/035 | State: Mizoram | District: Aizawl | Location: Chanmari-Chanmari west, Aizawl | Latitude: 23.73944444 | Longitude: 92.71472222 | Material: Rock | Movement: Fall | History: 28 May 2024",577,landslide_report.pdf,Mizoram,GSI-REVIEW-002048,"{""geodesic"":false,""type"":""Point"",""coordinates"":[92.71469549844923,23.739402877673196]}"
